volunteer_id,data_type,filename,frame_index,time,check_level,check_name,status,reason
002,face_rgb,002_face_rgb.mp4,,,video,check_container,PASS,"container ok (.mp4, 3 channels, codec=h264)"
002,face_rgb,002_face_rgb.mp4,,,video,check_fps,PASS,fps=30.00 >= 5
002,face_rgb,002_face_rgb.mp4,,,video,check_duration,PASS,duration=47.8 >= 40
002,face_rgb,002_face_rgb.mp4,,,video,check_resolution,PASS,resolution=1920x1080 >= 180x180
002,face_rgb,002_face_rgb.mp4,0,0.000,frame,check_face_detected,PASS,frame=0 face detected
002,face_rgb,002_face_rgb.mp4,0,0.000,frame,check_head_fully,PASS,frame=0 Head is fully visible
002,face_rgb,002_face_rgb.mp4,0,0.000,frame,check_face_size,PASS,frame=0 face=564x709 >= 180x180
002,face_rgb,002_face_rgb.mp4,0,0.000,frame,check_eyes_open,PASS,"frame=0 eyes open (blinkL=0.18, blinkR=0.17 < 0.5)"
002,face_rgb,002_face_rgb.mp4,0,0.000,frame,check_face_blur,PASS,frame=0 blur variance=267.0 >= 90
002,face_rgb,002_face_rgb.mp4,0,0.000,frame,check_brightness,PASS,frame=0 brightness normal; 35 <= 152 <= 200
002,face_rgb,002_face_rgb.mp4,6,0.200,frame,check_face_detected,PASS,frame=6 face detected
002,face_rgb,002_face_rgb.mp4,6,0.200,frame,check_head_fully,PASS,frame=6 Head is fully visible
002,face_rgb,002_face_rgb.mp4,6,0.200,frame,check_face_size,PASS,frame=6 face=561x710 >= 180x180
002,face_rgb,002_face_rgb.mp4,6,0.200,frame,check_eyes_open,PASS,"frame=6 eyes open (blinkL=0.18, blinkR=0.18 < 0.5)"
002,face_rgb,002_face_rgb.mp4,6,0.200,frame,check_face_blur,PASS,frame=6 blur variance=225.2 >= 90
002,face_rgb,002_face_rgb.mp4,6,0.200,frame,check_brightness,PASS,frame=6 brightness normal; 35 <= 153 <= 200
002,face_rgb,002_face_rgb.mp4,12,0.400,frame,check_face_detected,PASS,frame=12 face detected
002,face_rgb,002_face_rgb.mp4,12,0.400,frame,check_head_fully,PASS,frame=12 Head is fully visible
002,face_rgb,002_face_rgb.mp4,12,0.400,frame,check_face_size,PASS,frame=12 face=560x705 >= 180x180
002,face_rgb,002_face_rgb.mp4,12,0.400,frame,check_eyes_open,PASS,"frame=12 eyes open (blinkL=0.17, blinkR=0.18 < 0.5)"
002,face_rgb,002_face_rgb.mp4,12,0.400,frame,check_face_blur,PASS,frame=12 blur variance=253.1 >= 90
002,face_rgb,002_face_rgb.mp4,12,0.400,frame,check_brightness,PASS,frame=12 brightness normal; 35 <= 153 <= 200
002,face_rgb,002_face_rgb.mp4,18,0.600,frame,check_face_detected,PASS,frame=18 face detected
002,face_rgb,002_face_rgb.mp4,18,0.600,frame,check_head_fully,PASS,frame=18 Head is fully visible
002,face_rgb,002_face_rgb.mp4,18,0.600,frame,check_face_size,PASS,frame=18 face=558x702 >= 180x180
002,face_rgb,002_face_rgb.mp4,18,0.600,frame,check_eyes_open,PASS,"frame=18 eyes open (blinkL=0.15, blinkR=0.15 < 0.5)"
002,face_rgb,002_face_rgb.mp4,18,0.600,frame,check_face_blur,PASS,frame=18 blur variance=243.7 >= 90
002,face_rgb,002_face_rgb.mp4,18,0.600,frame,check_brightness,PASS,frame=18 brightness normal; 35 <= 153 <= 200
002,face_rgb,002_face_rgb.mp4,24,0.800,frame,check_face_detected,PASS,frame=24 face detected
002,face_rgb,002_face_rgb.mp4,24,0.800,frame,check_head_fully,PASS,frame=24 Head is fully visible
002,face_rgb,002_face_rgb.mp4,24,0.800,frame,check_face_size,PASS,frame=24 face=558x693 >= 180x180
002,face_rgb,002_face_rgb.mp4,24,0.800,frame,check_eyes_open,PASS,"frame=24 eyes open (blinkL=0.18, blinkR=0.18 < 0.5)"
002,face_rgb,002_face_rgb.mp4,24,0.800,frame,check_face_blur,PASS,frame=24 blur variance=279.8 >= 90
002,face_rgb,002_face_rgb.mp4,24,0.800,frame,check_brightness,PASS,frame=24 brightness normal; 35 <= 155 <= 200
002,face_rgb,002_face_rgb.mp4,30,1.000,frame,check_face_detected,PASS,frame=30 face detected
002,face_rgb,002_face_rgb.mp4,30,1.000,frame,check_head_fully,PASS,frame=30 Head is fully visible
002,face_rgb,002_face_rgb.mp4,30,1.000,frame,check_face_size,PASS,frame=30 face=555x667 >= 180x180
002,face_rgb,002_face_rgb.mp4,30,1.000,frame,check_eyes_open,FAIL,"frame=30 eye(s) closed (blinkL=0.60, blinkR=0.54 >= 0.5)"
002,face_rgb,002_face_rgb.mp4,30,1.000,frame,check_face_blur,PASS,frame=30 blur variance=228.4 >= 90
002,face_rgb,002_face_rgb.mp4,30,1.000,frame,check_brightness,PASS,frame=30 brightness normal; 35 <= 155 <= 200
002,face_rgb,002_face_rgb.mp4,36,1.200,frame,check_face_detected,PASS,frame=36 face detected
002,face_rgb,002_face_rgb.mp4,36,1.200,frame,check_head_fully,PASS,frame=36 Head is fully visible
002,face_rgb,002_face_rgb.mp4,36,1.200,frame,check_face_size,PASS,frame=36 face=555x652 >= 180x180
002,face_rgb,002_face_rgb.mp4,36,1.200,frame,check_eyes_open,FAIL,"frame=36 eye(s) closed (blinkL=0.65, blinkR=0.59 >= 0.5)"
002,face_rgb,002_face_rgb.mp4,36,1.200,frame,check_face_blur,PASS,frame=36 blur variance=251.7 >= 90
002,face_rgb,002_face_rgb.mp4,36,1.200,frame,check_brightness,PASS,frame=36 brightness normal; 35 <= 155 <= 200
002,face_rgb,002_face_rgb.mp4,42,1.400,frame,check_face_detected,PASS,frame=42 face detected
002,face_rgb,002_face_rgb.mp4,42,1.400,frame,check_head_fully,PASS,frame=42 Head is fully visible
002,face_rgb,002_face_rgb.mp4,42,1.400,frame,check_face_size,PASS,frame=42 face=555x650 >= 180x180
002,face_rgb,002_face_rgb.mp4,42,1.400,frame,check_eyes_open,FAIL,"frame=42 eye(s) closed (blinkL=0.65, blinkR=0.53 >= 0.5)"
002,face_rgb,002_face_rgb.mp4,42,1.400,frame,check_face_blur,PASS,frame=42 blur variance=217.5 >= 90
002,face_rgb,002_face_rgb.mp4,42,1.400,frame,check_brightness,PASS,frame=42 brightness normal; 35 <= 156 <= 200
002,face_rgb,002_face_rgb.mp4,48,1.600,frame,check_face_detected,PASS,frame=48 face detected
002,face_rgb,002_face_rgb.mp4,48,1.600,frame,check_head_fully,PASS,frame=48 Head is fully visible
002,face_rgb,002_face_rgb.mp4,48,1.600,frame,check_face_size,PASS,frame=48 face=554x666 >= 180x180
002,face_rgb,002_face_rgb.mp4,48,1.600,frame,check_eyes_open,FAIL,"frame=48 eye(s) closed (blinkL=0.71, blinkR=0.59 >= 0.5)"
002,face_rgb,002_face_rgb.mp4,48,1.600,frame,check_face_blur,PASS,frame=48 blur variance=240.1 >= 90
002,face_rgb,002_face_rgb.mp4,48,1.600,frame,check_brightness,PASS,frame=48 brightness normal; 35 <= 158 <= 200
002,face_rgb,002_face_rgb.mp4,54,1.800,frame,check_face_detected,PASS,frame=54 face detected
002,face_rgb,002_face_rgb.mp4,54,1.800,frame,check_head_fully,PASS,frame=54 Head is fully visible
002,face_rgb,002_face_rgb.mp4,54,1.800,frame,check_face_size,PASS,frame=54 face=549x681 >= 180x180
002,face_rgb,002_face_rgb.mp4,54,1.800,frame,check_eyes_open,PASS,"frame=54 eyes open (blinkL=0.12, blinkR=0.14 < 0.5)"
002,face_rgb,002_face_rgb.mp4,54,1.800,frame,check_face_blur,PASS,frame=54 blur variance=240.2 >= 90
002,face_rgb,002_face_rgb.mp4,54,1.800,frame,check_brightness,PASS,frame=54 brightness normal; 35 <= 159 <= 200
002,face_rgb,002_face_rgb.mp4,60,2.000,frame,check_face_detected,PASS,frame=60 face detected
002,face_rgb,002_face_rgb.mp4,60,2.000,frame,check_head_fully,PASS,frame=60 Head is fully visible
002,face_rgb,002_face_rgb.mp4,60,2.000,frame,check_face_size,PASS,frame=60 face=553x685 >= 180x180
002,face_rgb,002_face_rgb.mp4,60,2.000,frame,check_eyes_open,PASS,"frame=60 eyes open (blinkL=0.11, blinkR=0.12 < 0.5)"
002,face_rgb,002_face_rgb.mp4,60,2.000,frame,check_face_blur,PASS,frame=60 blur variance=253.1 >= 90
002,face_rgb,002_face_rgb.mp4,60,2.000,frame,check_brightness,PASS,frame=60 brightness normal; 35 <= 159 <= 200
002,face_rgb,002_face_rgb.mp4,66,2.200,frame,check_face_detected,PASS,frame=66 face detected
002,face_rgb,002_face_rgb.mp4,66,2.200,frame,check_head_fully,PASS,frame=66 Head is fully visible
002,face_rgb,002_face_rgb.mp4,66,2.200,frame,check_face_size,PASS,frame=66 face=552x690 >= 180x180
002,face_rgb,002_face_rgb.mp4,66,2.200,frame,check_eyes_open,PASS,"frame=66 eyes open (blinkL=0.12, blinkR=0.15 < 0.5)"
002,face_rgb,002_face_rgb.mp4,66,2.200,frame,check_face_blur,PASS,frame=66 blur variance=280.6 >= 90
002,face_rgb,002_face_rgb.mp4,66,2.200,frame,check_brightness,PASS,frame=66 brightness normal; 35 <= 159 <= 200
002,face_rgb,002_face_rgb.mp4,72,2.400,frame,check_face_detected,PASS,frame=72 face detected
002,face_rgb,002_face_rgb.mp4,72,2.400,frame,check_head_fully,PASS,frame=72 Head is fully visible
002,face_rgb,002_face_rgb.mp4,72,2.400,frame,check_face_size,PASS,frame=72 face=554x690 >= 180x180
002,face_rgb,002_face_rgb.mp4,72,2.400,frame,check_eyes_open,PASS,"frame=72 eyes open (blinkL=0.12, blinkR=0.13 < 0.5)"
002,face_rgb,002_face_rgb.mp4,72,2.400,frame,check_face_blur,PASS,frame=72 blur variance=254.9 >= 90
002,face_rgb,002_face_rgb.mp4,72,2.400,frame,check_brightness,PASS,frame=72 brightness normal; 35 <= 158 <= 200
002,face_rgb,002_face_rgb.mp4,78,2.600,frame,check_face_detected,PASS,frame=78 face detected
002,face_rgb,002_face_rgb.mp4,78,2.600,frame,check_head_fully,PASS,frame=78 Head is fully visible
002,face_rgb,002_face_rgb.mp4,78,2.600,frame,check_face_size,PASS,frame=78 face=555x693 >= 180x180
002,face_rgb,002_face_rgb.mp4,78,2.600,frame,check_eyes_open,PASS,"frame=78 eyes open (blinkL=0.14, blinkR=0.16 < 0.5)"
002,face_rgb,002_face_rgb.mp4,78,2.600,frame,check_face_blur,PASS,frame=78 blur variance=271.0 >= 90
002,face_rgb,002_face_rgb.mp4,78,2.600,frame,check_brightness,PASS,frame=78 brightness normal; 35 <= 158 <= 200
002,face_rgb,002_face_rgb.mp4,84,2.800,frame,check_face_detected,PASS,frame=84 face detected
002,face_rgb,002_face_rgb.mp4,84,2.800,frame,check_head_fully,PASS,frame=84 Head is fully visible
002,face_rgb,002_face_rgb.mp4,84,2.800,frame,check_face_size,PASS,frame=84 face=560x697 >= 180x180
002,face_rgb,002_face_rgb.mp4,84,2.800,frame,check_eyes_open,PASS,"frame=84 eyes open (blinkL=0.15, blinkR=0.16 < 0.5)"
002,face_rgb,002_face_rgb.mp4,84,2.800,frame,check_face_blur,PASS,frame=84 blur variance=242.3 >= 90
002,face_rgb,002_face_rgb.mp4,84,2.800,frame,check_brightness,PASS,frame=84 brightness normal; 35 <= 158 <= 200
002,face_rgb,002_face_rgb.mp4,90,3.000,frame,check_face_detected,PASS,frame=90 face detected
002,face_rgb,002_face_rgb.mp4,90,3.000,frame,check_head_fully,PASS,frame=90 Head is fully visible
002,face_rgb,002_face_rgb.mp4,90,3.000,frame,check_face_size,PASS,frame=90 face=564x702 >= 180x180
002,face_rgb,002_face_rgb.mp4,90,3.000,frame,check_eyes_open,PASS,"frame=90 eyes open (blinkL=0.15, blinkR=0.15 < 0.5)"
002,face_rgb,002_face_rgb.mp4,90,3.000,frame,check_face_blur,PASS,frame=90 blur variance=245.5 >= 90
002,face_rgb,002_face_rgb.mp4,90,3.000,frame,check_brightness,PASS,frame=90 brightness normal; 35 <= 157 <= 200
002,face_rgb,002_face_rgb.mp4,96,3.200,frame,check_face_detected,PASS,frame=96 face detected
002,face_rgb,002_face_rgb.mp4,96,3.200,frame,check_head_fully,PASS,frame=96 Head is fully visible
002,face_rgb,002_face_rgb.mp4,96,3.200,frame,check_face_size,PASS,frame=96 face=564x700 >= 180x180
002,face_rgb,002_face_rgb.mp4,96,3.200,frame,check_eyes_open,PASS,"frame=96 eyes open (blinkL=0.15, blinkR=0.16 < 0.5)"
002,face_rgb,002_face_rgb.mp4,96,3.200,frame,check_face_blur,PASS,frame=96 blur variance=212.3 >= 90
002,face_rgb,002_face_rgb.mp4,96,3.200,frame,check_brightness,PASS,frame=96 brightness normal; 35 <= 158 <= 200
002,face_rgb,002_face_rgb.mp4,102,3.400,frame,check_face_detected,PASS,frame=102 face detected
002,face_rgb,002_face_rgb.mp4,102,3.400,frame,check_head_fully,PASS,frame=102 Head is fully visible
002,face_rgb,002_face_rgb.mp4,102,3.400,frame,check_face_size,PASS,frame=102 face=568x702 >= 180x180
002,face_rgb,002_face_rgb.mp4,102,3.400,frame,check_eyes_open,PASS,"frame=102 eyes open (blinkL=0.13, blinkR=0.14 < 0.5)"
002,face_rgb,002_face_rgb.mp4,102,3.400,frame,check_face_blur,PASS,frame=102 blur variance=238.6 >= 90
002,face_rgb,002_face_rgb.mp4,102,3.400,frame,check_brightness,PASS,frame=102 brightness normal; 35 <= 157 <= 200
002,face_rgb,002_face_rgb.mp4,108,3.600,frame,check_face_detected,PASS,frame=108 face detected
002,face_rgb,002_face_rgb.mp4,108,3.600,frame,check_head_fully,PASS,frame=108 Head is fully visible
002,face_rgb,002_face_rgb.mp4,108,3.600,frame,check_face_size,PASS,frame=108 face=565x687 >= 180x180
002,face_rgb,002_face_rgb.mp4,108,3.600,frame,check_eyes_open,FAIL,"frame=108 eye(s) closed (blinkL=0.64, blinkR=0.55 >= 0.5)"
002,face_rgb,002_face_rgb.mp4,108,3.600,frame,check_face_blur,PASS,frame=108 blur variance=209.8 >= 90
002,face_rgb,002_face_rgb.mp4,108,3.600,frame,check_brightness,PASS,frame=108 brightness normal; 35 <= 158 <= 200
002,face_rgb,002_face_rgb.mp4,114,3.800,frame,check_face_detected,PASS,frame=114 face detected
002,face_rgb,002_face_rgb.mp4,114,3.800,frame,check_head_fully,PASS,frame=114 Head is fully visible
002,face_rgb,002_face_rgb.mp4,114,3.800,frame,check_face_size,PASS,frame=114 face=566x697 >= 180x180
002,face_rgb,002_face_rgb.mp4,114,3.800,frame,check_eyes_open,PASS,"frame=114 eyes open (blinkL=0.17, blinkR=0.21 < 0.5)"
002,face_rgb,002_face_rgb.mp4,114,3.800,frame,check_face_blur,PASS,frame=114 blur variance=214.2 >= 90
002,face_rgb,002_face_rgb.mp4,114,3.800,frame,check_brightness,PASS,frame=114 brightness normal; 35 <= 157 <= 200
002,face_rgb,002_face_rgb.mp4,120,4.000,frame,check_face_detected,PASS,frame=120 face detected
002,face_rgb,002_face_rgb.mp4,120,4.000,frame,check_head_fully,PASS,frame=120 Head is fully visible
002,face_rgb,002_face_rgb.mp4,120,4.000,frame,check_face_size,PASS,frame=120 face=568x697 >= 180x180
002,face_rgb,002_face_rgb.mp4,120,4.000,frame,check_eyes_open,PASS,"frame=120 eyes open (blinkL=0.15, blinkR=0.16 < 0.5)"
002,face_rgb,002_face_rgb.mp4,120,4.000,frame,check_face_blur,PASS,frame=120 blur variance=222.2 >= 90
002,face_rgb,002_face_rgb.mp4,120,4.000,frame,check_brightness,PASS,frame=120 brightness normal; 35 <= 157 <= 200
002,face_rgb,002_face_rgb.mp4,126,4.200,frame,check_face_detected,PASS,frame=126 face detected
002,face_rgb,002_face_rgb.mp4,126,4.200,frame,check_head_fully,PASS,frame=126 Head is fully visible
002,face_rgb,002_face_rgb.mp4,126,4.200,frame,check_face_size,PASS,frame=126 face=567x696 >= 180x180
002,face_rgb,002_face_rgb.mp4,126,4.200,frame,check_eyes_open,PASS,"frame=126 eyes open (blinkL=0.15, blinkR=0.16 < 0.5)"
002,face_rgb,002_face_rgb.mp4,126,4.200,frame,check_face_blur,PASS,frame=126 blur variance=227.6 >= 90
002,face_rgb,002_face_rgb.mp4,126,4.200,frame,check_brightness,PASS,frame=126 brightness normal; 35 <= 157 <= 200
002,face_rgb,002_face_rgb.mp4,132,4.400,frame,check_face_detected,PASS,frame=132 face detected
002,face_rgb,002_face_rgb.mp4,132,4.400,frame,check_head_fully,PASS,frame=132 Head is fully visible
002,face_rgb,002_face_rgb.mp4,132,4.400,frame,check_face_size,PASS,frame=132 face=567x684 >= 180x180
002,face_rgb,002_face_rgb.mp4,132,4.400,frame,check_eyes_open,PASS,"frame=132 eyes open (blinkL=0.35, blinkR=0.27 < 0.5)"
002,face_rgb,002_face_rgb.mp4,132,4.400,frame,check_face_blur,PASS,frame=132 blur variance=210.0 >= 90
002,face_rgb,002_face_rgb.mp4,132,4.400,frame,check_brightness,PASS,frame=132 brightness normal; 35 <= 157 <= 200
002,face_rgb,002_face_rgb.mp4,138,4.600,frame,check_face_detected,PASS,frame=138 face detected
002,face_rgb,002_face_rgb.mp4,138,4.600,frame,check_head_fully,PASS,frame=138 Head is fully visible
002,face_rgb,002_face_rgb.mp4,138,4.600,frame,check_face_size,PASS,frame=138 face=567x688 >= 180x180
002,face_rgb,002_face_rgb.mp4,138,4.600,frame,check_eyes_open,PASS,"frame=138 eyes open (blinkL=0.17, blinkR=0.18 < 0.5)"
002,face_rgb,002_face_rgb.mp4,138,4.600,frame,check_face_blur,PASS,frame=138 blur variance=232.1 >= 90
002,face_rgb,002_face_rgb.mp4,138,4.600,frame,check_brightness,PASS,frame=138 brightness normal; 35 <= 158 <= 200
002,face_rgb,002_face_rgb.mp4,144,4.800,frame,check_face_detected,PASS,frame=144 face detected
002,face_rgb,002_face_rgb.mp4,144,4.800,frame,check_head_fully,PASS,frame=144 Head is fully visible
002,face_rgb,002_face_rgb.mp4,144,4.800,frame,check_face_size,PASS,frame=144 face=565x699 >= 180x180
002,face_rgb,002_face_rgb.mp4,144,4.800,frame,check_eyes_open,PASS,"frame=144 eyes open (blinkL=0.14, blinkR=0.17 < 0.5)"
002,face_rgb,002_face_rgb.mp4,144,4.800,frame,check_face_blur,PASS,frame=144 blur variance=241.9 >= 90
002,face_rgb,002_face_rgb.mp4,144,4.800,frame,check_brightness,PASS,frame=144 brightness normal; 35 <= 158 <= 200
002,face_rgb,002_face_rgb.mp4,150,5.000,frame,check_face_detected,PASS,frame=150 face detected
002,face_rgb,002_face_rgb.mp4,150,5.000,frame,check_head_fully,PASS,frame=150 Head is fully visible
002,face_rgb,002_face_rgb.mp4,150,5.000,frame,check_face_size,PASS,frame=150 face=565x698 >= 180x180
002,face_rgb,002_face_rgb.mp4,150,5.000,frame,check_eyes_open,PASS,"frame=150 eyes open (blinkL=0.12, blinkR=0.13 < 0.5)"
002,face_rgb,002_face_rgb.mp4,150,5.000,frame,check_face_blur,PASS,frame=150 blur variance=224.5 >= 90
002,face_rgb,002_face_rgb.mp4,150,5.000,frame,check_brightness,PASS,frame=150 brightness normal; 35 <= 158 <= 200
002,face_rgb,002_face_rgb.mp4,156,5.200,frame,check_face_detected,PASS,frame=156 face detected
002,face_rgb,002_face_rgb.mp4,156,5.200,frame,check_head_fully,PASS,frame=156 Head is fully visible
002,face_rgb,002_face_rgb.mp4,156,5.200,frame,check_face_size,PASS,frame=156 face=560x690 >= 180x180
002,face_rgb,002_face_rgb.mp4,156,5.200,frame,check_eyes_open,PASS,"frame=156 eyes open (blinkL=0.15, blinkR=0.16 < 0.5)"
002,face_rgb,002_face_rgb.mp4,156,5.200,frame,check_face_blur,PASS,frame=156 blur variance=239.6 >= 90
002,face_rgb,002_face_rgb.mp4,156,5.200,frame,check_brightness,PASS,frame=156 brightness normal; 35 <= 158 <= 200
002,face_rgb,002_face_rgb.mp4,162,5.400,frame,check_face_detected,PASS,frame=162 face detected
002,face_rgb,002_face_rgb.mp4,162,5.400,frame,check_head_fully,PASS,frame=162 Head is fully visible
002,face_rgb,002_face_rgb.mp4,162,5.400,frame,check_face_size,PASS,frame=162 face=559x691 >= 180x180
002,face_rgb,002_face_rgb.mp4,162,5.400,frame,check_eyes_open,PASS,"frame=162 eyes open (blinkL=0.14, blinkR=0.15 < 0.5)"
002,face_rgb,002_face_rgb.mp4,162,5.400,frame,check_face_blur,PASS,frame=162 blur variance=253.1 >= 90
002,face_rgb,002_face_rgb.mp4,162,5.400,frame,check_brightness,PASS,frame=162 brightness normal; 35 <= 158 <= 200
002,face_rgb,002_face_rgb.mp4,168,5.600,frame,check_face_detected,PASS,frame=168 face detected
002,face_rgb,002_face_rgb.mp4,168,5.600,frame,check_head_fully,PASS,frame=168 Head is fully visible
002,face_rgb,002_face_rgb.mp4,168,5.600,frame,check_face_size,PASS,frame=168 face=559x693 >= 180x180
002,face_rgb,002_face_rgb.mp4,168,5.600,frame,check_eyes_open,PASS,"frame=168 eyes open (blinkL=0.15, blinkR=0.13 < 0.5)"
002,face_rgb,002_face_rgb.mp4,168,5.600,frame,check_face_blur,PASS,frame=168 blur variance=253.9 >= 90
002,face_rgb,002_face_rgb.mp4,168,5.600,frame,check_brightness,PASS,frame=168 brightness normal; 35 <= 158 <= 200
002,face_rgb,002_face_rgb.mp4,174,5.800,frame,check_face_detected,PASS,frame=174 face detected
002,face_rgb,002_face_rgb.mp4,174,5.800,frame,check_head_fully,PASS,frame=174 Head is fully visible
002,face_rgb,002_face_rgb.mp4,174,5.800,frame,check_face_size,PASS,frame=174 face=561x696 >= 180x180
002,face_rgb,002_face_rgb.mp4,174,5.800,frame,check_eyes_open,PASS,"frame=174 eyes open (blinkL=0.15, blinkR=0.13 < 0.5)"
002,face_rgb,002_face_rgb.mp4,174,5.800,frame,check_face_blur,PASS,frame=174 blur variance=247.3 >= 90
002,face_rgb,002_face_rgb.mp4,174,5.800,frame,check_brightness,PASS,frame=174 brightness normal; 35 <= 158 <= 200
002,face_rgb,002_face_rgb.mp4,180,6.000,frame,check_face_detected,PASS,frame=180 face detected
002,face_rgb,002_face_rgb.mp4,180,6.000,frame,check_head_fully,PASS,frame=180 Head is fully visible
002,face_rgb,002_face_rgb.mp4,180,6.000,frame,check_face_size,PASS,frame=180 face=561x696 >= 180x180
002,face_rgb,002_face_rgb.mp4,180,6.000,frame,check_eyes_open,PASS,"frame=180 eyes open (blinkL=0.15, blinkR=0.13 < 0.5)"
002,face_rgb,002_face_rgb.mp4,180,6.000,frame,check_face_blur,PASS,frame=180 blur variance=256.6 >= 90
002,face_rgb,002_face_rgb.mp4,180,6.000,frame,check_brightness,PASS,frame=180 brightness normal; 35 <= 157 <= 200
002,face_rgb,002_face_rgb.mp4,186,6.200,frame,check_face_detected,PASS,frame=186 face detected
002,face_rgb,002_face_rgb.mp4,186,6.200,frame,check_head_fully,PASS,frame=186 Head is fully visible
002,face_rgb,002_face_rgb.mp4,186,6.200,frame,check_face_size,PASS,frame=186 face=560x688 >= 180x180
002,face_rgb,002_face_rgb.mp4,186,6.200,frame,check_eyes_open,PASS,"frame=186 eyes open (blinkL=0.15, blinkR=0.13 < 0.5)"
002,face_rgb,002_face_rgb.mp4,186,6.200,frame,check_face_blur,PASS,frame=186 blur variance=248.8 >= 90
002,face_rgb,002_face_rgb.mp4,186,6.200,frame,check_brightness,PASS,frame=186 brightness normal; 35 <= 158 <= 200
002,face_rgb,002_face_rgb.mp4,192,6.400,frame,check_face_detected,PASS,frame=192 face detected
002,face_rgb,002_face_rgb.mp4,192,6.400,frame,check_head_fully,PASS,frame=192 Head is fully visible
002,face_rgb,002_face_rgb.mp4,192,6.400,frame,check_face_size,PASS,frame=192 face=561x697 >= 180x180
002,face_rgb,002_face_rgb.mp4,192,6.400,frame,check_eyes_open,PASS,"frame=192 eyes open (blinkL=0.14, blinkR=0.14 < 0.5)"
002,face_rgb,002_face_rgb.mp4,192,6.400,frame,check_face_blur,PASS,frame=192 blur variance=235.6 >= 90
002,face_rgb,002_face_rgb.mp4,192,6.400,frame,check_brightness,PASS,frame=192 brightness normal; 35 <= 158 <= 200
002,face_rgb,002_face_rgb.mp4,198,6.600,frame,check_face_detected,PASS,frame=198 face detected
002,face_rgb,002_face_rgb.mp4,198,6.600,frame,check_head_fully,PASS,frame=198 Head is fully visible
002,face_rgb,002_face_rgb.mp4,198,6.600,frame,check_face_size,PASS,frame=198 face=560x696 >= 180x180
002,face_rgb,002_face_rgb.mp4,198,6.600,frame,check_eyes_open,PASS,"frame=198 eyes open (blinkL=0.13, blinkR=0.12 < 0.5)"
002,face_rgb,002_face_rgb.mp4,198,6.600,frame,check_face_blur,PASS,frame=198 blur variance=243.6 >= 90
002,face_rgb,002_face_rgb.mp4,198,6.600,frame,check_brightness,PASS,frame=198 brightness normal; 35 <= 158 <= 200
002,face_rgb,002_face_rgb.mp4,204,6.800,frame,check_face_detected,PASS,frame=204 face detected
002,face_rgb,002_face_rgb.mp4,204,6.800,frame,check_head_fully,PASS,frame=204 Head is fully visible
002,face_rgb,002_face_rgb.mp4,204,6.800,frame,check_face_size,PASS,frame=204 face=559x697 >= 180x180
002,face_rgb,002_face_rgb.mp4,204,6.800,frame,check_eyes_open,PASS,"frame=204 eyes open (blinkL=0.14, blinkR=0.14 < 0.5)"
002,face_rgb,002_face_rgb.mp4,204,6.800,frame,check_face_blur,PASS,frame=204 blur variance=251.3 >= 90
002,face_rgb,002_face_rgb.mp4,204,6.800,frame,check_brightness,PASS,frame=204 brightness normal; 35 <= 158 <= 200
002,face_rgb,002_face_rgb.mp4,210,7.000,frame,check_face_detected,PASS,frame=210 face detected
002,face_rgb,002_face_rgb.mp4,210,7.000,frame,check_head_fully,PASS,frame=210 Head is fully visible
002,face_rgb,002_face_rgb.mp4,210,7.000,frame,check_face_size,PASS,frame=210 face=558x692 >= 180x180
002,face_rgb,002_face_rgb.mp4,210,7.000,frame,check_eyes_open,PASS,"frame=210 eyes open (blinkL=0.15, blinkR=0.16 < 0.5)"
002,face_rgb,002_face_rgb.mp4,210,7.000,frame,check_face_blur,PASS,frame=210 blur variance=241.0 >= 90
002,face_rgb,002_face_rgb.mp4,210,7.000,frame,check_brightness,PASS,frame=210 brightness normal; 35 <= 157 <= 200
002,face_rgb,002_face_rgb.mp4,216,7.200,frame,check_face_detected,PASS,frame=216 face detected
002,face_rgb,002_face_rgb.mp4,216,7.200,frame,check_head_fully,PASS,frame=216 Head is fully visible
002,face_rgb,002_face_rgb.mp4,216,7.200,frame,check_face_size,PASS,frame=216 face=558x697 >= 180x180
002,face_rgb,002_face_rgb.mp4,216,7.200,frame,check_eyes_open,PASS,"frame=216 eyes open (blinkL=0.14, blinkR=0.16 < 0.5)"
002,face_rgb,002_face_rgb.mp4,216,7.200,frame,check_face_blur,PASS,frame=216 blur variance=246.0 >= 90
002,face_rgb,002_face_rgb.mp4,216,7.200,frame,check_brightness,PASS,frame=216 brightness normal; 35 <= 157 <= 200
002,face_rgb,002_face_rgb.mp4,222,7.400,frame,check_face_detected,PASS,frame=222 face detected
002,face_rgb,002_face_rgb.mp4,222,7.400,frame,check_head_fully,PASS,frame=222 Head is fully visible
002,face_rgb,002_face_rgb.mp4,222,7.400,frame,check_face_size,PASS,frame=222 face=558x700 >= 180x180
002,face_rgb,002_face_rgb.mp4,222,7.400,frame,check_eyes_open,PASS,"frame=222 eyes open (blinkL=0.14, blinkR=0.16 < 0.5)"
002,face_rgb,002_face_rgb.mp4,222,7.400,frame,check_face_blur,PASS,frame=222 blur variance=262.4 >= 90
002,face_rgb,002_face_rgb.mp4,222,7.400,frame,check_brightness,PASS,frame=222 brightness normal; 35 <= 157 <= 200
002,face_rgb,002_face_rgb.mp4,228,7.600,frame,check_face_detected,PASS,frame=228 face detected
002,face_rgb,002_face_rgb.mp4,228,7.600,frame,check_head_fully,PASS,frame=228 Head is fully visible
002,face_rgb,002_face_rgb.mp4,228,7.600,frame,check_face_size,PASS,frame=228 face=556x698 >= 180x180
002,face_rgb,002_face_rgb.mp4,228,7.600,frame,check_eyes_open,PASS,"frame=228 eyes open (blinkL=0.15, blinkR=0.16 < 0.5)"
002,face_rgb,002_face_rgb.mp4,228,7.600,frame,check_face_blur,PASS,frame=228 blur variance=262.6 >= 90
002,face_rgb,002_face_rgb.mp4,228,7.600,frame,check_brightness,PASS,frame=228 brightness normal; 35 <= 157 <= 200
002,face_rgb,002_face_rgb.mp4,234,7.800,frame,check_face_detected,PASS,frame=234 face detected
002,face_rgb,002_face_rgb.mp4,234,7.800,frame,check_head_fully,PASS,frame=234 Head is fully visible
002,face_rgb,002_face_rgb.mp4,234,7.800,frame,check_face_size,PASS,frame=234 face=559x701 >= 180x180
002,face_rgb,002_face_rgb.mp4,234,7.800,frame,check_eyes_open,PASS,"frame=234 eyes open (blinkL=0.14, blinkR=0.13 < 0.5)"
002,face_rgb,002_face_rgb.mp4,234,7.800,frame,check_face_blur,PASS,frame=234 blur variance=259.6 >= 90
002,face_rgb,002_face_rgb.mp4,234,7.800,frame,check_brightness,PASS,frame=234 brightness normal; 35 <= 157 <= 200
002,face_rgb,002_face_rgb.mp4,240,8.000,frame,check_face_detected,PASS,frame=240 face detected
002,face_rgb,002_face_rgb.mp4,240,8.000,frame,check_head_fully,PASS,frame=240 Head is fully visible
002,face_rgb,002_face_rgb.mp4,240,8.000,frame,check_face_size,PASS,frame=240 face=557x700 >= 180x180
002,face_rgb,002_face_rgb.mp4,240,8.000,frame,check_eyes_open,PASS,"frame=240 eyes open (blinkL=0.13, blinkR=0.13 < 0.5)"
002,face_rgb,002_face_rgb.mp4,240,8.000,frame,check_face_blur,PASS,frame=240 blur variance=287.3 >= 90
002,face_rgb,002_face_rgb.mp4,240,8.000,frame,check_brightness,PASS,frame=240 brightness normal; 35 <= 157 <= 200
002,face_rgb,002_face_rgb.mp4,246,8.200,frame,check_face_detected,PASS,frame=246 face detected
002,face_rgb,002_face_rgb.mp4,246,8.200,frame,check_head_fully,PASS,frame=246 Head is fully visible
002,face_rgb,002_face_rgb.mp4,246,8.200,frame,check_face_size,PASS,frame=246 face=557x700 >= 180x180
002,face_rgb,002_face_rgb.mp4,246,8.200,frame,check_eyes_open,PASS,"frame=246 eyes open (blinkL=0.14, blinkR=0.15 < 0.5)"
002,face_rgb,002_face_rgb.mp4,246,8.200,frame,check_face_blur,PASS,frame=246 blur variance=245.1 >= 90
002,face_rgb,002_face_rgb.mp4,246,8.200,frame,check_brightness,PASS,frame=246 brightness normal; 35 <= 157 <= 200
002,face_rgb,002_face_rgb.mp4,252,8.400,frame,check_face_detected,PASS,frame=252 face detected
002,face_rgb,002_face_rgb.mp4,252,8.400,frame,check_head_fully,PASS,frame=252 Head is fully visible
002,face_rgb,002_face_rgb.mp4,252,8.400,frame,check_face_size,PASS,frame=252 face=556x700 >= 180x180
002,face_rgb,002_face_rgb.mp4,252,8.400,frame,check_eyes_open,PASS,"frame=252 eyes open (blinkL=0.15, blinkR=0.16 < 0.5)"
002,face_rgb,002_face_rgb.mp4,252,8.400,frame,check_face_blur,PASS,frame=252 blur variance=261.4 >= 90
002,face_rgb,002_face_rgb.mp4,252,8.400,frame,check_brightness,PASS,frame=252 brightness normal; 35 <= 157 <= 200
002,face_rgb,002_face_rgb.mp4,258,8.600,frame,check_face_detected,PASS,frame=258 face detected
002,face_rgb,002_face_rgb.mp4,258,8.600,frame,check_head_fully,PASS,frame=258 Head is fully visible
002,face_rgb,002_face_rgb.mp4,258,8.600,frame,check_face_size,PASS,frame=258 face=557x701 >= 180x180
002,face_rgb,002_face_rgb.mp4,258,8.600,frame,check_eyes_open,PASS,"frame=258 eyes open (blinkL=0.15, blinkR=0.16 < 0.5)"
002,face_rgb,002_face_rgb.mp4,258,8.600,frame,check_face_blur,PASS,frame=258 blur variance=274.6 >= 90
002,face_rgb,002_face_rgb.mp4,258,8.600,frame,check_brightness,PASS,frame=258 brightness normal; 35 <= 157 <= 200
002,face_rgb,002_face_rgb.mp4,264,8.800,frame,check_face_detected,PASS,frame=264 face detected
002,face_rgb,002_face_rgb.mp4,264,8.800,frame,check_head_fully,PASS,frame=264 Head is fully visible
002,face_rgb,002_face_rgb.mp4,264,8.800,frame,check_face_size,PASS,frame=264 face=556x692 >= 180x180
002,face_rgb,002_face_rgb.mp4,264,8.800,frame,check_eyes_open,FAIL,"frame=264 eye(s) closed (blinkL=0.57, blinkR=0.51 >= 0.5)"
002,face_rgb,002_face_rgb.mp4,264,8.800,frame,check_face_blur,PASS,frame=264 blur variance=235.6 >= 90
002,face_rgb,002_face_rgb.mp4,264,8.800,frame,check_brightness,PASS,frame=264 brightness normal; 35 <= 158 <= 200
002,face_rgb,002_face_rgb.mp4,270,9.000,frame,check_face_detected,PASS,frame=270 face detected
002,face_rgb,002_face_rgb.mp4,270,9.000,frame,check_head_fully,PASS,frame=270 Head is fully visible
002,face_rgb,002_face_rgb.mp4,270,9.000,frame,check_face_size,PASS,frame=270 face=558x701 >= 180x180
002,face_rgb,002_face_rgb.mp4,270,9.000,frame,check_eyes_open,PASS,"frame=270 eyes open (blinkL=0.18, blinkR=0.19 < 0.5)"
002,face_rgb,002_face_rgb.mp4,270,9.000,frame,check_face_blur,PASS,frame=270 blur variance=259.2 >= 90
002,face_rgb,002_face_rgb.mp4,270,9.000,frame,check_brightness,PASS,frame=270 brightness normal; 35 <= 157 <= 200
002,face_rgb,002_face_rgb.mp4,276,9.200,frame,check_face_detected,PASS,frame=276 face detected
002,face_rgb,002_face_rgb.mp4,276,9.200,frame,check_head_fully,PASS,frame=276 Head is fully visible
002,face_rgb,002_face_rgb.mp4,276,9.200,frame,check_face_size,PASS,frame=276 face=558x699 >= 180x180
002,face_rgb,002_face_rgb.mp4,276,9.200,frame,check_eyes_open,PASS,"frame=276 eyes open (blinkL=0.15, blinkR=0.16 < 0.5)"
002,face_rgb,002_face_rgb.mp4,276,9.200,frame,check_face_blur,PASS,frame=276 blur variance=258.8 >= 90
002,face_rgb,002_face_rgb.mp4,276,9.200,frame,check_brightness,PASS,frame=276 brightness normal; 35 <= 157 <= 200
002,face_rgb,002_face_rgb.mp4,282,9.400,frame,check_face_detected,PASS,frame=282 face detected
002,face_rgb,002_face_rgb.mp4,282,9.400,frame,check_head_fully,PASS,frame=282 Head is fully visible
002,face_rgb,002_face_rgb.mp4,282,9.400,frame,check_face_size,PASS,frame=282 face=556x702 >= 180x180
002,face_rgb,002_face_rgb.mp4,282,9.400,frame,check_eyes_open,PASS,"frame=282 eyes open (blinkL=0.17, blinkR=0.19 < 0.5)"
002,face_rgb,002_face_rgb.mp4,282,9.400,frame,check_face_blur,PASS,frame=282 blur variance=269.3 >= 90
002,face_rgb,002_face_rgb.mp4,282,9.400,frame,check_brightness,PASS,frame=282 brightness normal; 35 <= 156 <= 200
002,face_rgb,002_face_rgb.mp4,288,9.600,frame,check_face_detected,PASS,frame=288 face detected
002,face_rgb,002_face_rgb.mp4,288,9.600,frame,check_head_fully,PASS,frame=288 Head is fully visible
002,face_rgb,002_face_rgb.mp4,288,9.600,frame,check_face_size,PASS,frame=288 face=559x699 >= 180x180
002,face_rgb,002_face_rgb.mp4,288,9.600,frame,check_eyes_open,PASS,"frame=288 eyes open (blinkL=0.16, blinkR=0.17 < 0.5)"
002,face_rgb,002_face_rgb.mp4,288,9.600,frame,check_face_blur,PASS,frame=288 blur variance=259.7 >= 90
002,face_rgb,002_face_rgb.mp4,288,9.600,frame,check_brightness,PASS,frame=288 brightness normal; 35 <= 157 <= 200
002,face_rgb,002_face_rgb.mp4,294,9.800,frame,check_face_detected,PASS,frame=294 face detected
002,face_rgb,002_face_rgb.mp4,294,9.800,frame,check_head_fully,PASS,frame=294 Head is fully visible
002,face_rgb,002_face_rgb.mp4,294,9.800,frame,check_face_size,PASS,frame=294 face=559x697 >= 180x180
002,face_rgb,002_face_rgb.mp4,294,9.800,frame,check_eyes_open,PASS,"frame=294 eyes open (blinkL=0.17, blinkR=0.17 < 0.5)"
002,face_rgb,002_face_rgb.mp4,294,9.800,frame,check_face_blur,PASS,frame=294 blur variance=270.5 >= 90
002,face_rgb,002_face_rgb.mp4,294,9.800,frame,check_brightness,PASS,frame=294 brightness normal; 35 <= 157 <= 200
002,face_rgb,002_face_rgb.mp4,300,10.000,frame,check_face_detected,PASS,frame=300 face detected
002,face_rgb,002_face_rgb.mp4,300,10.000,frame,check_head_fully,PASS,frame=300 Head is fully visible
002,face_rgb,002_face_rgb.mp4,300,10.000,frame,check_face_size,PASS,frame=300 face=557x687 >= 180x180
002,face_rgb,002_face_rgb.mp4,300,10.000,frame,check_eyes_open,FAIL,"frame=300 eye(s) closed (blinkL=0.61, blinkR=0.65 >= 0.5)"
002,face_rgb,002_face_rgb.mp4,300,10.000,frame,check_face_blur,PASS,frame=300 blur variance=234.8 >= 90
002,face_rgb,002_face_rgb.mp4,300,10.000,frame,check_brightness,PASS,frame=300 brightness normal; 35 <= 157 <= 200
002,face_rgb,002_face_rgb.mp4,306,10.200,frame,check_face_detected,PASS,frame=306 face detected
002,face_rgb,002_face_rgb.mp4,306,10.200,frame,check_head_fully,PASS,frame=306 Head is fully visible
002,face_rgb,002_face_rgb.mp4,306,10.200,frame,check_face_size,SKIP,frame=306 non-frontal (label=mid); not judged
002,face_rgb,002_face_rgb.mp4,306,10.200,frame,check_eyes_open,SKIP,frame=306 non-frontal (label=mid); not judged
002,face_rgb,002_face_rgb.mp4,306,10.200,frame,check_face_blur,SKIP,frame=306 non-frontal (label=mid); not judged
002,face_rgb,002_face_rgb.mp4,306,10.200,frame,check_brightness,SKIP,frame=306 non-frontal (label=mid); not judged
002,face_rgb,002_face_rgb.mp4,312,10.400,frame,check_face_detected,PASS,frame=312 face detected
002,face_rgb,002_face_rgb.mp4,312,10.400,frame,check_head_fully,PASS,frame=312 Head is fully visible
002,face_rgb,002_face_rgb.mp4,312,10.400,frame,check_face_size,SKIP,frame=312 non-frontal (label=left); not judged
002,face_rgb,002_face_rgb.mp4,312,10.400,frame,check_eyes_open,SKIP,frame=312 non-frontal (label=left); not judged
002,face_rgb,002_face_rgb.mp4,312,10.400,frame,check_face_blur,SKIP,frame=312 non-frontal (label=left); not judged
002,face_rgb,002_face_rgb.mp4,312,10.400,frame,check_brightness,SKIP,frame=312 non-frontal (label=left); not judged
002,face_rgb,002_face_rgb.mp4,318,10.600,frame,check_face_detected,PASS,frame=318 face detected
002,face_rgb,002_face_rgb.mp4,318,10.600,frame,check_head_fully,PASS,frame=318 Head is fully visible
002,face_rgb,002_face_rgb.mp4,318,10.600,frame,check_face_size,SKIP,frame=318 non-frontal (label=left); not judged
002,face_rgb,002_face_rgb.mp4,318,10.600,frame,check_eyes_open,SKIP,frame=318 non-frontal (label=left); not judged
002,face_rgb,002_face_rgb.mp4,318,10.600,frame,check_face_blur,SKIP,frame=318 non-frontal (label=left); not judged
002,face_rgb,002_face_rgb.mp4,318,10.600,frame,check_brightness,SKIP,frame=318 non-frontal (label=left); not judged
002,face_rgb,002_face_rgb.mp4,324,10.800,frame,check_face_detected,PASS,frame=324 face detected
002,face_rgb,002_face_rgb.mp4,324,10.800,frame,check_head_fully,PASS,frame=324 Head is fully visible
002,face_rgb,002_face_rgb.mp4,324,10.800,frame,check_face_size,SKIP,frame=324 non-frontal (label=left); not judged
002,face_rgb,002_face_rgb.mp4,324,10.800,frame,check_eyes_open,SKIP,frame=324 non-frontal (label=left); not judged
002,face_rgb,002_face_rgb.mp4,324,10.800,frame,check_face_blur,SKIP,frame=324 non-frontal (label=left); not judged
002,face_rgb,002_face_rgb.mp4,324,10.800,frame,check_brightness,SKIP,frame=324 non-frontal (label=left); not judged
002,face_rgb,002_face_rgb.mp4,330,11.000,frame,check_face_detected,SKIP,frame=330 No faces detected; expected gap (peak of left turn)
002,face_rgb,002_face_rgb.mp4,336,11.200,frame,check_face_detected,PASS,frame=336 face detected
002,face_rgb,002_face_rgb.mp4,336,11.200,frame,check_head_fully,PASS,frame=336 Head is fully visible
002,face_rgb,002_face_rgb.mp4,336,11.200,frame,check_face_size,SKIP,frame=336 non-frontal (label=left); not judged
002,face_rgb,002_face_rgb.mp4,336,11.200,frame,check_eyes_open,SKIP,frame=336 non-frontal (label=left); not judged
002,face_rgb,002_face_rgb.mp4,336,11.200,frame,check_face_blur,SKIP,frame=336 non-frontal (label=left); not judged
002,face_rgb,002_face_rgb.mp4,336,11.200,frame,check_brightness,SKIP,frame=336 non-frontal (label=left); not judged
002,face_rgb,002_face_rgb.mp4,342,11.400,frame,check_face_detected,SKIP,frame=342 No faces detected; expected gap (peak of left turn)
002,face_rgb,002_face_rgb.mp4,348,11.600,frame,check_face_detected,PASS,frame=348 face detected
002,face_rgb,002_face_rgb.mp4,348,11.600,frame,check_head_fully,PASS,frame=348 Head is fully visible
002,face_rgb,002_face_rgb.mp4,348,11.600,frame,check_face_size,SKIP,frame=348 non-frontal (label=left); not judged
002,face_rgb,002_face_rgb.mp4,348,11.600,frame,check_eyes_open,SKIP,frame=348 non-frontal (label=left); not judged
002,face_rgb,002_face_rgb.mp4,348,11.600,frame,check_face_blur,SKIP,frame=348 non-frontal (label=left); not judged
002,face_rgb,002_face_rgb.mp4,348,11.600,frame,check_brightness,SKIP,frame=348 non-frontal (label=left); not judged
002,face_rgb,002_face_rgb.mp4,354,11.800,frame,check_face_detected,PASS,frame=354 face detected
002,face_rgb,002_face_rgb.mp4,354,11.800,frame,check_head_fully,PASS,frame=354 Head is fully visible
002,face_rgb,002_face_rgb.mp4,354,11.800,frame,check_face_size,SKIP,frame=354 non-frontal (label=left); not judged
002,face_rgb,002_face_rgb.mp4,354,11.800,frame,check_eyes_open,SKIP,frame=354 non-frontal (label=left); not judged
002,face_rgb,002_face_rgb.mp4,354,11.800,frame,check_face_blur,SKIP,frame=354 non-frontal (label=left); not judged
002,face_rgb,002_face_rgb.mp4,354,11.800,frame,check_brightness,SKIP,frame=354 non-frontal (label=left); not judged
002,face_rgb,002_face_rgb.mp4,360,12.000,frame,check_face_detected,PASS,frame=360 face detected
002,face_rgb,002_face_rgb.mp4,360,12.000,frame,check_head_fully,PASS,frame=360 Head is fully visible
002,face_rgb,002_face_rgb.mp4,360,12.000,frame,check_face_size,SKIP,frame=360 non-frontal (label=left); not judged
002,face_rgb,002_face_rgb.mp4,360,12.000,frame,check_eyes_open,SKIP,frame=360 non-frontal (label=left); not judged
002,face_rgb,002_face_rgb.mp4,360,12.000,frame,check_face_blur,SKIP,frame=360 non-frontal (label=left); not judged
002,face_rgb,002_face_rgb.mp4,360,12.000,frame,check_brightness,SKIP,frame=360 non-frontal (label=left); not judged
002,face_rgb,002_face_rgb.mp4,366,12.200,frame,check_face_detected,PASS,frame=366 face detected
002,face_rgb,002_face_rgb.mp4,366,12.200,frame,check_head_fully,PASS,frame=366 Head is fully visible
002,face_rgb,002_face_rgb.mp4,366,12.200,frame,check_face_size,SKIP,frame=366 non-frontal (label=left); not judged
002,face_rgb,002_face_rgb.mp4,366,12.200,frame,check_eyes_open,SKIP,frame=366 non-frontal (label=left); not judged
002,face_rgb,002_face_rgb.mp4,366,12.200,frame,check_face_blur,SKIP,frame=366 non-frontal (label=left); not judged
002,face_rgb,002_face_rgb.mp4,366,12.200,frame,check_brightness,SKIP,frame=366 non-frontal (label=left); not judged
002,face_rgb,002_face_rgb.mp4,372,12.400,frame,check_face_detected,PASS,frame=372 face detected
002,face_rgb,002_face_rgb.mp4,372,12.400,frame,check_head_fully,PASS,frame=372 Head is fully visible
002,face_rgb,002_face_rgb.mp4,372,12.400,frame,check_face_size,SKIP,frame=372 non-frontal (label=left); not judged
002,face_rgb,002_face_rgb.mp4,372,12.400,frame,check_eyes_open,SKIP,frame=372 non-frontal (label=left); not judged
002,face_rgb,002_face_rgb.mp4,372,12.400,frame,check_face_blur,SKIP,frame=372 non-frontal (label=left); not judged
002,face_rgb,002_face_rgb.mp4,372,12.400,frame,check_brightness,SKIP,frame=372 non-frontal (label=left); not judged
002,face_rgb,002_face_rgb.mp4,378,12.600,frame,check_face_detected,PASS,frame=378 face detected
002,face_rgb,002_face_rgb.mp4,378,12.600,frame,check_head_fully,PASS,frame=378 Head is fully visible
002,face_rgb,002_face_rgb.mp4,378,12.600,frame,check_face_size,SKIP,frame=378 non-frontal (label=left); not judged
002,face_rgb,002_face_rgb.mp4,378,12.600,frame,check_eyes_open,SKIP,frame=378 non-frontal (label=left); not judged
002,face_rgb,002_face_rgb.mp4,378,12.600,frame,check_face_blur,SKIP,frame=378 non-frontal (label=left); not judged
002,face_rgb,002_face_rgb.mp4,378,12.600,frame,check_brightness,SKIP,frame=378 non-frontal (label=left); not judged
002,face_rgb,002_face_rgb.mp4,384,12.800,frame,check_face_detected,PASS,frame=384 face detected
002,face_rgb,002_face_rgb.mp4,384,12.800,frame,check_head_fully,PASS,frame=384 Head is fully visible
002,face_rgb,002_face_rgb.mp4,384,12.800,frame,check_face_size,SKIP,frame=384 non-frontal (label=left); not judged
002,face_rgb,002_face_rgb.mp4,384,12.800,frame,check_eyes_open,SKIP,frame=384 non-frontal (label=left); not judged
002,face_rgb,002_face_rgb.mp4,384,12.800,frame,check_face_blur,SKIP,frame=384 non-frontal (label=left); not judged
002,face_rgb,002_face_rgb.mp4,384,12.800,frame,check_brightness,SKIP,frame=384 non-frontal (label=left); not judged
002,face_rgb,002_face_rgb.mp4,390,13.000,frame,check_face_detected,PASS,frame=390 face detected
002,face_rgb,002_face_rgb.mp4,390,13.000,frame,check_head_fully,PASS,frame=390 Head is fully visible
002,face_rgb,002_face_rgb.mp4,390,13.000,frame,check_face_size,SKIP,frame=390 non-frontal (label=left); not judged
002,face_rgb,002_face_rgb.mp4,390,13.000,frame,check_eyes_open,SKIP,frame=390 non-frontal (label=left); not judged
002,face_rgb,002_face_rgb.mp4,390,13.000,frame,check_face_blur,SKIP,frame=390 non-frontal (label=left); not judged
002,face_rgb,002_face_rgb.mp4,390,13.000,frame,check_brightness,SKIP,frame=390 non-frontal (label=left); not judged
002,face_rgb,002_face_rgb.mp4,396,13.200,frame,check_face_detected,PASS,frame=396 face detected
002,face_rgb,002_face_rgb.mp4,396,13.200,frame,check_head_fully,PASS,frame=396 Head is fully visible
002,face_rgb,002_face_rgb.mp4,396,13.200,frame,check_face_size,SKIP,frame=396 non-frontal (label=left); not judged
002,face_rgb,002_face_rgb.mp4,396,13.200,frame,check_eyes_open,SKIP,frame=396 non-frontal (label=left); not judged
002,face_rgb,002_face_rgb.mp4,396,13.200,frame,check_face_blur,SKIP,frame=396 non-frontal (label=left); not judged
002,face_rgb,002_face_rgb.mp4,396,13.200,frame,check_brightness,SKIP,frame=396 non-frontal (label=left); not judged
002,face_rgb,002_face_rgb.mp4,402,13.400,frame,check_face_detected,PASS,frame=402 face detected
002,face_rgb,002_face_rgb.mp4,402,13.400,frame,check_head_fully,PASS,frame=402 Head is fully visible
002,face_rgb,002_face_rgb.mp4,402,13.400,frame,check_face_size,SKIP,frame=402 non-frontal (label=left); not judged
002,face_rgb,002_face_rgb.mp4,402,13.400,frame,check_eyes_open,SKIP,frame=402 non-frontal (label=left); not judged
002,face_rgb,002_face_rgb.mp4,402,13.400,frame,check_face_blur,SKIP,frame=402 non-frontal (label=left); not judged
002,face_rgb,002_face_rgb.mp4,402,13.400,frame,check_brightness,SKIP,frame=402 non-frontal (label=left); not judged
002,face_rgb,002_face_rgb.mp4,408,13.600,frame,check_face_detected,PASS,frame=408 face detected
002,face_rgb,002_face_rgb.mp4,408,13.600,frame,check_head_fully,PASS,frame=408 Head is fully visible
002,face_rgb,002_face_rgb.mp4,408,13.600,frame,check_face_size,SKIP,frame=408 non-frontal (label=left); not judged
002,face_rgb,002_face_rgb.mp4,408,13.600,frame,check_eyes_open,SKIP,frame=408 non-frontal (label=left); not judged
002,face_rgb,002_face_rgb.mp4,408,13.600,frame,check_face_blur,SKIP,frame=408 non-frontal (label=left); not judged
002,face_rgb,002_face_rgb.mp4,408,13.600,frame,check_brightness,SKIP,frame=408 non-frontal (label=left); not judged
002,face_rgb,002_face_rgb.mp4,414,13.800,frame,check_face_detected,PASS,frame=414 face detected
002,face_rgb,002_face_rgb.mp4,414,13.800,frame,check_head_fully,PASS,frame=414 Head is fully visible
002,face_rgb,002_face_rgb.mp4,414,13.800,frame,check_face_size,SKIP,frame=414 non-frontal (label=left); not judged
002,face_rgb,002_face_rgb.mp4,414,13.800,frame,check_eyes_open,SKIP,frame=414 non-frontal (label=left); not judged
002,face_rgb,002_face_rgb.mp4,414,13.800,frame,check_face_blur,SKIP,frame=414 non-frontal (label=left); not judged
002,face_rgb,002_face_rgb.mp4,414,13.800,frame,check_brightness,SKIP,frame=414 non-frontal (label=left); not judged
002,face_rgb,002_face_rgb.mp4,420,14.000,frame,check_face_detected,PASS,frame=420 face detected
002,face_rgb,002_face_rgb.mp4,420,14.000,frame,check_head_fully,PASS,frame=420 Head is fully visible
002,face_rgb,002_face_rgb.mp4,420,14.000,frame,check_face_size,SKIP,frame=420 non-frontal (label=left); not judged
002,face_rgb,002_face_rgb.mp4,420,14.000,frame,check_eyes_open,SKIP,frame=420 non-frontal (label=left); not judged
002,face_rgb,002_face_rgb.mp4,420,14.000,frame,check_face_blur,SKIP,frame=420 non-frontal (label=left); not judged
002,face_rgb,002_face_rgb.mp4,420,14.000,frame,check_brightness,SKIP,frame=420 non-frontal (label=left); not judged
002,face_rgb,002_face_rgb.mp4,426,14.200,frame,check_face_detected,PASS,frame=426 face detected
002,face_rgb,002_face_rgb.mp4,426,14.200,frame,check_head_fully,PASS,frame=426 Head is fully visible
002,face_rgb,002_face_rgb.mp4,426,14.200,frame,check_face_size,SKIP,frame=426 non-frontal (label=left); not judged
002,face_rgb,002_face_rgb.mp4,426,14.200,frame,check_eyes_open,SKIP,frame=426 non-frontal (label=left); not judged
002,face_rgb,002_face_rgb.mp4,426,14.200,frame,check_face_blur,SKIP,frame=426 non-frontal (label=left); not judged
002,face_rgb,002_face_rgb.mp4,426,14.200,frame,check_brightness,SKIP,frame=426 non-frontal (label=left); not judged
002,face_rgb,002_face_rgb.mp4,432,14.400,frame,check_face_detected,PASS,frame=432 face detected
002,face_rgb,002_face_rgb.mp4,432,14.400,frame,check_head_fully,PASS,frame=432 Head is fully visible
002,face_rgb,002_face_rgb.mp4,432,14.400,frame,check_face_size,SKIP,frame=432 non-frontal (label=left); not judged
002,face_rgb,002_face_rgb.mp4,432,14.400,frame,check_eyes_open,SKIP,frame=432 non-frontal (label=left); not judged
002,face_rgb,002_face_rgb.mp4,432,14.400,frame,check_face_blur,SKIP,frame=432 non-frontal (label=left); not judged
002,face_rgb,002_face_rgb.mp4,432,14.400,frame,check_brightness,SKIP,frame=432 non-frontal (label=left); not judged
002,face_rgb,002_face_rgb.mp4,438,14.600,frame,check_face_detected,PASS,frame=438 face detected
002,face_rgb,002_face_rgb.mp4,438,14.600,frame,check_head_fully,PASS,frame=438 Head is fully visible
002,face_rgb,002_face_rgb.mp4,438,14.600,frame,check_face_size,SKIP,frame=438 non-frontal (label=left); not judged
002,face_rgb,002_face_rgb.mp4,438,14.600,frame,check_eyes_open,SKIP,frame=438 non-frontal (label=left); not judged
002,face_rgb,002_face_rgb.mp4,438,14.600,frame,check_face_blur,SKIP,frame=438 non-frontal (label=left); not judged
002,face_rgb,002_face_rgb.mp4,438,14.600,frame,check_brightness,SKIP,frame=438 non-frontal (label=left); not judged
002,face_rgb,002_face_rgb.mp4,444,14.800,frame,check_face_detected,PASS,frame=444 face detected
002,face_rgb,002_face_rgb.mp4,444,14.800,frame,check_head_fully,PASS,frame=444 Head is fully visible
002,face_rgb,002_face_rgb.mp4,444,14.800,frame,check_face_size,SKIP,frame=444 non-frontal (label=left); not judged
002,face_rgb,002_face_rgb.mp4,444,14.800,frame,check_eyes_open,SKIP,frame=444 non-frontal (label=left); not judged
002,face_rgb,002_face_rgb.mp4,444,14.800,frame,check_face_blur,SKIP,frame=444 non-frontal (label=left); not judged
002,face_rgb,002_face_rgb.mp4,444,14.800,frame,check_brightness,SKIP,frame=444 non-frontal (label=left); not judged
002,face_rgb,002_face_rgb.mp4,450,15.000,frame,check_face_detected,PASS,frame=450 face detected
002,face_rgb,002_face_rgb.mp4,450,15.000,frame,check_head_fully,PASS,frame=450 Head is fully visible
002,face_rgb,002_face_rgb.mp4,450,15.000,frame,check_face_size,SKIP,frame=450 non-frontal (label=mid); not judged
002,face_rgb,002_face_rgb.mp4,450,15.000,frame,check_eyes_open,SKIP,frame=450 non-frontal (label=mid); not judged
002,face_rgb,002_face_rgb.mp4,450,15.000,frame,check_face_blur,SKIP,frame=450 non-frontal (label=mid); not judged
002,face_rgb,002_face_rgb.mp4,450,15.000,frame,check_brightness,SKIP,frame=450 non-frontal (label=mid); not judged
002,face_rgb,002_face_rgb.mp4,456,15.200,frame,check_face_detected,PASS,frame=456 face detected
002,face_rgb,002_face_rgb.mp4,456,15.200,frame,check_head_fully,PASS,frame=456 Head is fully visible
002,face_rgb,002_face_rgb.mp4,456,15.200,frame,check_face_size,PASS,frame=456 face=546x679 >= 180x180
002,face_rgb,002_face_rgb.mp4,456,15.200,frame,check_eyes_open,PASS,"frame=456 eyes open (blinkL=0.22, blinkR=0.17 < 0.5)"
002,face_rgb,002_face_rgb.mp4,456,15.200,frame,check_face_blur,PASS,frame=456 blur variance=282.3 >= 90
002,face_rgb,002_face_rgb.mp4,456,15.200,frame,check_brightness,PASS,frame=456 brightness normal; 35 <= 157 <= 200
002,face_rgb,002_face_rgb.mp4,462,15.400,frame,check_face_detected,PASS,frame=462 face detected
002,face_rgb,002_face_rgb.mp4,462,15.400,frame,check_head_fully,PASS,frame=462 Head is fully visible
002,face_rgb,002_face_rgb.mp4,462,15.400,frame,check_face_size,PASS,frame=462 face=541x684 >= 180x180
002,face_rgb,002_face_rgb.mp4,462,15.400,frame,check_eyes_open,PASS,"frame=462 eyes open (blinkL=0.21, blinkR=0.21 < 0.5)"
002,face_rgb,002_face_rgb.mp4,462,15.400,frame,check_face_blur,PASS,frame=462 blur variance=352.4 >= 90
002,face_rgb,002_face_rgb.mp4,462,15.400,frame,check_brightness,PASS,frame=462 brightness normal; 35 <= 156 <= 200
002,face_rgb,002_face_rgb.mp4,468,15.600,frame,check_face_detected,PASS,frame=468 face detected
002,face_rgb,002_face_rgb.mp4,468,15.600,frame,check_head_fully,PASS,frame=468 Head is fully visible
002,face_rgb,002_face_rgb.mp4,468,15.600,frame,check_face_size,PASS,frame=468 face=546x688 >= 180x180
002,face_rgb,002_face_rgb.mp4,468,15.600,frame,check_eyes_open,PASS,"frame=468 eyes open (blinkL=0.19, blinkR=0.20 < 0.5)"
002,face_rgb,002_face_rgb.mp4,468,15.600,frame,check_face_blur,PASS,frame=468 blur variance=318.2 >= 90
002,face_rgb,002_face_rgb.mp4,468,15.600,frame,check_brightness,PASS,frame=468 brightness normal; 35 <= 156 <= 200
002,face_rgb,002_face_rgb.mp4,474,15.800,frame,check_face_detected,PASS,frame=474 face detected
002,face_rgb,002_face_rgb.mp4,474,15.800,frame,check_head_fully,PASS,frame=474 Head is fully visible
002,face_rgb,002_face_rgb.mp4,474,15.800,frame,check_face_size,PASS,frame=474 face=554x689 >= 180x180
002,face_rgb,002_face_rgb.mp4,474,15.800,frame,check_eyes_open,PASS,"frame=474 eyes open (blinkL=0.16, blinkR=0.16 < 0.5)"
002,face_rgb,002_face_rgb.mp4,474,15.800,frame,check_face_blur,PASS,frame=474 blur variance=355.7 >= 90
002,face_rgb,002_face_rgb.mp4,474,15.800,frame,check_brightness,PASS,frame=474 brightness normal; 35 <= 155 <= 200
002,face_rgb,002_face_rgb.mp4,480,16.000,frame,check_face_detected,PASS,frame=480 face detected
002,face_rgb,002_face_rgb.mp4,480,16.000,frame,check_head_fully,PASS,frame=480 Head is fully visible
002,face_rgb,002_face_rgb.mp4,480,16.000,frame,check_face_size,PASS,frame=480 face=549x680 >= 180x180
002,face_rgb,002_face_rgb.mp4,480,16.000,frame,check_eyes_open,PASS,"frame=480 eyes open (blinkL=0.16, blinkR=0.19 < 0.5)"
002,face_rgb,002_face_rgb.mp4,480,16.000,frame,check_face_blur,PASS,frame=480 blur variance=334.8 >= 90
002,face_rgb,002_face_rgb.mp4,480,16.000,frame,check_brightness,PASS,frame=480 brightness normal; 35 <= 156 <= 200
002,face_rgb,002_face_rgb.mp4,486,16.200,frame,check_face_detected,PASS,frame=486 face detected
002,face_rgb,002_face_rgb.mp4,486,16.200,frame,check_head_fully,PASS,frame=486 Head is fully visible
002,face_rgb,002_face_rgb.mp4,486,16.200,frame,check_face_size,PASS,frame=486 face=547x681 >= 180x180
002,face_rgb,002_face_rgb.mp4,486,16.200,frame,check_eyes_open,PASS,"frame=486 eyes open (blinkL=0.15, blinkR=0.15 < 0.5)"
002,face_rgb,002_face_rgb.mp4,486,16.200,frame,check_face_blur,PASS,frame=486 blur variance=335.0 >= 90
002,face_rgb,002_face_rgb.mp4,486,16.200,frame,check_brightness,PASS,frame=486 brightness normal; 35 <= 156 <= 200
002,face_rgb,002_face_rgb.mp4,492,16.400,frame,check_face_detected,PASS,frame=492 face detected
002,face_rgb,002_face_rgb.mp4,492,16.400,frame,check_head_fully,PASS,frame=492 Head is fully visible
002,face_rgb,002_face_rgb.mp4,492,16.400,frame,check_face_size,PASS,frame=492 face=549x689 >= 180x180
002,face_rgb,002_face_rgb.mp4,492,16.400,frame,check_eyes_open,PASS,"frame=492 eyes open (blinkL=0.14, blinkR=0.15 < 0.5)"
002,face_rgb,002_face_rgb.mp4,492,16.400,frame,check_face_blur,PASS,frame=492 blur variance=310.3 >= 90
002,face_rgb,002_face_rgb.mp4,492,16.400,frame,check_brightness,PASS,frame=492 brightness normal; 35 <= 157 <= 200
002,face_rgb,002_face_rgb.mp4,498,16.600,frame,check_face_detected,PASS,frame=498 face detected
002,face_rgb,002_face_rgb.mp4,498,16.600,frame,check_head_fully,PASS,frame=498 Head is fully visible
002,face_rgb,002_face_rgb.mp4,498,16.600,frame,check_face_size,PASS,frame=498 face=545x690 >= 180x180
002,face_rgb,002_face_rgb.mp4,498,16.600,frame,check_eyes_open,PASS,"frame=498 eyes open (blinkL=0.15, blinkR=0.15 < 0.5)"
002,face_rgb,002_face_rgb.mp4,498,16.600,frame,check_face_blur,PASS,frame=498 blur variance=334.4 >= 90
002,face_rgb,002_face_rgb.mp4,498,16.600,frame,check_brightness,PASS,frame=498 brightness normal; 35 <= 155 <= 200
002,face_rgb,002_face_rgb.mp4,504,16.800,frame,check_face_detected,PASS,frame=504 face detected
002,face_rgb,002_face_rgb.mp4,504,16.800,frame,check_head_fully,PASS,frame=504 Head is fully visible
002,face_rgb,002_face_rgb.mp4,504,16.800,frame,check_face_size,PASS,frame=504 face=544x690 >= 180x180
002,face_rgb,002_face_rgb.mp4,504,16.800,frame,check_eyes_open,PASS,"frame=504 eyes open (blinkL=0.17, blinkR=0.18 < 0.5)"
002,face_rgb,002_face_rgb.mp4,504,16.800,frame,check_face_blur,PASS,frame=504 blur variance=326.4 >= 90
002,face_rgb,002_face_rgb.mp4,504,16.800,frame,check_brightness,PASS,frame=504 brightness normal; 35 <= 155 <= 200
002,face_rgb,002_face_rgb.mp4,510,17.000,frame,check_face_detected,PASS,frame=510 face detected
002,face_rgb,002_face_rgb.mp4,510,17.000,frame,check_head_fully,PASS,frame=510 Head is fully visible
002,face_rgb,002_face_rgb.mp4,510,17.000,frame,check_face_size,PASS,frame=510 face=544x690 >= 180x180
002,face_rgb,002_face_rgb.mp4,510,17.000,frame,check_eyes_open,PASS,"frame=510 eyes open (blinkL=0.16, blinkR=0.17 < 0.5)"
002,face_rgb,002_face_rgb.mp4,510,17.000,frame,check_face_blur,PASS,frame=510 blur variance=297.2 >= 90
002,face_rgb,002_face_rgb.mp4,510,17.000,frame,check_brightness,PASS,frame=510 brightness normal; 35 <= 155 <= 200
002,face_rgb,002_face_rgb.mp4,516,17.200,frame,check_face_detected,PASS,frame=516 face detected
002,face_rgb,002_face_rgb.mp4,516,17.200,frame,check_head_fully,PASS,frame=516 Head is fully visible
002,face_rgb,002_face_rgb.mp4,516,17.200,frame,check_face_size,PASS,frame=516 face=543x689 >= 180x180
002,face_rgb,002_face_rgb.mp4,516,17.200,frame,check_eyes_open,PASS,"frame=516 eyes open (blinkL=0.16, blinkR=0.18 < 0.5)"
002,face_rgb,002_face_rgb.mp4,516,17.200,frame,check_face_blur,PASS,frame=516 blur variance=332.1 >= 90
002,face_rgb,002_face_rgb.mp4,516,17.200,frame,check_brightness,PASS,frame=516 brightness normal; 35 <= 154 <= 200
002,face_rgb,002_face_rgb.mp4,522,17.400,frame,check_face_detected,PASS,frame=522 face detected
002,face_rgb,002_face_rgb.mp4,522,17.400,frame,check_head_fully,PASS,frame=522 Head is fully visible
002,face_rgb,002_face_rgb.mp4,522,17.400,frame,check_face_size,PASS,frame=522 face=544x689 >= 180x180
002,face_rgb,002_face_rgb.mp4,522,17.400,frame,check_eyes_open,PASS,"frame=522 eyes open (blinkL=0.17, blinkR=0.17 < 0.5)"
002,face_rgb,002_face_rgb.mp4,522,17.400,frame,check_face_blur,PASS,frame=522 blur variance=375.4 >= 90
002,face_rgb,002_face_rgb.mp4,522,17.400,frame,check_brightness,PASS,frame=522 brightness normal; 35 <= 153 <= 200
002,face_rgb,002_face_rgb.mp4,528,17.600,frame,check_face_detected,PASS,frame=528 face detected
002,face_rgb,002_face_rgb.mp4,528,17.600,frame,check_head_fully,PASS,frame=528 Head is fully visible
002,face_rgb,002_face_rgb.mp4,528,17.600,frame,check_face_size,PASS,frame=528 face=546x692 >= 180x180
002,face_rgb,002_face_rgb.mp4,528,17.600,frame,check_eyes_open,PASS,"frame=528 eyes open (blinkL=0.17, blinkR=0.18 < 0.5)"
002,face_rgb,002_face_rgb.mp4,528,17.600,frame,check_face_blur,PASS,frame=528 blur variance=348.0 >= 90
002,face_rgb,002_face_rgb.mp4,528,17.600,frame,check_brightness,PASS,frame=528 brightness normal; 35 <= 153 <= 200
002,face_rgb,002_face_rgb.mp4,534,17.800,frame,check_face_detected,PASS,frame=534 face detected
002,face_rgb,002_face_rgb.mp4,534,17.800,frame,check_head_fully,PASS,frame=534 Head is fully visible
002,face_rgb,002_face_rgb.mp4,534,17.800,frame,check_face_size,PASS,frame=534 face=544x690 >= 180x180
002,face_rgb,002_face_rgb.mp4,534,17.800,frame,check_eyes_open,PASS,"frame=534 eyes open (blinkL=0.17, blinkR=0.16 < 0.5)"
002,face_rgb,002_face_rgb.mp4,534,17.800,frame,check_face_blur,PASS,frame=534 blur variance=365.4 >= 90
002,face_rgb,002_face_rgb.mp4,534,17.800,frame,check_brightness,PASS,frame=534 brightness normal; 35 <= 153 <= 200
002,face_rgb,002_face_rgb.mp4,540,18.000,frame,check_face_detected,PASS,frame=540 face detected
002,face_rgb,002_face_rgb.mp4,540,18.000,frame,check_head_fully,PASS,frame=540 Head is fully visible
002,face_rgb,002_face_rgb.mp4,540,18.000,frame,check_face_size,PASS,frame=540 face=544x690 >= 180x180
002,face_rgb,002_face_rgb.mp4,540,18.000,frame,check_eyes_open,PASS,"frame=540 eyes open (blinkL=0.19, blinkR=0.19 < 0.5)"
002,face_rgb,002_face_rgb.mp4,540,18.000,frame,check_face_blur,PASS,frame=540 blur variance=327.8 >= 90
002,face_rgb,002_face_rgb.mp4,540,18.000,frame,check_brightness,PASS,frame=540 brightness normal; 35 <= 153 <= 200
002,face_rgb,002_face_rgb.mp4,546,18.200,frame,check_face_detected,PASS,frame=546 face detected
002,face_rgb,002_face_rgb.mp4,546,18.200,frame,check_head_fully,PASS,frame=546 Head is fully visible
002,face_rgb,002_face_rgb.mp4,546,18.200,frame,check_face_size,PASS,frame=546 face=545x691 >= 180x180
002,face_rgb,002_face_rgb.mp4,546,18.200,frame,check_eyes_open,PASS,"frame=546 eyes open (blinkL=0.17, blinkR=0.18 < 0.5)"
002,face_rgb,002_face_rgb.mp4,546,18.200,frame,check_face_blur,PASS,frame=546 blur variance=334.6 >= 90
002,face_rgb,002_face_rgb.mp4,546,18.200,frame,check_brightness,PASS,frame=546 brightness normal; 35 <= 153 <= 200
002,face_rgb,002_face_rgb.mp4,552,18.400,frame,check_face_detected,PASS,frame=552 face detected
002,face_rgb,002_face_rgb.mp4,552,18.400,frame,check_head_fully,PASS,frame=552 Head is fully visible
002,face_rgb,002_face_rgb.mp4,552,18.400,frame,check_face_size,PASS,frame=552 face=541x688 >= 180x180
002,face_rgb,002_face_rgb.mp4,552,18.400,frame,check_eyes_open,PASS,"frame=552 eyes open (blinkL=0.16, blinkR=0.18 < 0.5)"
002,face_rgb,002_face_rgb.mp4,552,18.400,frame,check_face_blur,PASS,frame=552 blur variance=292.3 >= 90
002,face_rgb,002_face_rgb.mp4,552,18.400,frame,check_brightness,PASS,frame=552 brightness normal; 35 <= 154 <= 200
002,face_rgb,002_face_rgb.mp4,558,18.600,frame,check_face_detected,PASS,frame=558 face detected
002,face_rgb,002_face_rgb.mp4,558,18.600,frame,check_head_fully,PASS,frame=558 Head is fully visible
002,face_rgb,002_face_rgb.mp4,558,18.600,frame,check_face_size,PASS,frame=558 face=542x690 >= 180x180
002,face_rgb,002_face_rgb.mp4,558,18.600,frame,check_eyes_open,PASS,"frame=558 eyes open (blinkL=0.16, blinkR=0.16 < 0.5)"
002,face_rgb,002_face_rgb.mp4,558,18.600,frame,check_face_blur,PASS,frame=558 blur variance=309.6 >= 90
002,face_rgb,002_face_rgb.mp4,558,18.600,frame,check_brightness,PASS,frame=558 brightness normal; 35 <= 153 <= 200
002,face_rgb,002_face_rgb.mp4,564,18.800,frame,check_face_detected,PASS,frame=564 face detected
002,face_rgb,002_face_rgb.mp4,564,18.800,frame,check_head_fully,PASS,frame=564 Head is fully visible
002,face_rgb,002_face_rgb.mp4,564,18.800,frame,check_face_size,PASS,frame=564 face=544x690 >= 180x180
002,face_rgb,002_face_rgb.mp4,564,18.800,frame,check_eyes_open,PASS,"frame=564 eyes open (blinkL=0.19, blinkR=0.19 < 0.5)"
002,face_rgb,002_face_rgb.mp4,564,18.800,frame,check_face_blur,PASS,frame=564 blur variance=284.3 >= 90
002,face_rgb,002_face_rgb.mp4,564,18.800,frame,check_brightness,PASS,frame=564 brightness normal; 35 <= 154 <= 200
002,face_rgb,002_face_rgb.mp4,570,19.000,frame,check_face_detected,PASS,frame=570 face detected
002,face_rgb,002_face_rgb.mp4,570,19.000,frame,check_head_fully,PASS,frame=570 Head is fully visible
002,face_rgb,002_face_rgb.mp4,570,19.000,frame,check_face_size,PASS,frame=570 face=548x688 >= 180x180
002,face_rgb,002_face_rgb.mp4,570,19.000,frame,check_eyes_open,PASS,"frame=570 eyes open (blinkL=0.46, blinkR=0.41 < 0.5)"
002,face_rgb,002_face_rgb.mp4,570,19.000,frame,check_face_blur,PASS,frame=570 blur variance=285.8 >= 90
002,face_rgb,002_face_rgb.mp4,570,19.000,frame,check_brightness,PASS,frame=570 brightness normal; 35 <= 154 <= 200
002,face_rgb,002_face_rgb.mp4,576,19.200,frame,check_face_detected,PASS,frame=576 face detected
002,face_rgb,002_face_rgb.mp4,576,19.200,frame,check_head_fully,PASS,frame=576 Head is fully visible
002,face_rgb,002_face_rgb.mp4,576,19.200,frame,check_face_size,SKIP,frame=576 non-frontal (label=mid); not judged
002,face_rgb,002_face_rgb.mp4,576,19.200,frame,check_eyes_open,SKIP,frame=576 non-frontal (label=mid); not judged
002,face_rgb,002_face_rgb.mp4,576,19.200,frame,check_face_blur,SKIP,frame=576 non-frontal (label=mid); not judged
002,face_rgb,002_face_rgb.mp4,576,19.200,frame,check_brightness,SKIP,frame=576 non-frontal (label=mid); not judged
002,face_rgb,002_face_rgb.mp4,582,19.400,frame,check_face_detected,PASS,frame=582 face detected
002,face_rgb,002_face_rgb.mp4,582,19.400,frame,check_head_fully,PASS,frame=582 Head is fully visible
002,face_rgb,002_face_rgb.mp4,582,19.400,frame,check_face_size,SKIP,frame=582 non-frontal (label=right); not judged
002,face_rgb,002_face_rgb.mp4,582,19.400,frame,check_eyes_open,SKIP,frame=582 non-frontal (label=right); not judged
002,face_rgb,002_face_rgb.mp4,582,19.400,frame,check_face_blur,SKIP,frame=582 non-frontal (label=right); not judged
002,face_rgb,002_face_rgb.mp4,582,19.400,frame,check_brightness,SKIP,frame=582 non-frontal (label=right); not judged
002,face_rgb,002_face_rgb.mp4,588,19.600,frame,check_face_detected,PASS,frame=588 face detected
002,face_rgb,002_face_rgb.mp4,588,19.600,frame,check_head_fully,PASS,frame=588 Head is fully visible
002,face_rgb,002_face_rgb.mp4,588,19.600,frame,check_face_size,SKIP,frame=588 non-frontal (label=right); not judged
002,face_rgb,002_face_rgb.mp4,588,19.600,frame,check_eyes_open,SKIP,frame=588 non-frontal (label=right); not judged
002,face_rgb,002_face_rgb.mp4,588,19.600,frame,check_face_blur,SKIP,frame=588 non-frontal (label=right); not judged
002,face_rgb,002_face_rgb.mp4,588,19.600,frame,check_brightness,SKIP,frame=588 non-frontal (label=right); not judged
002,face_rgb,002_face_rgb.mp4,594,19.800,frame,check_face_detected,PASS,frame=594 face detected
002,face_rgb,002_face_rgb.mp4,594,19.800,frame,check_head_fully,PASS,frame=594 Head is fully visible
002,face_rgb,002_face_rgb.mp4,594,19.800,frame,check_face_size,SKIP,frame=594 non-frontal (label=right); not judged
002,face_rgb,002_face_rgb.mp4,594,19.800,frame,check_eyes_open,SKIP,frame=594 non-frontal (label=right); not judged
002,face_rgb,002_face_rgb.mp4,594,19.800,frame,check_face_blur,SKIP,frame=594 non-frontal (label=right); not judged
002,face_rgb,002_face_rgb.mp4,594,19.800,frame,check_brightness,SKIP,frame=594 non-frontal (label=right); not judged
002,face_rgb,002_face_rgb.mp4,600,20.000,frame,check_face_detected,SKIP,frame=600 No faces detected; expected gap (peak of right turn)
002,face_rgb,002_face_rgb.mp4,606,20.200,frame,check_face_detected,SKIP,frame=606 No faces detected; expected gap (peak of right turn)
002,face_rgb,002_face_rgb.mp4,612,20.400,frame,check_face_detected,SKIP,frame=612 No faces detected; expected gap (peak of right turn)
002,face_rgb,002_face_rgb.mp4,618,20.600,frame,check_face_detected,SKIP,frame=618 No faces detected; expected gap (peak of right turn)
002,face_rgb,002_face_rgb.mp4,624,20.800,frame,check_face_detected,SKIP,frame=624 No faces detected; expected gap (peak of right turn)
002,face_rgb,002_face_rgb.mp4,630,21.000,frame,check_face_detected,SKIP,frame=630 No faces detected; expected gap (peak of right turn)
002,face_rgb,002_face_rgb.mp4,636,21.200,frame,check_face_detected,SKIP,frame=636 No faces detected; expected gap (peak of right turn)
002,face_rgb,002_face_rgb.mp4,642,21.400,frame,check_face_detected,SKIP,frame=642 No faces detected; expected gap (peak of right turn)
002,face_rgb,002_face_rgb.mp4,648,21.600,frame,check_face_detected,SKIP,frame=648 No faces detected; expected gap (peak of right turn)
002,face_rgb,002_face_rgb.mp4,654,21.800,frame,check_face_detected,SKIP,frame=654 No faces detected; expected gap (peak of right turn)
002,face_rgb,002_face_rgb.mp4,660,22.000,frame,check_face_detected,SKIP,frame=660 No faces detected; expected gap (peak of right turn)
002,face_rgb,002_face_rgb.mp4,666,22.200,frame,check_face_detected,SKIP,frame=666 No faces detected; expected gap (peak of right turn)
002,face_rgb,002_face_rgb.mp4,672,22.400,frame,check_face_detected,SKIP,frame=672 No faces detected; expected gap (peak of right turn)
002,face_rgb,002_face_rgb.mp4,678,22.600,frame,check_face_detected,SKIP,frame=678 No faces detected; expected gap (peak of right turn)
002,face_rgb,002_face_rgb.mp4,684,22.800,frame,check_face_detected,SKIP,frame=684 No faces detected; expected gap (peak of right turn)
002,face_rgb,002_face_rgb.mp4,690,23.000,frame,check_face_detected,SKIP,frame=690 No faces detected; expected gap (peak of right turn)
002,face_rgb,002_face_rgb.mp4,696,23.200,frame,check_face_detected,SKIP,frame=696 No faces detected; expected gap (peak of right turn)
002,face_rgb,002_face_rgb.mp4,702,23.400,frame,check_face_detected,SKIP,frame=702 No faces detected; expected gap (peak of right turn)
002,face_rgb,002_face_rgb.mp4,708,23.600,frame,check_face_detected,SKIP,frame=708 No faces detected; expected gap (peak of right turn)
002,face_rgb,002_face_rgb.mp4,714,23.800,frame,check_face_detected,PASS,frame=714 face detected
002,face_rgb,002_face_rgb.mp4,714,23.800,frame,check_head_fully,PASS,frame=714 Head is fully visible
002,face_rgb,002_face_rgb.mp4,714,23.800,frame,check_face_size,SKIP,frame=714 non-frontal (label=right); not judged
002,face_rgb,002_face_rgb.mp4,714,23.800,frame,check_eyes_open,SKIP,frame=714 non-frontal (label=right); not judged
002,face_rgb,002_face_rgb.mp4,714,23.800,frame,check_face_blur,SKIP,frame=714 non-frontal (label=right); not judged
002,face_rgb,002_face_rgb.mp4,714,23.800,frame,check_brightness,SKIP,frame=714 non-frontal (label=right); not judged
002,face_rgb,002_face_rgb.mp4,720,24.000,frame,check_face_detected,PASS,frame=720 face detected
002,face_rgb,002_face_rgb.mp4,720,24.000,frame,check_head_fully,PASS,frame=720 Head is fully visible
002,face_rgb,002_face_rgb.mp4,720,24.000,frame,check_face_size,SKIP,frame=720 non-frontal (label=right); not judged
002,face_rgb,002_face_rgb.mp4,720,24.000,frame,check_eyes_open,SKIP,frame=720 non-frontal (label=right); not judged
002,face_rgb,002_face_rgb.mp4,720,24.000,frame,check_face_blur,SKIP,frame=720 non-frontal (label=right); not judged
002,face_rgb,002_face_rgb.mp4,720,24.000,frame,check_brightness,SKIP,frame=720 non-frontal (label=right); not judged
002,face_rgb,002_face_rgb.mp4,726,24.200,frame,check_face_detected,PASS,frame=726 face detected
002,face_rgb,002_face_rgb.mp4,726,24.200,frame,check_head_fully,PASS,frame=726 Head is fully visible
002,face_rgb,002_face_rgb.mp4,726,24.200,frame,check_face_size,SKIP,frame=726 non-frontal (label=mid); not judged
002,face_rgb,002_face_rgb.mp4,726,24.200,frame,check_eyes_open,SKIP,frame=726 non-frontal (label=mid); not judged
002,face_rgb,002_face_rgb.mp4,726,24.200,frame,check_face_blur,SKIP,frame=726 non-frontal (label=mid); not judged
002,face_rgb,002_face_rgb.mp4,726,24.200,frame,check_brightness,SKIP,frame=726 non-frontal (label=mid); not judged
002,face_rgb,002_face_rgb.mp4,732,24.400,frame,check_face_detected,PASS,frame=732 face detected
002,face_rgb,002_face_rgb.mp4,732,24.400,frame,check_head_fully,PASS,frame=732 Head is fully visible
002,face_rgb,002_face_rgb.mp4,732,24.400,frame,check_face_size,PASS,frame=732 face=540x669 >= 180x180
002,face_rgb,002_face_rgb.mp4,732,24.400,frame,check_eyes_open,PASS,"frame=732 eyes open (blinkL=0.12, blinkR=0.15 < 0.5)"
002,face_rgb,002_face_rgb.mp4,732,24.400,frame,check_face_blur,PASS,frame=732 blur variance=311.3 >= 90
002,face_rgb,002_face_rgb.mp4,732,24.400,frame,check_brightness,PASS,frame=732 brightness normal; 35 <= 158 <= 200
002,face_rgb,002_face_rgb.mp4,738,24.600,frame,check_face_detected,PASS,frame=738 face detected
002,face_rgb,002_face_rgb.mp4,738,24.600,frame,check_head_fully,PASS,frame=738 Head is fully visible
002,face_rgb,002_face_rgb.mp4,738,24.600,frame,check_face_size,PASS,frame=738 face=533x674 >= 180x180
002,face_rgb,002_face_rgb.mp4,738,24.600,frame,check_eyes_open,PASS,"frame=738 eyes open (blinkL=0.18, blinkR=0.19 < 0.5)"
002,face_rgb,002_face_rgb.mp4,738,24.600,frame,check_face_blur,PASS,frame=738 blur variance=328.9 >= 90
002,face_rgb,002_face_rgb.mp4,738,24.600,frame,check_brightness,PASS,frame=738 brightness normal; 35 <= 157 <= 200
002,face_rgb,002_face_rgb.mp4,744,24.800,frame,check_face_detected,PASS,frame=744 face detected
002,face_rgb,002_face_rgb.mp4,744,24.800,frame,check_head_fully,PASS,frame=744 Head is fully visible
002,face_rgb,002_face_rgb.mp4,744,24.800,frame,check_face_size,PASS,frame=744 face=533x675 >= 180x180
002,face_rgb,002_face_rgb.mp4,744,24.800,frame,check_eyes_open,PASS,"frame=744 eyes open (blinkL=0.21, blinkR=0.22 < 0.5)"
002,face_rgb,002_face_rgb.mp4,744,24.800,frame,check_face_blur,PASS,frame=744 blur variance=299.4 >= 90
002,face_rgb,002_face_rgb.mp4,744,24.800,frame,check_brightness,PASS,frame=744 brightness normal; 35 <= 156 <= 200
002,face_rgb,002_face_rgb.mp4,750,25.000,frame,check_face_detected,PASS,frame=750 face detected
002,face_rgb,002_face_rgb.mp4,750,25.000,frame,check_head_fully,PASS,frame=750 Head is fully visible
002,face_rgb,002_face_rgb.mp4,750,25.000,frame,check_face_size,PASS,frame=750 face=537x679 >= 180x180
002,face_rgb,002_face_rgb.mp4,750,25.000,frame,check_eyes_open,PASS,"frame=750 eyes open (blinkL=0.23, blinkR=0.22 < 0.5)"
002,face_rgb,002_face_rgb.mp4,750,25.000,frame,check_face_blur,PASS,frame=750 blur variance=335.0 >= 90
002,face_rgb,002_face_rgb.mp4,750,25.000,frame,check_brightness,PASS,frame=750 brightness normal; 35 <= 156 <= 200
002,face_rgb,002_face_rgb.mp4,756,25.200,frame,check_face_detected,PASS,frame=756 face detected
002,face_rgb,002_face_rgb.mp4,756,25.200,frame,check_head_fully,PASS,frame=756 Head is fully visible
002,face_rgb,002_face_rgb.mp4,756,25.200,frame,check_face_size,PASS,frame=756 face=540x686 >= 180x180
002,face_rgb,002_face_rgb.mp4,756,25.200,frame,check_eyes_open,PASS,"frame=756 eyes open (blinkL=0.24, blinkR=0.20 < 0.5)"
002,face_rgb,002_face_rgb.mp4,756,25.200,frame,check_face_blur,PASS,frame=756 blur variance=304.7 >= 90
002,face_rgb,002_face_rgb.mp4,756,25.200,frame,check_brightness,PASS,frame=756 brightness normal; 35 <= 154 <= 200
002,face_rgb,002_face_rgb.mp4,762,25.400,frame,check_face_detected,PASS,frame=762 face detected
002,face_rgb,002_face_rgb.mp4,762,25.400,frame,check_head_fully,PASS,frame=762 Head is fully visible
002,face_rgb,002_face_rgb.mp4,762,25.400,frame,check_face_size,PASS,frame=762 face=537x684 >= 180x180
002,face_rgb,002_face_rgb.mp4,762,25.400,frame,check_eyes_open,PASS,"frame=762 eyes open (blinkL=0.21, blinkR=0.18 < 0.5)"
002,face_rgb,002_face_rgb.mp4,762,25.400,frame,check_face_blur,PASS,frame=762 blur variance=354.5 >= 90
002,face_rgb,002_face_rgb.mp4,762,25.400,frame,check_brightness,PASS,frame=762 brightness normal; 35 <= 154 <= 200
002,face_rgb,002_face_rgb.mp4,768,25.600,frame,check_face_detected,PASS,frame=768 face detected
002,face_rgb,002_face_rgb.mp4,768,25.600,frame,check_head_fully,PASS,frame=768 Head is fully visible
002,face_rgb,002_face_rgb.mp4,768,25.600,frame,check_face_size,PASS,frame=768 face=534x677 >= 180x180
002,face_rgb,002_face_rgb.mp4,768,25.600,frame,check_eyes_open,FAIL,"frame=768 eye(s) closed (blinkL=0.81, blinkR=0.67 >= 0.5)"
002,face_rgb,002_face_rgb.mp4,768,25.600,frame,check_face_blur,PASS,frame=768 blur variance=295.7 >= 90
002,face_rgb,002_face_rgb.mp4,768,25.600,frame,check_brightness,PASS,frame=768 brightness normal; 35 <= 155 <= 200
002,face_rgb,002_face_rgb.mp4,774,25.800,frame,check_face_detected,PASS,frame=774 face detected
002,face_rgb,002_face_rgb.mp4,774,25.800,frame,check_head_fully,PASS,frame=774 Head is fully visible
002,face_rgb,002_face_rgb.mp4,774,25.800,frame,check_face_size,PASS,frame=774 face=536x684 >= 180x180
002,face_rgb,002_face_rgb.mp4,774,25.800,frame,check_eyes_open,PASS,"frame=774 eyes open (blinkL=0.25, blinkR=0.23 < 0.5)"
002,face_rgb,002_face_rgb.mp4,774,25.800,frame,check_face_blur,PASS,frame=774 blur variance=318.8 >= 90
002,face_rgb,002_face_rgb.mp4,774,25.800,frame,check_brightness,PASS,frame=774 brightness normal; 35 <= 154 <= 200
002,face_rgb,002_face_rgb.mp4,780,26.000,frame,check_face_detected,PASS,frame=780 face detected
002,face_rgb,002_face_rgb.mp4,780,26.000,frame,check_head_fully,PASS,frame=780 Head is fully visible
002,face_rgb,002_face_rgb.mp4,780,26.000,frame,check_face_size,PASS,frame=780 face=536x685 >= 180x180
002,face_rgb,002_face_rgb.mp4,780,26.000,frame,check_eyes_open,PASS,"frame=780 eyes open (blinkL=0.23, blinkR=0.21 < 0.5)"
002,face_rgb,002_face_rgb.mp4,780,26.000,frame,check_face_blur,PASS,frame=780 blur variance=283.5 >= 90
002,face_rgb,002_face_rgb.mp4,780,26.000,frame,check_brightness,PASS,frame=780 brightness normal; 35 <= 154 <= 200
002,face_rgb,002_face_rgb.mp4,786,26.200,frame,check_face_detected,PASS,frame=786 face detected
002,face_rgb,002_face_rgb.mp4,786,26.200,frame,check_head_fully,PASS,frame=786 Head is fully visible
002,face_rgb,002_face_rgb.mp4,786,26.200,frame,check_face_size,PASS,frame=786 face=537x687 >= 180x180
002,face_rgb,002_face_rgb.mp4,786,26.200,frame,check_eyes_open,PASS,"frame=786 eyes open (blinkL=0.21, blinkR=0.20 < 0.5)"
002,face_rgb,002_face_rgb.mp4,786,26.200,frame,check_face_blur,PASS,frame=786 blur variance=320.3 >= 90
002,face_rgb,002_face_rgb.mp4,786,26.200,frame,check_brightness,PASS,frame=786 brightness normal; 35 <= 154 <= 200
002,face_rgb,002_face_rgb.mp4,792,26.400,frame,check_face_detected,PASS,frame=792 face detected
002,face_rgb,002_face_rgb.mp4,792,26.400,frame,check_head_fully,PASS,frame=792 Head is fully visible
002,face_rgb,002_face_rgb.mp4,792,26.400,frame,check_face_size,PASS,frame=792 face=535x688 >= 180x180
002,face_rgb,002_face_rgb.mp4,792,26.400,frame,check_eyes_open,PASS,"frame=792 eyes open (blinkL=0.23, blinkR=0.20 < 0.5)"
002,face_rgb,002_face_rgb.mp4,792,26.400,frame,check_face_blur,PASS,frame=792 blur variance=313.8 >= 90
002,face_rgb,002_face_rgb.mp4,792,26.400,frame,check_brightness,PASS,frame=792 brightness normal; 35 <= 154 <= 200
002,face_rgb,002_face_rgb.mp4,798,26.600,frame,check_face_detected,PASS,frame=798 face detected
002,face_rgb,002_face_rgb.mp4,798,26.600,frame,check_head_fully,PASS,frame=798 Head is fully visible
002,face_rgb,002_face_rgb.mp4,798,26.600,frame,check_face_size,PASS,frame=798 face=533x688 >= 180x180
002,face_rgb,002_face_rgb.mp4,798,26.600,frame,check_eyes_open,PASS,"frame=798 eyes open (blinkL=0.21, blinkR=0.18 < 0.5)"
002,face_rgb,002_face_rgb.mp4,798,26.600,frame,check_face_blur,PASS,frame=798 blur variance=340.5 >= 90
002,face_rgb,002_face_rgb.mp4,798,26.600,frame,check_brightness,PASS,frame=798 brightness normal; 35 <= 153 <= 200
002,face_rgb,002_face_rgb.mp4,804,26.800,frame,check_face_detected,PASS,frame=804 face detected
002,face_rgb,002_face_rgb.mp4,804,26.800,frame,check_head_fully,PASS,frame=804 Head is fully visible
002,face_rgb,002_face_rgb.mp4,804,26.800,frame,check_face_size,PASS,frame=804 face=531x680 >= 180x180
002,face_rgb,002_face_rgb.mp4,804,26.800,frame,check_eyes_open,PASS,"frame=804 eyes open (blinkL=0.21, blinkR=0.17 < 0.5)"
002,face_rgb,002_face_rgb.mp4,804,26.800,frame,check_face_blur,PASS,frame=804 blur variance=316.8 >= 90
002,face_rgb,002_face_rgb.mp4,804,26.800,frame,check_brightness,PASS,frame=804 brightness normal; 35 <= 154 <= 200
002,face_rgb,002_face_rgb.mp4,810,27.000,frame,check_face_detected,PASS,frame=810 face detected
002,face_rgb,002_face_rgb.mp4,810,27.000,frame,check_head_fully,PASS,frame=810 Head is fully visible
002,face_rgb,002_face_rgb.mp4,810,27.000,frame,check_face_size,PASS,frame=810 face=532x680 >= 180x180
002,face_rgb,002_face_rgb.mp4,810,27.000,frame,check_eyes_open,PASS,"frame=810 eyes open (blinkL=0.20, blinkR=0.17 < 0.5)"
002,face_rgb,002_face_rgb.mp4,810,27.000,frame,check_face_blur,PASS,frame=810 blur variance=376.1 >= 90
002,face_rgb,002_face_rgb.mp4,810,27.000,frame,check_brightness,PASS,frame=810 brightness normal; 35 <= 154 <= 200
002,face_rgb,002_face_rgb.mp4,816,27.200,frame,check_face_detected,PASS,frame=816 face detected
002,face_rgb,002_face_rgb.mp4,816,27.200,frame,check_head_fully,PASS,frame=816 Head is fully visible
002,face_rgb,002_face_rgb.mp4,816,27.200,frame,check_face_size,PASS,frame=816 face=532x678 >= 180x180
002,face_rgb,002_face_rgb.mp4,816,27.200,frame,check_eyes_open,PASS,"frame=816 eyes open (blinkL=0.22, blinkR=0.18 < 0.5)"
002,face_rgb,002_face_rgb.mp4,816,27.200,frame,check_face_blur,PASS,frame=816 blur variance=354.2 >= 90
002,face_rgb,002_face_rgb.mp4,816,27.200,frame,check_brightness,PASS,frame=816 brightness normal; 35 <= 153 <= 200
002,face_rgb,002_face_rgb.mp4,822,27.400,frame,check_face_detected,PASS,frame=822 face detected
002,face_rgb,002_face_rgb.mp4,822,27.400,frame,check_head_fully,PASS,frame=822 Head is fully visible
002,face_rgb,002_face_rgb.mp4,822,27.400,frame,check_face_size,PASS,frame=822 face=530x678 >= 180x180
002,face_rgb,002_face_rgb.mp4,822,27.400,frame,check_eyes_open,PASS,"frame=822 eyes open (blinkL=0.22, blinkR=0.19 < 0.5)"
002,face_rgb,002_face_rgb.mp4,822,27.400,frame,check_face_blur,PASS,frame=822 blur variance=381.2 >= 90
002,face_rgb,002_face_rgb.mp4,822,27.400,frame,check_brightness,PASS,frame=822 brightness normal; 35 <= 153 <= 200
002,face_rgb,002_face_rgb.mp4,828,27.600,frame,check_face_detected,PASS,frame=828 face detected
002,face_rgb,002_face_rgb.mp4,828,27.600,frame,check_head_fully,PASS,frame=828 Head is fully visible
002,face_rgb,002_face_rgb.mp4,828,27.600,frame,check_face_size,PASS,frame=828 face=531x678 >= 180x180
002,face_rgb,002_face_rgb.mp4,828,27.600,frame,check_eyes_open,PASS,"frame=828 eyes open (blinkL=0.17, blinkR=0.16 < 0.5)"
002,face_rgb,002_face_rgb.mp4,828,27.600,frame,check_face_blur,PASS,frame=828 blur variance=350.3 >= 90
002,face_rgb,002_face_rgb.mp4,828,27.600,frame,check_brightness,PASS,frame=828 brightness normal; 35 <= 153 <= 200
002,face_rgb,002_face_rgb.mp4,834,27.800,frame,check_face_detected,PASS,frame=834 face detected
002,face_rgb,002_face_rgb.mp4,834,27.800,frame,check_head_fully,PASS,frame=834 Head is fully visible
002,face_rgb,002_face_rgb.mp4,834,27.800,frame,check_face_size,PASS,frame=834 face=532x678 >= 180x180
002,face_rgb,002_face_rgb.mp4,834,27.800,frame,check_eyes_open,PASS,"frame=834 eyes open (blinkL=0.17, blinkR=0.14 < 0.5)"
002,face_rgb,002_face_rgb.mp4,834,27.800,frame,check_face_blur,PASS,frame=834 blur variance=368.8 >= 90
002,face_rgb,002_face_rgb.mp4,834,27.800,frame,check_brightness,PASS,frame=834 brightness normal; 35 <= 153 <= 200
002,face_rgb,002_face_rgb.mp4,840,28.000,frame,check_face_detected,PASS,frame=840 face detected
002,face_rgb,002_face_rgb.mp4,840,28.000,frame,check_head_fully,PASS,frame=840 Head is fully visible
002,face_rgb,002_face_rgb.mp4,840,28.000,frame,check_face_size,PASS,frame=840 face=531x679 >= 180x180
002,face_rgb,002_face_rgb.mp4,840,28.000,frame,check_eyes_open,PASS,"frame=840 eyes open (blinkL=0.12, blinkR=0.12 < 0.5)"
002,face_rgb,002_face_rgb.mp4,840,28.000,frame,check_face_blur,PASS,frame=840 blur variance=343.2 >= 90
002,face_rgb,002_face_rgb.mp4,840,28.000,frame,check_brightness,PASS,frame=840 brightness normal; 35 <= 154 <= 200
002,face_rgb,002_face_rgb.mp4,846,28.200,frame,check_face_detected,PASS,frame=846 face detected
002,face_rgb,002_face_rgb.mp4,846,28.200,frame,check_head_fully,PASS,frame=846 Head is fully visible
002,face_rgb,002_face_rgb.mp4,846,28.200,frame,check_face_size,PASS,frame=846 face=528x657 >= 180x180
002,face_rgb,002_face_rgb.mp4,846,28.200,frame,check_eyes_open,PASS,"frame=846 eyes open (blinkL=0.06, blinkR=0.05 < 0.5)"
002,face_rgb,002_face_rgb.mp4,846,28.200,frame,check_face_blur,PASS,frame=846 blur variance=338.2 >= 90
002,face_rgb,002_face_rgb.mp4,846,28.200,frame,check_brightness,PASS,frame=846 brightness normal; 35 <= 154 <= 200
002,face_rgb,002_face_rgb.mp4,852,28.400,frame,check_face_detected,PASS,frame=852 face detected
002,face_rgb,002_face_rgb.mp4,852,28.400,frame,check_head_fully,PASS,frame=852 Head is fully visible
002,face_rgb,002_face_rgb.mp4,852,28.400,frame,check_face_size,PASS,frame=852 face=533x607 >= 180x180
002,face_rgb,002_face_rgb.mp4,852,28.400,frame,check_eyes_open,PASS,"frame=852 eyes open (blinkL=0.07, blinkR=0.08 < 0.5)"
002,face_rgb,002_face_rgb.mp4,852,28.400,frame,check_face_blur,PASS,frame=852 blur variance=243.4 >= 90
002,face_rgb,002_face_rgb.mp4,852,28.400,frame,check_brightness,PASS,frame=852 brightness normal; 35 <= 159 <= 200
002,face_rgb,002_face_rgb.mp4,858,28.600,frame,check_face_detected,PASS,frame=858 face detected
002,face_rgb,002_face_rgb.mp4,858,28.600,frame,check_head_fully,PASS,frame=858 Head is fully visible
002,face_rgb,002_face_rgb.mp4,858,28.600,frame,check_face_size,SKIP,frame=858 non-frontal (label=up); not judged
002,face_rgb,002_face_rgb.mp4,858,28.600,frame,check_eyes_open,SKIP,frame=858 non-frontal (label=up); not judged
002,face_rgb,002_face_rgb.mp4,858,28.600,frame,check_face_blur,SKIP,frame=858 non-frontal (label=up); not judged
002,face_rgb,002_face_rgb.mp4,858,28.600,frame,check_brightness,SKIP,frame=858 non-frontal (label=up); not judged
002,face_rgb,002_face_rgb.mp4,864,28.800,frame,check_face_detected,PASS,frame=864 face detected
002,face_rgb,002_face_rgb.mp4,864,28.800,frame,check_head_fully,PASS,frame=864 Head is fully visible
002,face_rgb,002_face_rgb.mp4,864,28.800,frame,check_face_size,SKIP,frame=864 non-frontal (label=up); not judged
002,face_rgb,002_face_rgb.mp4,864,28.800,frame,check_eyes_open,SKIP,frame=864 non-frontal (label=up); not judged
002,face_rgb,002_face_rgb.mp4,864,28.800,frame,check_face_blur,SKIP,frame=864 non-frontal (label=up); not judged
002,face_rgb,002_face_rgb.mp4,864,28.800,frame,check_brightness,SKIP,frame=864 non-frontal (label=up); not judged
002,face_rgb,002_face_rgb.mp4,870,29.000,frame,check_face_detected,PASS,frame=870 face detected
002,face_rgb,002_face_rgb.mp4,870,29.000,frame,check_head_fully,PASS,frame=870 Head is fully visible
002,face_rgb,002_face_rgb.mp4,870,29.000,frame,check_face_size,SKIP,frame=870 non-frontal (label=up); not judged
002,face_rgb,002_face_rgb.mp4,870,29.000,frame,check_eyes_open,SKIP,frame=870 non-frontal (label=up); not judged
002,face_rgb,002_face_rgb.mp4,870,29.000,frame,check_face_blur,SKIP,frame=870 non-frontal (label=up); not judged
002,face_rgb,002_face_rgb.mp4,870,29.000,frame,check_brightness,SKIP,frame=870 non-frontal (label=up); not judged
002,face_rgb,002_face_rgb.mp4,876,29.200,frame,check_face_detected,PASS,frame=876 face detected
002,face_rgb,002_face_rgb.mp4,876,29.200,frame,check_head_fully,PASS,frame=876 Head is fully visible
002,face_rgb,002_face_rgb.mp4,876,29.200,frame,check_face_size,SKIP,frame=876 non-frontal (label=up); not judged
002,face_rgb,002_face_rgb.mp4,876,29.200,frame,check_eyes_open,SKIP,frame=876 non-frontal (label=up); not judged
002,face_rgb,002_face_rgb.mp4,876,29.200,frame,check_face_blur,SKIP,frame=876 non-frontal (label=up); not judged
002,face_rgb,002_face_rgb.mp4,876,29.200,frame,check_brightness,SKIP,frame=876 non-frontal (label=up); not judged
002,face_rgb,002_face_rgb.mp4,882,29.400,frame,check_face_detected,PASS,frame=882 face detected
002,face_rgb,002_face_rgb.mp4,882,29.400,frame,check_head_fully,PASS,frame=882 Head is fully visible
002,face_rgb,002_face_rgb.mp4,882,29.400,frame,check_face_size,SKIP,frame=882 non-frontal (label=up); not judged
002,face_rgb,002_face_rgb.mp4,882,29.400,frame,check_eyes_open,SKIP,frame=882 non-frontal (label=up); not judged
002,face_rgb,002_face_rgb.mp4,882,29.400,frame,check_face_blur,SKIP,frame=882 non-frontal (label=up); not judged
002,face_rgb,002_face_rgb.mp4,882,29.400,frame,check_brightness,SKIP,frame=882 non-frontal (label=up); not judged
002,face_rgb,002_face_rgb.mp4,888,29.600,frame,check_face_detected,PASS,frame=888 face detected
002,face_rgb,002_face_rgb.mp4,888,29.600,frame,check_head_fully,PASS,frame=888 Head is fully visible
002,face_rgb,002_face_rgb.mp4,888,29.600,frame,check_face_size,SKIP,frame=888 non-frontal (label=up); not judged
002,face_rgb,002_face_rgb.mp4,888,29.600,frame,check_eyes_open,SKIP,frame=888 non-frontal (label=up); not judged
002,face_rgb,002_face_rgb.mp4,888,29.600,frame,check_face_blur,SKIP,frame=888 non-frontal (label=up); not judged
002,face_rgb,002_face_rgb.mp4,888,29.600,frame,check_brightness,SKIP,frame=888 non-frontal (label=up); not judged
002,face_rgb,002_face_rgb.mp4,894,29.800,frame,check_face_detected,PASS,frame=894 face detected
002,face_rgb,002_face_rgb.mp4,894,29.800,frame,check_head_fully,PASS,frame=894 Head is fully visible
002,face_rgb,002_face_rgb.mp4,894,29.800,frame,check_face_size,SKIP,frame=894 non-frontal (label=up); not judged
002,face_rgb,002_face_rgb.mp4,894,29.800,frame,check_eyes_open,SKIP,frame=894 non-frontal (label=up); not judged
002,face_rgb,002_face_rgb.mp4,894,29.800,frame,check_face_blur,SKIP,frame=894 non-frontal (label=up); not judged
002,face_rgb,002_face_rgb.mp4,894,29.800,frame,check_brightness,SKIP,frame=894 non-frontal (label=up); not judged
002,face_rgb,002_face_rgb.mp4,900,30.000,frame,check_face_detected,PASS,frame=900 face detected
002,face_rgb,002_face_rgb.mp4,900,30.000,frame,check_head_fully,PASS,frame=900 Head is fully visible
002,face_rgb,002_face_rgb.mp4,900,30.000,frame,check_face_size,SKIP,frame=900 non-frontal (label=up); not judged
002,face_rgb,002_face_rgb.mp4,900,30.000,frame,check_eyes_open,SKIP,frame=900 non-frontal (label=up); not judged
002,face_rgb,002_face_rgb.mp4,900,30.000,frame,check_face_blur,SKIP,frame=900 non-frontal (label=up); not judged
002,face_rgb,002_face_rgb.mp4,900,30.000,frame,check_brightness,SKIP,frame=900 non-frontal (label=up); not judged
002,face_rgb,002_face_rgb.mp4,906,30.200,frame,check_face_detected,PASS,frame=906 face detected
002,face_rgb,002_face_rgb.mp4,906,30.200,frame,check_head_fully,PASS,frame=906 Head is fully visible
002,face_rgb,002_face_rgb.mp4,906,30.200,frame,check_face_size,SKIP,frame=906 non-frontal (label=up); not judged
002,face_rgb,002_face_rgb.mp4,906,30.200,frame,check_eyes_open,SKIP,frame=906 non-frontal (label=up); not judged
002,face_rgb,002_face_rgb.mp4,906,30.200,frame,check_face_blur,SKIP,frame=906 non-frontal (label=up); not judged
002,face_rgb,002_face_rgb.mp4,906,30.200,frame,check_brightness,SKIP,frame=906 non-frontal (label=up); not judged
002,face_rgb,002_face_rgb.mp4,912,30.400,frame,check_face_detected,PASS,frame=912 face detected
002,face_rgb,002_face_rgb.mp4,912,30.400,frame,check_head_fully,PASS,frame=912 Head is fully visible
002,face_rgb,002_face_rgb.mp4,912,30.400,frame,check_face_size,SKIP,frame=912 non-frontal (label=up); not judged
002,face_rgb,002_face_rgb.mp4,912,30.400,frame,check_eyes_open,SKIP,frame=912 non-frontal (label=up); not judged
002,face_rgb,002_face_rgb.mp4,912,30.400,frame,check_face_blur,SKIP,frame=912 non-frontal (label=up); not judged
002,face_rgb,002_face_rgb.mp4,912,30.400,frame,check_brightness,SKIP,frame=912 non-frontal (label=up); not judged
002,face_rgb,002_face_rgb.mp4,918,30.600,frame,check_face_detected,PASS,frame=918 face detected
002,face_rgb,002_face_rgb.mp4,918,30.600,frame,check_head_fully,PASS,frame=918 Head is fully visible
002,face_rgb,002_face_rgb.mp4,918,30.600,frame,check_face_size,SKIP,frame=918 non-frontal (label=up); not judged
002,face_rgb,002_face_rgb.mp4,918,30.600,frame,check_eyes_open,SKIP,frame=918 non-frontal (label=up); not judged
002,face_rgb,002_face_rgb.mp4,918,30.600,frame,check_face_blur,SKIP,frame=918 non-frontal (label=up); not judged
002,face_rgb,002_face_rgb.mp4,918,30.600,frame,check_brightness,SKIP,frame=918 non-frontal (label=up); not judged
002,face_rgb,002_face_rgb.mp4,924,30.800,frame,check_face_detected,PASS,frame=924 face detected
002,face_rgb,002_face_rgb.mp4,924,30.800,frame,check_head_fully,PASS,frame=924 Head is fully visible
002,face_rgb,002_face_rgb.mp4,924,30.800,frame,check_face_size,SKIP,frame=924 non-frontal (label=up); not judged
002,face_rgb,002_face_rgb.mp4,924,30.800,frame,check_eyes_open,SKIP,frame=924 non-frontal (label=up); not judged
002,face_rgb,002_face_rgb.mp4,924,30.800,frame,check_face_blur,SKIP,frame=924 non-frontal (label=up); not judged
002,face_rgb,002_face_rgb.mp4,924,30.800,frame,check_brightness,SKIP,frame=924 non-frontal (label=up); not judged
002,face_rgb,002_face_rgb.mp4,930,31.000,frame,check_face_detected,PASS,frame=930 face detected
002,face_rgb,002_face_rgb.mp4,930,31.000,frame,check_head_fully,PASS,frame=930 Head is fully visible
002,face_rgb,002_face_rgb.mp4,930,31.000,frame,check_face_size,SKIP,frame=930 non-frontal (label=up); not judged
002,face_rgb,002_face_rgb.mp4,930,31.000,frame,check_eyes_open,SKIP,frame=930 non-frontal (label=up); not judged
002,face_rgb,002_face_rgb.mp4,930,31.000,frame,check_face_blur,SKIP,frame=930 non-frontal (label=up); not judged
002,face_rgb,002_face_rgb.mp4,930,31.000,frame,check_brightness,SKIP,frame=930 non-frontal (label=up); not judged
002,face_rgb,002_face_rgb.mp4,936,31.200,frame,check_face_detected,PASS,frame=936 face detected
002,face_rgb,002_face_rgb.mp4,936,31.200,frame,check_head_fully,PASS,frame=936 Head is fully visible
002,face_rgb,002_face_rgb.mp4,936,31.200,frame,check_face_size,SKIP,frame=936 non-frontal (label=up); not judged
002,face_rgb,002_face_rgb.mp4,936,31.200,frame,check_eyes_open,SKIP,frame=936 non-frontal (label=up); not judged
002,face_rgb,002_face_rgb.mp4,936,31.200,frame,check_face_blur,SKIP,frame=936 non-frontal (label=up); not judged
002,face_rgb,002_face_rgb.mp4,936,31.200,frame,check_brightness,SKIP,frame=936 non-frontal (label=up); not judged
002,face_rgb,002_face_rgb.mp4,942,31.400,frame,check_face_detected,PASS,frame=942 face detected
002,face_rgb,002_face_rgb.mp4,942,31.400,frame,check_head_fully,PASS,frame=942 Head is fully visible
002,face_rgb,002_face_rgb.mp4,942,31.400,frame,check_face_size,SKIP,frame=942 non-frontal (label=up); not judged
002,face_rgb,002_face_rgb.mp4,942,31.400,frame,check_eyes_open,SKIP,frame=942 non-frontal (label=up); not judged
002,face_rgb,002_face_rgb.mp4,942,31.400,frame,check_face_blur,SKIP,frame=942 non-frontal (label=up); not judged
002,face_rgb,002_face_rgb.mp4,942,31.400,frame,check_brightness,SKIP,frame=942 non-frontal (label=up); not judged
002,face_rgb,002_face_rgb.mp4,948,31.600,frame,check_face_detected,PASS,frame=948 face detected
002,face_rgb,002_face_rgb.mp4,948,31.600,frame,check_head_fully,PASS,frame=948 Head is fully visible
002,face_rgb,002_face_rgb.mp4,948,31.600,frame,check_face_size,SKIP,frame=948 non-frontal (label=up); not judged
002,face_rgb,002_face_rgb.mp4,948,31.600,frame,check_eyes_open,SKIP,frame=948 non-frontal (label=up); not judged
002,face_rgb,002_face_rgb.mp4,948,31.600,frame,check_face_blur,SKIP,frame=948 non-frontal (label=up); not judged
002,face_rgb,002_face_rgb.mp4,948,31.600,frame,check_brightness,SKIP,frame=948 non-frontal (label=up); not judged
002,face_rgb,002_face_rgb.mp4,954,31.800,frame,check_face_detected,PASS,frame=954 face detected
002,face_rgb,002_face_rgb.mp4,954,31.800,frame,check_head_fully,PASS,frame=954 Head is fully visible
002,face_rgb,002_face_rgb.mp4,954,31.800,frame,check_face_size,SKIP,frame=954 non-frontal (label=up); not judged
002,face_rgb,002_face_rgb.mp4,954,31.800,frame,check_eyes_open,SKIP,frame=954 non-frontal (label=up); not judged
002,face_rgb,002_face_rgb.mp4,954,31.800,frame,check_face_blur,SKIP,frame=954 non-frontal (label=up); not judged
002,face_rgb,002_face_rgb.mp4,954,31.800,frame,check_brightness,SKIP,frame=954 non-frontal (label=up); not judged
002,face_rgb,002_face_rgb.mp4,960,32.000,frame,check_face_detected,PASS,frame=960 face detected
002,face_rgb,002_face_rgb.mp4,960,32.000,frame,check_head_fully,PASS,frame=960 Head is fully visible
002,face_rgb,002_face_rgb.mp4,960,32.000,frame,check_face_size,SKIP,frame=960 non-frontal (label=up); not judged
002,face_rgb,002_face_rgb.mp4,960,32.000,frame,check_eyes_open,SKIP,frame=960 non-frontal (label=up); not judged
002,face_rgb,002_face_rgb.mp4,960,32.000,frame,check_face_blur,SKIP,frame=960 non-frontal (label=up); not judged
002,face_rgb,002_face_rgb.mp4,960,32.000,frame,check_brightness,SKIP,frame=960 non-frontal (label=up); not judged
002,face_rgb,002_face_rgb.mp4,966,32.200,frame,check_face_detected,PASS,frame=966 face detected
002,face_rgb,002_face_rgb.mp4,966,32.200,frame,check_head_fully,PASS,frame=966 Head is fully visible
002,face_rgb,002_face_rgb.mp4,966,32.200,frame,check_face_size,SKIP,frame=966 non-frontal (label=up); not judged
002,face_rgb,002_face_rgb.mp4,966,32.200,frame,check_eyes_open,SKIP,frame=966 non-frontal (label=up); not judged
002,face_rgb,002_face_rgb.mp4,966,32.200,frame,check_face_blur,SKIP,frame=966 non-frontal (label=up); not judged
002,face_rgb,002_face_rgb.mp4,966,32.200,frame,check_brightness,SKIP,frame=966 non-frontal (label=up); not judged
002,face_rgb,002_face_rgb.mp4,972,32.400,frame,check_face_detected,PASS,frame=972 face detected
002,face_rgb,002_face_rgb.mp4,972,32.400,frame,check_head_fully,PASS,frame=972 Head is fully visible
002,face_rgb,002_face_rgb.mp4,972,32.400,frame,check_face_size,SKIP,frame=972 non-frontal (label=up); not judged
002,face_rgb,002_face_rgb.mp4,972,32.400,frame,check_eyes_open,SKIP,frame=972 non-frontal (label=up); not judged
002,face_rgb,002_face_rgb.mp4,972,32.400,frame,check_face_blur,SKIP,frame=972 non-frontal (label=up); not judged
002,face_rgb,002_face_rgb.mp4,972,32.400,frame,check_brightness,SKIP,frame=972 non-frontal (label=up); not judged
002,face_rgb,002_face_rgb.mp4,978,32.600,frame,check_face_detected,PASS,frame=978 face detected
002,face_rgb,002_face_rgb.mp4,978,32.600,frame,check_head_fully,PASS,frame=978 Head is fully visible
002,face_rgb,002_face_rgb.mp4,978,32.600,frame,check_face_size,SKIP,frame=978 non-frontal (label=up); not judged
002,face_rgb,002_face_rgb.mp4,978,32.600,frame,check_eyes_open,SKIP,frame=978 non-frontal (label=up); not judged
002,face_rgb,002_face_rgb.mp4,978,32.600,frame,check_face_blur,SKIP,frame=978 non-frontal (label=up); not judged
002,face_rgb,002_face_rgb.mp4,978,32.600,frame,check_brightness,SKIP,frame=978 non-frontal (label=up); not judged
002,face_rgb,002_face_rgb.mp4,984,32.800,frame,check_face_detected,PASS,frame=984 face detected
002,face_rgb,002_face_rgb.mp4,984,32.800,frame,check_head_fully,PASS,frame=984 Head is fully visible
002,face_rgb,002_face_rgb.mp4,984,32.800,frame,check_face_size,PASS,frame=984 face=524x630 >= 180x180
002,face_rgb,002_face_rgb.mp4,984,32.800,frame,check_eyes_open,PASS,"frame=984 eyes open (blinkL=0.19, blinkR=0.25 < 0.5)"
002,face_rgb,002_face_rgb.mp4,984,32.800,frame,check_face_blur,PASS,frame=984 blur variance=247.6 >= 90
002,face_rgb,002_face_rgb.mp4,984,32.800,frame,check_brightness,PASS,frame=984 brightness normal; 35 <= 154 <= 200
002,face_rgb,002_face_rgb.mp4,990,33.000,frame,check_face_detected,PASS,frame=990 face detected
002,face_rgb,002_face_rgb.mp4,990,33.000,frame,check_head_fully,PASS,frame=990 Head is fully visible
002,face_rgb,002_face_rgb.mp4,990,33.000,frame,check_face_size,PASS,frame=990 face=528x661 >= 180x180
002,face_rgb,002_face_rgb.mp4,990,33.000,frame,check_eyes_open,PASS,"frame=990 eyes open (blinkL=0.26, blinkR=0.25 < 0.5)"
002,face_rgb,002_face_rgb.mp4,990,33.000,frame,check_face_blur,PASS,frame=990 blur variance=280.1 >= 90
002,face_rgb,002_face_rgb.mp4,990,33.000,frame,check_brightness,PASS,frame=990 brightness normal; 35 <= 154 <= 200
002,face_rgb,002_face_rgb.mp4,996,33.200,frame,check_face_detected,PASS,frame=996 face detected
002,face_rgb,002_face_rgb.mp4,996,33.200,frame,check_head_fully,PASS,frame=996 Head is fully visible
002,face_rgb,002_face_rgb.mp4,996,33.200,frame,check_face_size,PASS,frame=996 face=533x675 >= 180x180
002,face_rgb,002_face_rgb.mp4,996,33.200,frame,check_eyes_open,PASS,"frame=996 eyes open (blinkL=0.25, blinkR=0.23 < 0.5)"
002,face_rgb,002_face_rgb.mp4,996,33.200,frame,check_face_blur,PASS,frame=996 blur variance=320.2 >= 90
002,face_rgb,002_face_rgb.mp4,996,33.200,frame,check_brightness,PASS,frame=996 brightness normal; 35 <= 154 <= 200
002,face_rgb,002_face_rgb.mp4,1002,33.400,frame,check_face_detected,PASS,frame=1002 face detected
002,face_rgb,002_face_rgb.mp4,1002,33.400,frame,check_head_fully,PASS,frame=1002 Head is fully visible
002,face_rgb,002_face_rgb.mp4,1002,33.400,frame,check_face_size,PASS,frame=1002 face=540x677 >= 180x180
002,face_rgb,002_face_rgb.mp4,1002,33.400,frame,check_eyes_open,PASS,"frame=1002 eyes open (blinkL=0.19, blinkR=0.21 < 0.5)"
002,face_rgb,002_face_rgb.mp4,1002,33.400,frame,check_face_blur,PASS,frame=1002 blur variance=313.3 >= 90
002,face_rgb,002_face_rgb.mp4,1002,33.400,frame,check_brightness,PASS,frame=1002 brightness normal; 35 <= 155 <= 200
002,face_rgb,002_face_rgb.mp4,1008,33.600,frame,check_face_detected,PASS,frame=1008 face detected
002,face_rgb,002_face_rgb.mp4,1008,33.600,frame,check_head_fully,PASS,frame=1008 Head is fully visible
002,face_rgb,002_face_rgb.mp4,1008,33.600,frame,check_face_size,PASS,frame=1008 face=543x686 >= 180x180
002,face_rgb,002_face_rgb.mp4,1008,33.600,frame,check_eyes_open,PASS,"frame=1008 eyes open (blinkL=0.21, blinkR=0.22 < 0.5)"
002,face_rgb,002_face_rgb.mp4,1008,33.600,frame,check_face_blur,PASS,frame=1008 blur variance=285.8 >= 90
002,face_rgb,002_face_rgb.mp4,1008,33.600,frame,check_brightness,PASS,frame=1008 brightness normal; 35 <= 155 <= 200
002,face_rgb,002_face_rgb.mp4,1014,33.800,frame,check_face_detected,PASS,frame=1014 face detected
002,face_rgb,002_face_rgb.mp4,1014,33.800,frame,check_head_fully,PASS,frame=1014 Head is fully visible
002,face_rgb,002_face_rgb.mp4,1014,33.800,frame,check_face_size,PASS,frame=1014 face=545x681 >= 180x180
002,face_rgb,002_face_rgb.mp4,1014,33.800,frame,check_eyes_open,PASS,"frame=1014 eyes open (blinkL=0.19, blinkR=0.20 < 0.5)"
002,face_rgb,002_face_rgb.mp4,1014,33.800,frame,check_face_blur,PASS,frame=1014 blur variance=254.3 >= 90
002,face_rgb,002_face_rgb.mp4,1014,33.800,frame,check_brightness,PASS,frame=1014 brightness normal; 35 <= 156 <= 200
002,face_rgb,002_face_rgb.mp4,1020,34.000,frame,check_face_detected,PASS,frame=1020 face detected
002,face_rgb,002_face_rgb.mp4,1020,34.000,frame,check_head_fully,PASS,frame=1020 Head is fully visible
002,face_rgb,002_face_rgb.mp4,1020,34.000,frame,check_face_size,PASS,frame=1020 face=545x681 >= 180x180
002,face_rgb,002_face_rgb.mp4,1020,34.000,frame,check_eyes_open,PASS,"frame=1020 eyes open (blinkL=0.18, blinkR=0.21 < 0.5)"
002,face_rgb,002_face_rgb.mp4,1020,34.000,frame,check_face_blur,PASS,frame=1020 blur variance=234.4 >= 90
002,face_rgb,002_face_rgb.mp4,1020,34.000,frame,check_brightness,PASS,frame=1020 brightness normal; 35 <= 157 <= 200
002,face_rgb,002_face_rgb.mp4,1026,34.200,frame,check_face_detected,PASS,frame=1026 face detected
002,face_rgb,002_face_rgb.mp4,1026,34.200,frame,check_head_fully,PASS,frame=1026 Head is fully visible
002,face_rgb,002_face_rgb.mp4,1026,34.200,frame,check_face_size,PASS,frame=1026 face=546x680 >= 180x180
002,face_rgb,002_face_rgb.mp4,1026,34.200,frame,check_eyes_open,PASS,"frame=1026 eyes open (blinkL=0.18, blinkR=0.19 < 0.5)"
002,face_rgb,002_face_rgb.mp4,1026,34.200,frame,check_face_blur,PASS,frame=1026 blur variance=256.7 >= 90
002,face_rgb,002_face_rgb.mp4,1026,34.200,frame,check_brightness,PASS,frame=1026 brightness normal; 35 <= 157 <= 200
002,face_rgb,002_face_rgb.mp4,1032,34.400,frame,check_face_detected,PASS,frame=1032 face detected
002,face_rgb,002_face_rgb.mp4,1032,34.400,frame,check_head_fully,PASS,frame=1032 Head is fully visible
002,face_rgb,002_face_rgb.mp4,1032,34.400,frame,check_face_size,PASS,frame=1032 face=544x679 >= 180x180
002,face_rgb,002_face_rgb.mp4,1032,34.400,frame,check_eyes_open,PASS,"frame=1032 eyes open (blinkL=0.18, blinkR=0.20 < 0.5)"
002,face_rgb,002_face_rgb.mp4,1032,34.400,frame,check_face_blur,PASS,frame=1032 blur variance=228.5 >= 90
002,face_rgb,002_face_rgb.mp4,1032,34.400,frame,check_brightness,PASS,frame=1032 brightness normal; 35 <= 158 <= 200
002,face_rgb,002_face_rgb.mp4,1038,34.600,frame,check_face_detected,PASS,frame=1038 face detected
002,face_rgb,002_face_rgb.mp4,1038,34.600,frame,check_head_fully,PASS,frame=1038 Head is fully visible
002,face_rgb,002_face_rgb.mp4,1038,34.600,frame,check_face_size,PASS,frame=1038 face=544x677 >= 180x180
002,face_rgb,002_face_rgb.mp4,1038,34.600,frame,check_eyes_open,PASS,"frame=1038 eyes open (blinkL=0.22, blinkR=0.25 < 0.5)"
002,face_rgb,002_face_rgb.mp4,1038,34.600,frame,check_face_blur,PASS,frame=1038 blur variance=224.5 >= 90
002,face_rgb,002_face_rgb.mp4,1038,34.600,frame,check_brightness,PASS,frame=1038 brightness normal; 35 <= 158 <= 200
002,face_rgb,002_face_rgb.mp4,1044,34.800,frame,check_face_detected,PASS,frame=1044 face detected
002,face_rgb,002_face_rgb.mp4,1044,34.800,frame,check_head_fully,PASS,frame=1044 Head is fully visible
002,face_rgb,002_face_rgb.mp4,1044,34.800,frame,check_face_size,PASS,frame=1044 face=545x677 >= 180x180
002,face_rgb,002_face_rgb.mp4,1044,34.800,frame,check_eyes_open,PASS,"frame=1044 eyes open (blinkL=0.19, blinkR=0.20 < 0.5)"
002,face_rgb,002_face_rgb.mp4,1044,34.800,frame,check_face_blur,PASS,frame=1044 blur variance=225.0 >= 90
002,face_rgb,002_face_rgb.mp4,1044,34.800,frame,check_brightness,PASS,frame=1044 brightness normal; 35 <= 158 <= 200
002,face_rgb,002_face_rgb.mp4,1050,35.000,frame,check_face_detected,PASS,frame=1050 face detected
002,face_rgb,002_face_rgb.mp4,1050,35.000,frame,check_head_fully,PASS,frame=1050 Head is fully visible
002,face_rgb,002_face_rgb.mp4,1050,35.000,frame,check_face_size,PASS,frame=1050 face=545x684 >= 180x180
002,face_rgb,002_face_rgb.mp4,1050,35.000,frame,check_eyes_open,PASS,"frame=1050 eyes open (blinkL=0.19, blinkR=0.19 < 0.5)"
002,face_rgb,002_face_rgb.mp4,1050,35.000,frame,check_face_blur,PASS,frame=1050 blur variance=261.0 >= 90
002,face_rgb,002_face_rgb.mp4,1050,35.000,frame,check_brightness,PASS,frame=1050 brightness normal; 35 <= 157 <= 200
002,face_rgb,002_face_rgb.mp4,1056,35.200,frame,check_face_detected,PASS,frame=1056 face detected
002,face_rgb,002_face_rgb.mp4,1056,35.200,frame,check_head_fully,PASS,frame=1056 Head is fully visible
002,face_rgb,002_face_rgb.mp4,1056,35.200,frame,check_face_size,PASS,frame=1056 face=544x680 >= 180x180
002,face_rgb,002_face_rgb.mp4,1056,35.200,frame,check_eyes_open,PASS,"frame=1056 eyes open (blinkL=0.20, blinkR=0.20 < 0.5)"
002,face_rgb,002_face_rgb.mp4,1056,35.200,frame,check_face_blur,PASS,frame=1056 blur variance=256.5 >= 90
002,face_rgb,002_face_rgb.mp4,1056,35.200,frame,check_brightness,PASS,frame=1056 brightness normal; 35 <= 157 <= 200
002,face_rgb,002_face_rgb.mp4,1062,35.400,frame,check_face_detected,PASS,frame=1062 face detected
002,face_rgb,002_face_rgb.mp4,1062,35.400,frame,check_head_fully,PASS,frame=1062 Head is fully visible
002,face_rgb,002_face_rgb.mp4,1062,35.400,frame,check_face_size,PASS,frame=1062 face=543x680 >= 180x180
002,face_rgb,002_face_rgb.mp4,1062,35.400,frame,check_eyes_open,PASS,"frame=1062 eyes open (blinkL=0.19, blinkR=0.20 < 0.5)"
002,face_rgb,002_face_rgb.mp4,1062,35.400,frame,check_face_blur,PASS,frame=1062 blur variance=275.4 >= 90
002,face_rgb,002_face_rgb.mp4,1062,35.400,frame,check_brightness,PASS,frame=1062 brightness normal; 35 <= 157 <= 200
002,face_rgb,002_face_rgb.mp4,1068,35.600,frame,check_face_detected,PASS,frame=1068 face detected
002,face_rgb,002_face_rgb.mp4,1068,35.600,frame,check_head_fully,PASS,frame=1068 Head is fully visible
002,face_rgb,002_face_rgb.mp4,1068,35.600,frame,check_face_size,PASS,frame=1068 face=542x679 >= 180x180
002,face_rgb,002_face_rgb.mp4,1068,35.600,frame,check_eyes_open,PASS,"frame=1068 eyes open (blinkL=0.22, blinkR=0.24 < 0.5)"
002,face_rgb,002_face_rgb.mp4,1068,35.600,frame,check_face_blur,PASS,frame=1068 blur variance=247.7 >= 90
002,face_rgb,002_face_rgb.mp4,1068,35.600,frame,check_brightness,PASS,frame=1068 brightness normal; 35 <= 157 <= 200
002,face_rgb,002_face_rgb.mp4,1074,35.800,frame,check_face_detected,PASS,frame=1074 face detected
002,face_rgb,002_face_rgb.mp4,1074,35.800,frame,check_head_fully,PASS,frame=1074 Head is fully visible
002,face_rgb,002_face_rgb.mp4,1074,35.800,frame,check_face_size,PASS,frame=1074 face=543x679 >= 180x180
002,face_rgb,002_face_rgb.mp4,1074,35.800,frame,check_eyes_open,PASS,"frame=1074 eyes open (blinkL=0.22, blinkR=0.23 < 0.5)"
002,face_rgb,002_face_rgb.mp4,1074,35.800,frame,check_face_blur,PASS,frame=1074 blur variance=274.3 >= 90
002,face_rgb,002_face_rgb.mp4,1074,35.800,frame,check_brightness,PASS,frame=1074 brightness normal; 35 <= 157 <= 200
002,face_rgb,002_face_rgb.mp4,1080,36.000,frame,check_face_detected,PASS,frame=1080 face detected
002,face_rgb,002_face_rgb.mp4,1080,36.000,frame,check_head_fully,PASS,frame=1080 Head is fully visible
002,face_rgb,002_face_rgb.mp4,1080,36.000,frame,check_face_size,PASS,frame=1080 face=543x676 >= 180x180
002,face_rgb,002_face_rgb.mp4,1080,36.000,frame,check_eyes_open,PASS,"frame=1080 eyes open (blinkL=0.24, blinkR=0.24 < 0.5)"
002,face_rgb,002_face_rgb.mp4,1080,36.000,frame,check_face_blur,PASS,frame=1080 blur variance=260.6 >= 90
002,face_rgb,002_face_rgb.mp4,1080,36.000,frame,check_brightness,PASS,frame=1080 brightness normal; 35 <= 157 <= 200
002,face_rgb,002_face_rgb.mp4,1086,36.200,frame,check_face_detected,PASS,frame=1086 face detected
002,face_rgb,002_face_rgb.mp4,1086,36.200,frame,check_head_fully,PASS,frame=1086 Head is fully visible
002,face_rgb,002_face_rgb.mp4,1086,36.200,frame,check_face_size,PASS,frame=1086 face=543x667 >= 180x180
002,face_rgb,002_face_rgb.mp4,1086,36.200,frame,check_eyes_open,FAIL,"frame=1086 eye(s) closed (blinkL=0.77, blinkR=0.68 >= 0.5)"
002,face_rgb,002_face_rgb.mp4,1086,36.200,frame,check_face_blur,PASS,frame=1086 blur variance=254.8 >= 90
002,face_rgb,002_face_rgb.mp4,1086,36.200,frame,check_brightness,PASS,frame=1086 brightness normal; 35 <= 157 <= 200
002,face_rgb,002_face_rgb.mp4,1092,36.400,frame,check_face_detected,PASS,frame=1092 face detected
002,face_rgb,002_face_rgb.mp4,1092,36.400,frame,check_head_fully,PASS,frame=1092 Head is fully visible
002,face_rgb,002_face_rgb.mp4,1092,36.400,frame,check_face_size,PASS,frame=1092 face=543x688 >= 180x180
002,face_rgb,002_face_rgb.mp4,1092,36.400,frame,check_eyes_open,PASS,"frame=1092 eyes open (blinkL=0.19, blinkR=0.20 < 0.5)"
002,face_rgb,002_face_rgb.mp4,1092,36.400,frame,check_face_blur,PASS,frame=1092 blur variance=277.1 >= 90
002,face_rgb,002_face_rgb.mp4,1092,36.400,frame,check_brightness,PASS,frame=1092 brightness normal; 35 <= 156 <= 200
002,face_rgb,002_face_rgb.mp4,1098,36.600,frame,check_face_detected,PASS,frame=1098 face detected
002,face_rgb,002_face_rgb.mp4,1098,36.600,frame,check_head_fully,PASS,frame=1098 Head is fully visible
002,face_rgb,002_face_rgb.mp4,1098,36.600,frame,check_face_size,PASS,frame=1098 face=544x681 >= 180x180
002,face_rgb,002_face_rgb.mp4,1098,36.600,frame,check_eyes_open,PASS,"frame=1098 eyes open (blinkL=0.20, blinkR=0.19 < 0.5)"
002,face_rgb,002_face_rgb.mp4,1098,36.600,frame,check_face_blur,PASS,frame=1098 blur variance=279.7 >= 90
002,face_rgb,002_face_rgb.mp4,1098,36.600,frame,check_brightness,PASS,frame=1098 brightness normal; 35 <= 156 <= 200
002,face_rgb,002_face_rgb.mp4,1104,36.800,frame,check_face_detected,PASS,frame=1104 face detected
002,face_rgb,002_face_rgb.mp4,1104,36.800,frame,check_head_fully,PASS,frame=1104 Head is fully visible
002,face_rgb,002_face_rgb.mp4,1104,36.800,frame,check_face_size,PASS,frame=1104 face=543x679 >= 180x180
002,face_rgb,002_face_rgb.mp4,1104,36.800,frame,check_eyes_open,PASS,"frame=1104 eyes open (blinkL=0.21, blinkR=0.20 < 0.5)"
002,face_rgb,002_face_rgb.mp4,1104,36.800,frame,check_face_blur,PASS,frame=1104 blur variance=284.3 >= 90
002,face_rgb,002_face_rgb.mp4,1104,36.800,frame,check_brightness,PASS,frame=1104 brightness normal; 35 <= 157 <= 200
002,face_rgb,002_face_rgb.mp4,1110,37.000,frame,check_face_detected,PASS,frame=1110 face detected
002,face_rgb,002_face_rgb.mp4,1110,37.000,frame,check_head_fully,PASS,frame=1110 Head is fully visible
002,face_rgb,002_face_rgb.mp4,1110,37.000,frame,check_face_size,PASS,frame=1110 face=541x674 >= 180x180
002,face_rgb,002_face_rgb.mp4,1110,37.000,frame,check_eyes_open,PASS,"frame=1110 eyes open (blinkL=0.22, blinkR=0.25 < 0.5)"
002,face_rgb,002_face_rgb.mp4,1110,37.000,frame,check_face_blur,PASS,frame=1110 blur variance=236.2 >= 90
002,face_rgb,002_face_rgb.mp4,1110,37.000,frame,check_brightness,PASS,frame=1110 brightness normal; 35 <= 156 <= 200
002,face_rgb,002_face_rgb.mp4,1116,37.200,frame,check_face_detected,PASS,frame=1116 face detected
002,face_rgb,002_face_rgb.mp4,1116,37.200,frame,check_head_fully,PASS,frame=1116 Head is fully visible
002,face_rgb,002_face_rgb.mp4,1116,37.200,frame,check_face_size,SKIP,frame=1116 non-frontal (label=down); not judged
002,face_rgb,002_face_rgb.mp4,1116,37.200,frame,check_eyes_open,SKIP,frame=1116 non-frontal (label=down); not judged
002,face_rgb,002_face_rgb.mp4,1116,37.200,frame,check_face_blur,SKIP,frame=1116 non-frontal (label=down); not judged
002,face_rgb,002_face_rgb.mp4,1116,37.200,frame,check_brightness,SKIP,frame=1116 non-frontal (label=down); not judged
002,face_rgb,002_face_rgb.mp4,1122,37.400,frame,check_face_detected,PASS,frame=1122 face detected
002,face_rgb,002_face_rgb.mp4,1122,37.400,frame,check_head_fully,PASS,frame=1122 Head is fully visible
002,face_rgb,002_face_rgb.mp4,1122,37.400,frame,check_face_size,SKIP,frame=1122 non-frontal (label=down); not judged
002,face_rgb,002_face_rgb.mp4,1122,37.400,frame,check_eyes_open,SKIP,frame=1122 non-frontal (label=down); not judged
002,face_rgb,002_face_rgb.mp4,1122,37.400,frame,check_face_blur,SKIP,frame=1122 non-frontal (label=down); not judged
002,face_rgb,002_face_rgb.mp4,1122,37.400,frame,check_brightness,SKIP,frame=1122 non-frontal (label=down); not judged
002,face_rgb,002_face_rgb.mp4,1128,37.600,frame,check_face_detected,PASS,frame=1128 face detected
002,face_rgb,002_face_rgb.mp4,1128,37.600,frame,check_head_fully,PASS,frame=1128 Head is fully visible
002,face_rgb,002_face_rgb.mp4,1128,37.600,frame,check_face_size,SKIP,frame=1128 non-frontal (label=down); not judged
002,face_rgb,002_face_rgb.mp4,1128,37.600,frame,check_eyes_open,SKIP,frame=1128 non-frontal (label=down); not judged
002,face_rgb,002_face_rgb.mp4,1128,37.600,frame,check_face_blur,SKIP,frame=1128 non-frontal (label=down); not judged
002,face_rgb,002_face_rgb.mp4,1128,37.600,frame,check_brightness,SKIP,frame=1128 non-frontal (label=down); not judged
002,face_rgb,002_face_rgb.mp4,1134,37.800,frame,check_face_detected,PASS,frame=1134 face detected
002,face_rgb,002_face_rgb.mp4,1134,37.800,frame,check_head_fully,PASS,frame=1134 Head is fully visible
002,face_rgb,002_face_rgb.mp4,1134,37.800,frame,check_face_size,SKIP,frame=1134 non-frontal (label=down); not judged
002,face_rgb,002_face_rgb.mp4,1134,37.800,frame,check_eyes_open,SKIP,frame=1134 non-frontal (label=down); not judged
002,face_rgb,002_face_rgb.mp4,1134,37.800,frame,check_face_blur,SKIP,frame=1134 non-frontal (label=down); not judged
002,face_rgb,002_face_rgb.mp4,1134,37.800,frame,check_brightness,SKIP,frame=1134 non-frontal (label=down); not judged
002,face_rgb,002_face_rgb.mp4,1140,38.000,frame,check_face_detected,PASS,frame=1140 face detected
002,face_rgb,002_face_rgb.mp4,1140,38.000,frame,check_head_fully,PASS,frame=1140 Head is fully visible
002,face_rgb,002_face_rgb.mp4,1140,38.000,frame,check_face_size,SKIP,frame=1140 non-frontal (label=down); not judged
002,face_rgb,002_face_rgb.mp4,1140,38.000,frame,check_eyes_open,SKIP,frame=1140 non-frontal (label=down); not judged
002,face_rgb,002_face_rgb.mp4,1140,38.000,frame,check_face_blur,SKIP,frame=1140 non-frontal (label=down); not judged
002,face_rgb,002_face_rgb.mp4,1140,38.000,frame,check_brightness,SKIP,frame=1140 non-frontal (label=down); not judged
002,face_rgb,002_face_rgb.mp4,1146,38.200,frame,check_face_detected,PASS,frame=1146 face detected
002,face_rgb,002_face_rgb.mp4,1146,38.200,frame,check_head_fully,PASS,frame=1146 Head is fully visible
002,face_rgb,002_face_rgb.mp4,1146,38.200,frame,check_face_size,SKIP,frame=1146 non-frontal (label=down); not judged
002,face_rgb,002_face_rgb.mp4,1146,38.200,frame,check_eyes_open,SKIP,frame=1146 non-frontal (label=down); not judged
002,face_rgb,002_face_rgb.mp4,1146,38.200,frame,check_face_blur,SKIP,frame=1146 non-frontal (label=down); not judged
002,face_rgb,002_face_rgb.mp4,1146,38.200,frame,check_brightness,SKIP,frame=1146 non-frontal (label=down); not judged
002,face_rgb,002_face_rgb.mp4,1152,38.400,frame,check_face_detected,PASS,frame=1152 face detected
002,face_rgb,002_face_rgb.mp4,1152,38.400,frame,check_head_fully,PASS,frame=1152 Head is fully visible
002,face_rgb,002_face_rgb.mp4,1152,38.400,frame,check_face_size,SKIP,frame=1152 non-frontal (label=down); not judged
002,face_rgb,002_face_rgb.mp4,1152,38.400,frame,check_eyes_open,SKIP,frame=1152 non-frontal (label=down); not judged
002,face_rgb,002_face_rgb.mp4,1152,38.400,frame,check_face_blur,SKIP,frame=1152 non-frontal (label=down); not judged
002,face_rgb,002_face_rgb.mp4,1152,38.400,frame,check_brightness,SKIP,frame=1152 non-frontal (label=down); not judged
002,face_rgb,002_face_rgb.mp4,1158,38.600,frame,check_face_detected,PASS,frame=1158 face detected
002,face_rgb,002_face_rgb.mp4,1158,38.600,frame,check_head_fully,PASS,frame=1158 Head is fully visible
002,face_rgb,002_face_rgb.mp4,1158,38.600,frame,check_face_size,SKIP,frame=1158 non-frontal (label=down); not judged
002,face_rgb,002_face_rgb.mp4,1158,38.600,frame,check_eyes_open,SKIP,frame=1158 non-frontal (label=down); not judged
002,face_rgb,002_face_rgb.mp4,1158,38.600,frame,check_face_blur,SKIP,frame=1158 non-frontal (label=down); not judged
002,face_rgb,002_face_rgb.mp4,1158,38.600,frame,check_brightness,SKIP,frame=1158 non-frontal (label=down); not judged
002,face_rgb,002_face_rgb.mp4,1164,38.800,frame,check_face_detected,PASS,frame=1164 face detected
002,face_rgb,002_face_rgb.mp4,1164,38.800,frame,check_head_fully,PASS,frame=1164 Head is fully visible
002,face_rgb,002_face_rgb.mp4,1164,38.800,frame,check_face_size,SKIP,frame=1164 non-frontal (label=down); not judged
002,face_rgb,002_face_rgb.mp4,1164,38.800,frame,check_eyes_open,SKIP,frame=1164 non-frontal (label=down); not judged
002,face_rgb,002_face_rgb.mp4,1164,38.800,frame,check_face_blur,SKIP,frame=1164 non-frontal (label=down); not judged
002,face_rgb,002_face_rgb.mp4,1164,38.800,frame,check_brightness,SKIP,frame=1164 non-frontal (label=down); not judged
002,face_rgb,002_face_rgb.mp4,1170,39.000,frame,check_face_detected,PASS,frame=1170 face detected
002,face_rgb,002_face_rgb.mp4,1170,39.000,frame,check_head_fully,PASS,frame=1170 Head is fully visible
002,face_rgb,002_face_rgb.mp4,1170,39.000,frame,check_face_size,SKIP,frame=1170 non-frontal (label=down); not judged
002,face_rgb,002_face_rgb.mp4,1170,39.000,frame,check_eyes_open,SKIP,frame=1170 non-frontal (label=down); not judged
002,face_rgb,002_face_rgb.mp4,1170,39.000,frame,check_face_blur,SKIP,frame=1170 non-frontal (label=down); not judged
002,face_rgb,002_face_rgb.mp4,1170,39.000,frame,check_brightness,SKIP,frame=1170 non-frontal (label=down); not judged
002,face_rgb,002_face_rgb.mp4,1176,39.200,frame,check_face_detected,PASS,frame=1176 face detected
002,face_rgb,002_face_rgb.mp4,1176,39.200,frame,check_head_fully,PASS,frame=1176 Head is fully visible
002,face_rgb,002_face_rgb.mp4,1176,39.200,frame,check_face_size,SKIP,frame=1176 non-frontal (label=down); not judged
002,face_rgb,002_face_rgb.mp4,1176,39.200,frame,check_eyes_open,SKIP,frame=1176 non-frontal (label=down); not judged
002,face_rgb,002_face_rgb.mp4,1176,39.200,frame,check_face_blur,SKIP,frame=1176 non-frontal (label=down); not judged
002,face_rgb,002_face_rgb.mp4,1176,39.200,frame,check_brightness,SKIP,frame=1176 non-frontal (label=down); not judged
002,face_rgb,002_face_rgb.mp4,1182,39.400,frame,check_face_detected,PASS,frame=1182 face detected
002,face_rgb,002_face_rgb.mp4,1182,39.400,frame,check_head_fully,PASS,frame=1182 Head is fully visible
002,face_rgb,002_face_rgb.mp4,1182,39.400,frame,check_face_size,SKIP,frame=1182 non-frontal (label=down); not judged
002,face_rgb,002_face_rgb.mp4,1182,39.400,frame,check_eyes_open,SKIP,frame=1182 non-frontal (label=down); not judged
002,face_rgb,002_face_rgb.mp4,1182,39.400,frame,check_face_blur,SKIP,frame=1182 non-frontal (label=down); not judged
002,face_rgb,002_face_rgb.mp4,1182,39.400,frame,check_brightness,SKIP,frame=1182 non-frontal (label=down); not judged
002,face_rgb,002_face_rgb.mp4,1188,39.600,frame,check_face_detected,PASS,frame=1188 face detected
002,face_rgb,002_face_rgb.mp4,1188,39.600,frame,check_head_fully,PASS,frame=1188 Head is fully visible
002,face_rgb,002_face_rgb.mp4,1188,39.600,frame,check_face_size,SKIP,frame=1188 non-frontal (label=down); not judged
002,face_rgb,002_face_rgb.mp4,1188,39.600,frame,check_eyes_open,SKIP,frame=1188 non-frontal (label=down); not judged
002,face_rgb,002_face_rgb.mp4,1188,39.600,frame,check_face_blur,SKIP,frame=1188 non-frontal (label=down); not judged
002,face_rgb,002_face_rgb.mp4,1188,39.600,frame,check_brightness,SKIP,frame=1188 non-frontal (label=down); not judged
002,face_rgb,002_face_rgb.mp4,1194,39.800,frame,check_face_detected,PASS,frame=1194 face detected
002,face_rgb,002_face_rgb.mp4,1194,39.800,frame,check_head_fully,PASS,frame=1194 Head is fully visible
002,face_rgb,002_face_rgb.mp4,1194,39.800,frame,check_face_size,SKIP,frame=1194 non-frontal (label=down); not judged
002,face_rgb,002_face_rgb.mp4,1194,39.800,frame,check_eyes_open,SKIP,frame=1194 non-frontal (label=down); not judged
002,face_rgb,002_face_rgb.mp4,1194,39.800,frame,check_face_blur,SKIP,frame=1194 non-frontal (label=down); not judged
002,face_rgb,002_face_rgb.mp4,1194,39.800,frame,check_brightness,SKIP,frame=1194 non-frontal (label=down); not judged
002,face_rgb,002_face_rgb.mp4,1200,40.000,frame,check_face_detected,PASS,frame=1200 face detected
002,face_rgb,002_face_rgb.mp4,1200,40.000,frame,check_head_fully,PASS,frame=1200 Head is fully visible
002,face_rgb,002_face_rgb.mp4,1200,40.000,frame,check_face_size,SKIP,frame=1200 non-frontal (label=down); not judged
002,face_rgb,002_face_rgb.mp4,1200,40.000,frame,check_eyes_open,SKIP,frame=1200 non-frontal (label=down); not judged
002,face_rgb,002_face_rgb.mp4,1200,40.000,frame,check_face_blur,SKIP,frame=1200 non-frontal (label=down); not judged
002,face_rgb,002_face_rgb.mp4,1200,40.000,frame,check_brightness,SKIP,frame=1200 non-frontal (label=down); not judged
002,face_rgb,002_face_rgb.mp4,1206,40.200,frame,check_face_detected,PASS,frame=1206 face detected
002,face_rgb,002_face_rgb.mp4,1206,40.200,frame,check_head_fully,PASS,frame=1206 Head is fully visible
002,face_rgb,002_face_rgb.mp4,1206,40.200,frame,check_face_size,SKIP,frame=1206 non-frontal (label=down); not judged
002,face_rgb,002_face_rgb.mp4,1206,40.200,frame,check_eyes_open,SKIP,frame=1206 non-frontal (label=down); not judged
002,face_rgb,002_face_rgb.mp4,1206,40.200,frame,check_face_blur,SKIP,frame=1206 non-frontal (label=down); not judged
002,face_rgb,002_face_rgb.mp4,1206,40.200,frame,check_brightness,SKIP,frame=1206 non-frontal (label=down); not judged
002,face_rgb,002_face_rgb.mp4,1212,40.400,frame,check_face_detected,PASS,frame=1212 face detected
002,face_rgb,002_face_rgb.mp4,1212,40.400,frame,check_head_fully,PASS,frame=1212 Head is fully visible
002,face_rgb,002_face_rgb.mp4,1212,40.400,frame,check_face_size,SKIP,frame=1212 non-frontal (label=down); not judged
002,face_rgb,002_face_rgb.mp4,1212,40.400,frame,check_eyes_open,SKIP,frame=1212 non-frontal (label=down); not judged
002,face_rgb,002_face_rgb.mp4,1212,40.400,frame,check_face_blur,SKIP,frame=1212 non-frontal (label=down); not judged
002,face_rgb,002_face_rgb.mp4,1212,40.400,frame,check_brightness,SKIP,frame=1212 non-frontal (label=down); not judged
002,face_rgb,002_face_rgb.mp4,1218,40.600,frame,check_face_detected,PASS,frame=1218 face detected
002,face_rgb,002_face_rgb.mp4,1218,40.600,frame,check_head_fully,PASS,frame=1218 Head is fully visible
002,face_rgb,002_face_rgb.mp4,1218,40.600,frame,check_face_size,SKIP,frame=1218 non-frontal (label=down); not judged
002,face_rgb,002_face_rgb.mp4,1218,40.600,frame,check_eyes_open,SKIP,frame=1218 non-frontal (label=down); not judged
002,face_rgb,002_face_rgb.mp4,1218,40.600,frame,check_face_blur,SKIP,frame=1218 non-frontal (label=down); not judged
002,face_rgb,002_face_rgb.mp4,1218,40.600,frame,check_brightness,SKIP,frame=1218 non-frontal (label=down); not judged
002,face_rgb,002_face_rgb.mp4,1224,40.800,frame,check_face_detected,PASS,frame=1224 face detected
002,face_rgb,002_face_rgb.mp4,1224,40.800,frame,check_head_fully,PASS,frame=1224 Head is fully visible
002,face_rgb,002_face_rgb.mp4,1224,40.800,frame,check_face_size,SKIP,frame=1224 non-frontal (label=down); not judged
002,face_rgb,002_face_rgb.mp4,1224,40.800,frame,check_eyes_open,SKIP,frame=1224 non-frontal (label=down); not judged
002,face_rgb,002_face_rgb.mp4,1224,40.800,frame,check_face_blur,SKIP,frame=1224 non-frontal (label=down); not judged
002,face_rgb,002_face_rgb.mp4,1224,40.800,frame,check_brightness,SKIP,frame=1224 non-frontal (label=down); not judged
002,face_rgb,002_face_rgb.mp4,1230,41.000,frame,check_face_detected,PASS,frame=1230 face detected
002,face_rgb,002_face_rgb.mp4,1230,41.000,frame,check_head_fully,PASS,frame=1230 Head is fully visible
002,face_rgb,002_face_rgb.mp4,1230,41.000,frame,check_face_size,SKIP,frame=1230 non-frontal (label=down); not judged
002,face_rgb,002_face_rgb.mp4,1230,41.000,frame,check_eyes_open,SKIP,frame=1230 non-frontal (label=down); not judged
002,face_rgb,002_face_rgb.mp4,1230,41.000,frame,check_face_blur,SKIP,frame=1230 non-frontal (label=down); not judged
002,face_rgb,002_face_rgb.mp4,1230,41.000,frame,check_brightness,SKIP,frame=1230 non-frontal (label=down); not judged
002,face_rgb,002_face_rgb.mp4,1236,41.200,frame,check_face_detected,PASS,frame=1236 face detected
002,face_rgb,002_face_rgb.mp4,1236,41.200,frame,check_head_fully,PASS,frame=1236 Head is fully visible
002,face_rgb,002_face_rgb.mp4,1236,41.200,frame,check_face_size,SKIP,frame=1236 non-frontal (label=down); not judged
002,face_rgb,002_face_rgb.mp4,1236,41.200,frame,check_eyes_open,SKIP,frame=1236 non-frontal (label=down); not judged
002,face_rgb,002_face_rgb.mp4,1236,41.200,frame,check_face_blur,SKIP,frame=1236 non-frontal (label=down); not judged
002,face_rgb,002_face_rgb.mp4,1236,41.200,frame,check_brightness,SKIP,frame=1236 non-frontal (label=down); not judged
002,face_rgb,002_face_rgb.mp4,1242,41.400,frame,check_face_detected,PASS,frame=1242 face detected
002,face_rgb,002_face_rgb.mp4,1242,41.400,frame,check_head_fully,PASS,frame=1242 Head is fully visible
002,face_rgb,002_face_rgb.mp4,1242,41.400,frame,check_face_size,PASS,frame=1242 face=581x698 >= 180x180
002,face_rgb,002_face_rgb.mp4,1242,41.400,frame,check_eyes_open,PASS,"frame=1242 eyes open (blinkL=0.14, blinkR=0.15 < 0.5)"
002,face_rgb,002_face_rgb.mp4,1242,41.400,frame,check_face_blur,PASS,frame=1242 blur variance=233.7 >= 90
002,face_rgb,002_face_rgb.mp4,1242,41.400,frame,check_brightness,PASS,frame=1242 brightness normal; 35 <= 162 <= 200
002,face_rgb,002_face_rgb.mp4,1248,41.600,frame,check_face_detected,PASS,frame=1248 face detected
002,face_rgb,002_face_rgb.mp4,1248,41.600,frame,check_head_fully,PASS,frame=1248 Head is fully visible
002,face_rgb,002_face_rgb.mp4,1248,41.600,frame,check_face_size,PASS,frame=1248 face=564x711 >= 180x180
002,face_rgb,002_face_rgb.mp4,1248,41.600,frame,check_eyes_open,PASS,"frame=1248 eyes open (blinkL=0.13, blinkR=0.13 < 0.5)"
002,face_rgb,002_face_rgb.mp4,1248,41.600,frame,check_face_blur,PASS,frame=1248 blur variance=277.0 >= 90
002,face_rgb,002_face_rgb.mp4,1248,41.600,frame,check_brightness,PASS,frame=1248 brightness normal; 35 <= 166 <= 200
002,face_rgb,002_face_rgb.mp4,1254,41.800,frame,check_face_detected,PASS,frame=1254 face detected
002,face_rgb,002_face_rgb.mp4,1254,41.800,frame,check_head_fully,PASS,frame=1254 Head is fully visible
002,face_rgb,002_face_rgb.mp4,1254,41.800,frame,check_face_size,PASS,frame=1254 face=549x701 >= 180x180
002,face_rgb,002_face_rgb.mp4,1254,41.800,frame,check_eyes_open,PASS,"frame=1254 eyes open (blinkL=0.14, blinkR=0.12 < 0.5)"
002,face_rgb,002_face_rgb.mp4,1254,41.800,frame,check_face_blur,PASS,frame=1254 blur variance=308.0 >= 90
002,face_rgb,002_face_rgb.mp4,1254,41.800,frame,check_brightness,PASS,frame=1254 brightness normal; 35 <= 165 <= 200
002,face_rgb,002_face_rgb.mp4,1260,42.000,frame,check_face_detected,PASS,frame=1260 face detected
002,face_rgb,002_face_rgb.mp4,1260,42.000,frame,check_head_fully,PASS,frame=1260 Head is fully visible
002,face_rgb,002_face_rgb.mp4,1260,42.000,frame,check_face_size,PASS,frame=1260 face=540x688 >= 180x180
002,face_rgb,002_face_rgb.mp4,1260,42.000,frame,check_eyes_open,PASS,"frame=1260 eyes open (blinkL=0.13, blinkR=0.10 < 0.5)"
002,face_rgb,002_face_rgb.mp4,1260,42.000,frame,check_face_blur,PASS,frame=1260 blur variance=313.5 >= 90
002,face_rgb,002_face_rgb.mp4,1260,42.000,frame,check_brightness,PASS,frame=1260 brightness normal; 35 <= 162 <= 200
002,face_rgb,002_face_rgb.mp4,1266,42.200,frame,check_face_detected,PASS,frame=1266 face detected
002,face_rgb,002_face_rgb.mp4,1266,42.200,frame,check_head_fully,PASS,frame=1266 Head is fully visible
002,face_rgb,002_face_rgb.mp4,1266,42.200,frame,check_face_size,PASS,frame=1266 face=540x679 >= 180x180
002,face_rgb,002_face_rgb.mp4,1266,42.200,frame,check_eyes_open,PASS,"frame=1266 eyes open (blinkL=0.21, blinkR=0.22 < 0.5)"
002,face_rgb,002_face_rgb.mp4,1266,42.200,frame,check_face_blur,PASS,frame=1266 blur variance=276.2 >= 90
002,face_rgb,002_face_rgb.mp4,1266,42.200,frame,check_brightness,PASS,frame=1266 brightness normal; 35 <= 160 <= 200
002,face_rgb,002_face_rgb.mp4,1272,42.400,frame,check_face_detected,PASS,frame=1272 face detected
002,face_rgb,002_face_rgb.mp4,1272,42.400,frame,check_head_fully,PASS,frame=1272 Head is fully visible
002,face_rgb,002_face_rgb.mp4,1272,42.400,frame,check_face_size,PASS,frame=1272 face=532x668 >= 180x180
002,face_rgb,002_face_rgb.mp4,1272,42.400,frame,check_eyes_open,FAIL,"frame=1272 eye(s) closed (blinkL=0.75, blinkR=0.66 >= 0.5)"
002,face_rgb,002_face_rgb.mp4,1272,42.400,frame,check_face_blur,PASS,frame=1272 blur variance=285.8 >= 90
002,face_rgb,002_face_rgb.mp4,1272,42.400,frame,check_brightness,PASS,frame=1272 brightness normal; 35 <= 159 <= 200
002,face_rgb,002_face_rgb.mp4,1278,42.600,frame,check_face_detected,PASS,frame=1278 face detected
002,face_rgb,002_face_rgb.mp4,1278,42.600,frame,check_head_fully,PASS,frame=1278 Head is fully visible
002,face_rgb,002_face_rgb.mp4,1278,42.600,frame,check_face_size,PASS,frame=1278 face=535x676 >= 180x180
002,face_rgb,002_face_rgb.mp4,1278,42.600,frame,check_eyes_open,PASS,"frame=1278 eyes open (blinkL=0.38, blinkR=0.37 < 0.5)"
002,face_rgb,002_face_rgb.mp4,1278,42.600,frame,check_face_blur,PASS,frame=1278 blur variance=295.8 >= 90
002,face_rgb,002_face_rgb.mp4,1278,42.600,frame,check_brightness,PASS,frame=1278 brightness normal; 35 <= 157 <= 200
002,face_rgb,002_face_rgb.mp4,1284,42.800,frame,check_face_detected,PASS,frame=1284 face detected
002,face_rgb,002_face_rgb.mp4,1284,42.800,frame,check_head_fully,PASS,frame=1284 Head is fully visible
002,face_rgb,002_face_rgb.mp4,1284,42.800,frame,check_face_size,PASS,frame=1284 face=536x678 >= 180x180
002,face_rgb,002_face_rgb.mp4,1284,42.800,frame,check_eyes_open,PASS,"frame=1284 eyes open (blinkL=0.33, blinkR=0.31 < 0.5)"
002,face_rgb,002_face_rgb.mp4,1284,42.800,frame,check_face_blur,PASS,frame=1284 blur variance=336.6 >= 90
002,face_rgb,002_face_rgb.mp4,1284,42.800,frame,check_brightness,PASS,frame=1284 brightness normal; 35 <= 156 <= 200
002,face_rgb,002_face_rgb.mp4,1290,43.000,frame,check_face_detected,PASS,frame=1290 face detected
002,face_rgb,002_face_rgb.mp4,1290,43.000,frame,check_head_fully,PASS,frame=1290 Head is fully visible
002,face_rgb,002_face_rgb.mp4,1290,43.000,frame,check_face_size,PASS,frame=1290 face=530x667 >= 180x180
002,face_rgb,002_face_rgb.mp4,1290,43.000,frame,check_eyes_open,FAIL,"frame=1290 eye(s) closed (blinkL=0.72, blinkR=0.69 >= 0.5)"
002,face_rgb,002_face_rgb.mp4,1290,43.000,frame,check_face_blur,PASS,frame=1290 blur variance=348.8 >= 90
002,face_rgb,002_face_rgb.mp4,1290,43.000,frame,check_brightness,PASS,frame=1290 brightness normal; 35 <= 155 <= 200
002,face_rgb,002_face_rgb.mp4,1296,43.200,frame,check_face_detected,PASS,frame=1296 face detected
002,face_rgb,002_face_rgb.mp4,1296,43.200,frame,check_head_fully,PASS,frame=1296 Head is fully visible
002,face_rgb,002_face_rgb.mp4,1296,43.200,frame,check_face_size,PASS,frame=1296 face=536x677 >= 180x180
002,face_rgb,002_face_rgb.mp4,1296,43.200,frame,check_eyes_open,PASS,"frame=1296 eyes open (blinkL=0.27, blinkR=0.28 < 0.5)"
002,face_rgb,002_face_rgb.mp4,1296,43.200,frame,check_face_blur,PASS,frame=1296 blur variance=336.9 >= 90
002,face_rgb,002_face_rgb.mp4,1296,43.200,frame,check_brightness,PASS,frame=1296 brightness normal; 35 <= 153 <= 200
002,face_rgb,002_face_rgb.mp4,1302,43.400,frame,check_face_detected,PASS,frame=1302 face detected
002,face_rgb,002_face_rgb.mp4,1302,43.400,frame,check_head_fully,PASS,frame=1302 Head is fully visible
002,face_rgb,002_face_rgb.mp4,1302,43.400,frame,check_face_size,PASS,frame=1302 face=533x685 >= 180x180
002,face_rgb,002_face_rgb.mp4,1302,43.400,frame,check_eyes_open,PASS,"frame=1302 eyes open (blinkL=0.24, blinkR=0.22 < 0.5)"
002,face_rgb,002_face_rgb.mp4,1302,43.400,frame,check_face_blur,PASS,frame=1302 blur variance=336.4 >= 90
002,face_rgb,002_face_rgb.mp4,1302,43.400,frame,check_brightness,PASS,frame=1302 brightness normal; 35 <= 153 <= 200
002,face_rgb,002_face_rgb.mp4,1308,43.600,frame,check_face_detected,PASS,frame=1308 face detected
002,face_rgb,002_face_rgb.mp4,1308,43.600,frame,check_head_fully,PASS,frame=1308 Head is fully visible
002,face_rgb,002_face_rgb.mp4,1308,43.600,frame,check_face_size,PASS,frame=1308 face=542x681 >= 180x180
002,face_rgb,002_face_rgb.mp4,1308,43.600,frame,check_eyes_open,PASS,"frame=1308 eyes open (blinkL=0.41, blinkR=0.35 < 0.5)"
002,face_rgb,002_face_rgb.mp4,1308,43.600,frame,check_face_blur,PASS,frame=1308 blur variance=310.5 >= 90
002,face_rgb,002_face_rgb.mp4,1308,43.600,frame,check_brightness,PASS,frame=1308 brightness normal; 35 <= 153 <= 200
002,face_rgb,002_face_rgb.mp4,1314,43.800,frame,check_face_detected,PASS,frame=1314 face detected
002,face_rgb,002_face_rgb.mp4,1314,43.800,frame,check_head_fully,PASS,frame=1314 Head is fully visible
002,face_rgb,002_face_rgb.mp4,1314,43.800,frame,check_face_size,PASS,frame=1314 face=546x692 >= 180x180
002,face_rgb,002_face_rgb.mp4,1314,43.800,frame,check_eyes_open,PASS,"frame=1314 eyes open (blinkL=0.20, blinkR=0.21 < 0.5)"
002,face_rgb,002_face_rgb.mp4,1314,43.800,frame,check_face_blur,PASS,frame=1314 blur variance=353.5 >= 90
002,face_rgb,002_face_rgb.mp4,1314,43.800,frame,check_brightness,PASS,frame=1314 brightness normal; 35 <= 152 <= 200
002,face_rgb,002_face_rgb.mp4,1320,44.000,frame,check_face_detected,PASS,frame=1320 face detected
002,face_rgb,002_face_rgb.mp4,1320,44.000,frame,check_head_fully,PASS,frame=1320 Head is fully visible
002,face_rgb,002_face_rgb.mp4,1320,44.000,frame,check_face_size,PASS,frame=1320 face=545x691 >= 180x180
002,face_rgb,002_face_rgb.mp4,1320,44.000,frame,check_eyes_open,PASS,"frame=1320 eyes open (blinkL=0.20, blinkR=0.21 < 0.5)"
002,face_rgb,002_face_rgb.mp4,1320,44.000,frame,check_face_blur,PASS,frame=1320 blur variance=323.2 >= 90
002,face_rgb,002_face_rgb.mp4,1320,44.000,frame,check_brightness,PASS,frame=1320 brightness normal; 35 <= 153 <= 200
002,face_rgb,002_face_rgb.mp4,1326,44.200,frame,check_face_detected,PASS,frame=1326 face detected
002,face_rgb,002_face_rgb.mp4,1326,44.200,frame,check_head_fully,PASS,frame=1326 Head is fully visible
002,face_rgb,002_face_rgb.mp4,1326,44.200,frame,check_face_size,PASS,frame=1326 face=545x689 >= 180x180
002,face_rgb,002_face_rgb.mp4,1326,44.200,frame,check_eyes_open,PASS,"frame=1326 eyes open (blinkL=0.26, blinkR=0.26 < 0.5)"
002,face_rgb,002_face_rgb.mp4,1326,44.200,frame,check_face_blur,PASS,frame=1326 blur variance=284.1 >= 90
002,face_rgb,002_face_rgb.mp4,1326,44.200,frame,check_brightness,PASS,frame=1326 brightness normal; 35 <= 153 <= 200
002,face_rgb,002_face_rgb.mp4,1332,44.400,frame,check_face_detected,PASS,frame=1332 face detected
002,face_rgb,002_face_rgb.mp4,1332,44.400,frame,check_head_fully,PASS,frame=1332 Head is fully visible
002,face_rgb,002_face_rgb.mp4,1332,44.400,frame,check_face_size,PASS,frame=1332 face=544x687 >= 180x180
002,face_rgb,002_face_rgb.mp4,1332,44.400,frame,check_eyes_open,PASS,"frame=1332 eyes open (blinkL=0.25, blinkR=0.23 < 0.5)"
002,face_rgb,002_face_rgb.mp4,1332,44.400,frame,check_face_blur,PASS,frame=1332 blur variance=335.5 >= 90
002,face_rgb,002_face_rgb.mp4,1332,44.400,frame,check_brightness,PASS,frame=1332 brightness normal; 35 <= 154 <= 200
002,face_rgb,002_face_rgb.mp4,1338,44.600,frame,check_face_detected,PASS,frame=1338 face detected
002,face_rgb,002_face_rgb.mp4,1338,44.600,frame,check_head_fully,PASS,frame=1338 Head is fully visible
002,face_rgb,002_face_rgb.mp4,1338,44.600,frame,check_face_size,PASS,frame=1338 face=545x689 >= 180x180
002,face_rgb,002_face_rgb.mp4,1338,44.600,frame,check_eyes_open,PASS,"frame=1338 eyes open (blinkL=0.23, blinkR=0.22 < 0.5)"
002,face_rgb,002_face_rgb.mp4,1338,44.600,frame,check_face_blur,PASS,frame=1338 blur variance=341.3 >= 90
002,face_rgb,002_face_rgb.mp4,1338,44.600,frame,check_brightness,PASS,frame=1338 brightness normal; 35 <= 154 <= 200
002,face_rgb,002_face_rgb.mp4,1344,44.800,frame,check_face_detected,PASS,frame=1344 face detected
002,face_rgb,002_face_rgb.mp4,1344,44.800,frame,check_head_fully,PASS,frame=1344 Head is fully visible
002,face_rgb,002_face_rgb.mp4,1344,44.800,frame,check_face_size,PASS,frame=1344 face=547x691 >= 180x180
002,face_rgb,002_face_rgb.mp4,1344,44.800,frame,check_eyes_open,PASS,"frame=1344 eyes open (blinkL=0.21, blinkR=0.19 < 0.5)"
002,face_rgb,002_face_rgb.mp4,1344,44.800,frame,check_face_blur,PASS,frame=1344 blur variance=399.9 >= 90
002,face_rgb,002_face_rgb.mp4,1344,44.800,frame,check_brightness,PASS,frame=1344 brightness normal; 35 <= 153 <= 200
002,face_rgb,002_face_rgb.mp4,1350,45.000,frame,check_face_detected,PASS,frame=1350 face detected
002,face_rgb,002_face_rgb.mp4,1350,45.000,frame,check_head_fully,PASS,frame=1350 Head is fully visible
002,face_rgb,002_face_rgb.mp4,1350,45.000,frame,check_face_size,PASS,frame=1350 face=543x690 >= 180x180
002,face_rgb,002_face_rgb.mp4,1350,45.000,frame,check_eyes_open,PASS,"frame=1350 eyes open (blinkL=0.23, blinkR=0.22 < 0.5)"
002,face_rgb,002_face_rgb.mp4,1350,45.000,frame,check_face_blur,PASS,frame=1350 blur variance=391.8 >= 90
002,face_rgb,002_face_rgb.mp4,1350,45.000,frame,check_brightness,PASS,frame=1350 brightness normal; 35 <= 153 <= 200
002,face_rgb,002_face_rgb.mp4,1356,45.200,frame,check_face_detected,PASS,frame=1356 face detected
002,face_rgb,002_face_rgb.mp4,1356,45.200,frame,check_head_fully,PASS,frame=1356 Head is fully visible
002,face_rgb,002_face_rgb.mp4,1356,45.200,frame,check_face_size,PASS,frame=1356 face=545x686 >= 180x180
002,face_rgb,002_face_rgb.mp4,1356,45.200,frame,check_eyes_open,PASS,"frame=1356 eyes open (blinkL=0.20, blinkR=0.19 < 0.5)"
002,face_rgb,002_face_rgb.mp4,1356,45.200,frame,check_face_blur,PASS,frame=1356 blur variance=360.9 >= 90
002,face_rgb,002_face_rgb.mp4,1356,45.200,frame,check_brightness,PASS,frame=1356 brightness normal; 35 <= 153 <= 200
002,face_rgb,002_face_rgb.mp4,1362,45.400,frame,check_face_detected,PASS,frame=1362 face detected
002,face_rgb,002_face_rgb.mp4,1362,45.400,frame,check_head_fully,PASS,frame=1362 Head is fully visible
002,face_rgb,002_face_rgb.mp4,1362,45.400,frame,check_face_size,PASS,frame=1362 face=545x688 >= 180x180
002,face_rgb,002_face_rgb.mp4,1362,45.400,frame,check_eyes_open,PASS,"frame=1362 eyes open (blinkL=0.20, blinkR=0.20 < 0.5)"
002,face_rgb,002_face_rgb.mp4,1362,45.400,frame,check_face_blur,PASS,frame=1362 blur variance=320.9 >= 90
002,face_rgb,002_face_rgb.mp4,1362,45.400,frame,check_brightness,PASS,frame=1362 brightness normal; 35 <= 153 <= 200
002,face_rgb,002_face_rgb.mp4,1368,45.600,frame,check_face_detected,PASS,frame=1368 face detected
002,face_rgb,002_face_rgb.mp4,1368,45.600,frame,check_head_fully,PASS,frame=1368 Head is fully visible
002,face_rgb,002_face_rgb.mp4,1368,45.600,frame,check_face_size,PASS,frame=1368 face=546x690 >= 180x180
002,face_rgb,002_face_rgb.mp4,1368,45.600,frame,check_eyes_open,PASS,"frame=1368 eyes open (blinkL=0.22, blinkR=0.24 < 0.5)"
002,face_rgb,002_face_rgb.mp4,1368,45.600,frame,check_face_blur,PASS,frame=1368 blur variance=338.9 >= 90
002,face_rgb,002_face_rgb.mp4,1368,45.600,frame,check_brightness,PASS,frame=1368 brightness normal; 35 <= 153 <= 200
002,face_rgb,002_face_rgb.mp4,1374,45.800,frame,check_face_detected,PASS,frame=1374 face detected
002,face_rgb,002_face_rgb.mp4,1374,45.800,frame,check_head_fully,PASS,frame=1374 Head is fully visible
002,face_rgb,002_face_rgb.mp4,1374,45.800,frame,check_face_size,PASS,frame=1374 face=545x690 >= 180x180
002,face_rgb,002_face_rgb.mp4,1374,45.800,frame,check_eyes_open,PASS,"frame=1374 eyes open (blinkL=0.22, blinkR=0.23 < 0.5)"
002,face_rgb,002_face_rgb.mp4,1374,45.800,frame,check_face_blur,PASS,frame=1374 blur variance=321.0 >= 90
002,face_rgb,002_face_rgb.mp4,1374,45.800,frame,check_brightness,PASS,frame=1374 brightness normal; 35 <= 153 <= 200
002,face_rgb,002_face_rgb.mp4,1380,46.000,frame,check_face_detected,PASS,frame=1380 face detected
002,face_rgb,002_face_rgb.mp4,1380,46.000,frame,check_head_fully,PASS,frame=1380 Head is fully visible
002,face_rgb,002_face_rgb.mp4,1380,46.000,frame,check_face_size,PASS,frame=1380 face=546x679 >= 180x180
002,face_rgb,002_face_rgb.mp4,1380,46.000,frame,check_eyes_open,FAIL,"frame=1380 eye(s) closed (blinkL=0.75, blinkR=0.68 >= 0.5)"
002,face_rgb,002_face_rgb.mp4,1380,46.000,frame,check_face_blur,PASS,frame=1380 blur variance=299.8 >= 90
002,face_rgb,002_face_rgb.mp4,1380,46.000,frame,check_brightness,PASS,frame=1380 brightness normal; 35 <= 154 <= 200
002,face_rgb,002_face_rgb.mp4,1386,46.200,frame,check_face_detected,PASS,frame=1386 face detected
002,face_rgb,002_face_rgb.mp4,1386,46.200,frame,check_head_fully,PASS,frame=1386 Head is fully visible
002,face_rgb,002_face_rgb.mp4,1386,46.200,frame,check_face_size,PASS,frame=1386 face=549x680 >= 180x180
002,face_rgb,002_face_rgb.mp4,1386,46.200,frame,check_eyes_open,PASS,"frame=1386 eyes open (blinkL=0.30, blinkR=0.27 < 0.5)"
002,face_rgb,002_face_rgb.mp4,1386,46.200,frame,check_face_blur,PASS,frame=1386 blur variance=271.3 >= 90
002,face_rgb,002_face_rgb.mp4,1386,46.200,frame,check_brightness,PASS,frame=1386 brightness normal; 35 <= 154 <= 200
002,face_rgb,002_face_rgb.mp4,1392,46.400,frame,check_face_detected,PASS,frame=1392 face detected
002,face_rgb,002_face_rgb.mp4,1392,46.400,frame,check_head_fully,PASS,frame=1392 Head is fully visible
002,face_rgb,002_face_rgb.mp4,1392,46.400,frame,check_face_size,PASS,frame=1392 face=545x681 >= 180x180
002,face_rgb,002_face_rgb.mp4,1392,46.400,frame,check_eyes_open,PASS,"frame=1392 eyes open (blinkL=0.26, blinkR=0.21 < 0.5)"
002,face_rgb,002_face_rgb.mp4,1392,46.400,frame,check_face_blur,PASS,frame=1392 blur variance=283.8 >= 90
002,face_rgb,002_face_rgb.mp4,1392,46.400,frame,check_brightness,PASS,frame=1392 brightness normal; 35 <= 152 <= 200
002,face_rgb,002_face_rgb.mp4,1398,46.600,frame,check_face_detected,PASS,frame=1398 face detected
002,face_rgb,002_face_rgb.mp4,1398,46.600,frame,check_head_fully,PASS,frame=1398 Head is fully visible
002,face_rgb,002_face_rgb.mp4,1398,46.600,frame,check_face_size,PASS,frame=1398 face=543x669 >= 180x180
002,face_rgb,002_face_rgb.mp4,1398,46.600,frame,check_eyes_open,PASS,"frame=1398 eyes open (blinkL=0.23, blinkR=0.22 < 0.5)"
002,face_rgb,002_face_rgb.mp4,1398,46.600,frame,check_face_blur,PASS,frame=1398 blur variance=301.1 >= 90
002,face_rgb,002_face_rgb.mp4,1398,46.600,frame,check_brightness,PASS,frame=1398 brightness normal; 35 <= 151 <= 200
002,face_rgb,002_face_rgb.mp4,1404,46.800,frame,check_face_detected,PASS,frame=1404 face detected
002,face_rgb,002_face_rgb.mp4,1404,46.800,frame,check_head_fully,PASS,frame=1404 Head is fully visible
002,face_rgb,002_face_rgb.mp4,1404,46.800,frame,check_face_size,PASS,frame=1404 face=544x676 >= 180x180
002,face_rgb,002_face_rgb.mp4,1404,46.800,frame,check_eyes_open,PASS,"frame=1404 eyes open (blinkL=0.23, blinkR=0.21 < 0.5)"
002,face_rgb,002_face_rgb.mp4,1404,46.800,frame,check_face_blur,PASS,frame=1404 blur variance=281.6 >= 90
002,face_rgb,002_face_rgb.mp4,1404,46.800,frame,check_brightness,PASS,frame=1404 brightness normal; 35 <= 151 <= 200
002,face_rgb,002_face_rgb.mp4,1410,47.000,frame,check_face_detected,PASS,frame=1410 face detected
002,face_rgb,002_face_rgb.mp4,1410,47.000,frame,check_head_fully,PASS,frame=1410 Head is fully visible
002,face_rgb,002_face_rgb.mp4,1410,47.000,frame,check_face_size,PASS,frame=1410 face=546x681 >= 180x180
002,face_rgb,002_face_rgb.mp4,1410,47.000,frame,check_eyes_open,PASS,"frame=1410 eyes open (blinkL=0.24, blinkR=0.23 < 0.5)"
002,face_rgb,002_face_rgb.mp4,1410,47.000,frame,check_face_blur,PASS,frame=1410 blur variance=305.2 >= 90
002,face_rgb,002_face_rgb.mp4,1410,47.000,frame,check_brightness,PASS,frame=1410 brightness normal; 35 <= 150 <= 200
002,face_rgb,002_face_rgb.mp4,1416,47.200,frame,check_face_detected,PASS,frame=1416 face detected
002,face_rgb,002_face_rgb.mp4,1416,47.200,frame,check_head_fully,PASS,frame=1416 Head is fully visible
002,face_rgb,002_face_rgb.mp4,1416,47.200,frame,check_face_size,PASS,frame=1416 face=547x686 >= 180x180
002,face_rgb,002_face_rgb.mp4,1416,47.200,frame,check_eyes_open,PASS,"frame=1416 eyes open (blinkL=0.26, blinkR=0.22 < 0.5)"
002,face_rgb,002_face_rgb.mp4,1416,47.200,frame,check_face_blur,PASS,frame=1416 blur variance=283.5 >= 90
002,face_rgb,002_face_rgb.mp4,1416,47.200,frame,check_brightness,PASS,frame=1416 brightness normal; 35 <= 151 <= 200
002,face_rgb,002_face_rgb.mp4,1422,47.400,frame,check_face_detected,PASS,frame=1422 face detected
002,face_rgb,002_face_rgb.mp4,1422,47.400,frame,check_head_fully,PASS,frame=1422 Head is fully visible
002,face_rgb,002_face_rgb.mp4,1422,47.400,frame,check_face_size,PASS,frame=1422 face=552x688 >= 180x180
002,face_rgb,002_face_rgb.mp4,1422,47.400,frame,check_eyes_open,PASS,"frame=1422 eyes open (blinkL=0.23, blinkR=0.19 < 0.5)"
002,face_rgb,002_face_rgb.mp4,1422,47.400,frame,check_face_blur,PASS,frame=1422 blur variance=296.5 >= 90
002,face_rgb,002_face_rgb.mp4,1422,47.400,frame,check_brightness,PASS,frame=1422 brightness normal; 35 <= 151 <= 200
002,face_rgb,002_face_rgb.mp4,1428,47.600,frame,check_face_detected,PASS,frame=1428 face detected
002,face_rgb,002_face_rgb.mp4,1428,47.600,frame,check_head_fully,PASS,frame=1428 Head is fully visible
002,face_rgb,002_face_rgb.mp4,1428,47.600,frame,check_face_size,PASS,frame=1428 face=547x689 >= 180x180
002,face_rgb,002_face_rgb.mp4,1428,47.600,frame,check_eyes_open,PASS,"frame=1428 eyes open (blinkL=0.27, blinkR=0.23 < 0.5)"
002,face_rgb,002_face_rgb.mp4,1428,47.600,frame,check_face_blur,PASS,frame=1428 blur variance=281.4 >= 90
002,face_rgb,002_face_rgb.mp4,1428,47.600,frame,check_brightness,PASS,frame=1428 brightness normal; 35 <= 151 <= 200
002,face_rgb,002_face_rgb.mp4,1432,47.733,frame,check_face_detected,PASS,frame=1432 face detected
002,face_rgb,002_face_rgb.mp4,1432,47.733,frame,check_head_fully,PASS,frame=1432 Head is fully visible
002,face_rgb,002_face_rgb.mp4,1432,47.733,frame,check_face_size,PASS,frame=1432 face=546x690 >= 180x180
002,face_rgb,002_face_rgb.mp4,1432,47.733,frame,check_eyes_open,PASS,"frame=1432 eyes open (blinkL=0.28, blinkR=0.23 < 0.5)"
002,face_rgb,002_face_rgb.mp4,1432,47.733,frame,check_face_blur,PASS,frame=1432 blur variance=281.7 >= 90
002,face_rgb,002_face_rgb.mp4,1432,47.733,frame,check_brightness,PASS,frame=1432 brightness normal; 35 <= 151 <= 200
002,face_rgb,002_face_rgb.mp4,,,video,frames_sampled,PASS,sampled 240 frames
002,face_rgb,002_face_rgb.mp4,,,sequence,check_turn_sequence_structure,PASS,observed: front -> left -> front -> right -> front -> up -> front -> down -> front (matches 'audio_prompt')
002,face_rgb,002_face_rgb.mp4,,,sequence,check_turn_sequence_left,PASS,left: present as a segment
002,face_rgb,002_face_rgb.mp4,,,sequence,check_turn_sequence_right,PASS,right: present as a segment
002,face_rgb,002_face_rgb.mp4,,,sequence,check_turn_sequence_down,PASS,down: present as a segment
002,face_rgb,002_face_rgb.mp4,,,sequence,check_turn_sequence_up,PASS,up: present as a segment
002,face_rgb,002_face_rgb.mp4,,,sequence,check_turn_sequence,PASS,"structure ok; present=['left', 'right', 'down', 'up']; missing=none; short_holds=0; unconfirmed_gap=False"
