volunteer_id,data_type,filename,check_level,check_name,status,reason,frame_index
103,face_rgb,103_face_rgb.mp4,video,check_container,PASS,"container ok (.mp4, 3 channels, codec=FMP4)",
103,face_rgb,103_face_rgb.mp4,video,check_fps,FAIL,fps=3.00 < 5,
103,face_rgb,103_face_rgb.mp4,video,check_duration,PASS,duration=477.7 >= 40,
103,face_rgb,103_face_rgb.mp4,video,check_resolution,PASS,resolution=1920x1080 >= 180x180,
103,face_rgb,103_face_rgb.mp4,frame,check_face_detected,PASS,frame=0 face ok,0
103,face_rgb,103_face_rgb.mp4,frame,check_head_fully,PASS,frame=0 Head is fully visible,0
103,face_rgb,103_face_rgb.mp4,frame,check_face_size,PASS,frame=0 face=565x698 >= 180x180,0
103,face_rgb,103_face_rgb.mp4,frame,check_eyes_open,PASS,"frame=0 eyes open (L=0.38, R=0.38 > 0.25)",0
103,face_rgb,103_face_rgb.mp4,frame,check_face_blur,PASS,frame=0 blur variance=237.6 >= 90,0
103,face_rgb,103_face_rgb.mp4,frame,check_brightness,PASS,frame=0 brightness=150 status=normal,0
103,face_rgb,103_face_rgb.mp4,frame,check_face_detected,PASS,frame=2 face ok,2
103,face_rgb,103_face_rgb.mp4,frame,check_head_fully,PASS,frame=2 Head is fully visible,2
103,face_rgb,103_face_rgb.mp4,frame,check_face_size,PASS,frame=2 face=564x697 >= 180x180,2
103,face_rgb,103_face_rgb.mp4,frame,check_eyes_open,PASS,"frame=2 eyes open (L=0.38, R=0.38 > 0.25)",2
103,face_rgb,103_face_rgb.mp4,frame,check_face_blur,PASS,frame=2 blur variance=205.2 >= 90,2
103,face_rgb,103_face_rgb.mp4,frame,check_brightness,PASS,frame=2 brightness=150 status=normal,2
103,face_rgb,103_face_rgb.mp4,frame,check_face_detected,PASS,frame=5 face ok,5
103,face_rgb,103_face_rgb.mp4,frame,check_head_fully,PASS,frame=5 Head is fully visible,5
103,face_rgb,103_face_rgb.mp4,frame,check_face_size,PASS,frame=5 face=566x696 >= 180x180,5
103,face_rgb,103_face_rgb.mp4,frame,check_eyes_open,PASS,"frame=5 eyes open (L=0.38, R=0.39 > 0.25)",5
103,face_rgb,103_face_rgb.mp4,frame,check_face_blur,PASS,frame=5 blur variance=184.0 >= 90,5
103,face_rgb,103_face_rgb.mp4,frame,check_brightness,PASS,frame=5 brightness=150 status=normal,5
103,face_rgb,103_face_rgb.mp4,frame,check_face_detected,PASS,frame=7 face ok,7
103,face_rgb,103_face_rgb.mp4,frame,check_head_fully,PASS,frame=7 Head is fully visible,7
103,face_rgb,103_face_rgb.mp4,frame,check_face_size,PASS,frame=7 face=561x692 >= 180x180,7
103,face_rgb,103_face_rgb.mp4,frame,check_eyes_open,PASS,"frame=7 eyes open (L=0.38, R=0.39 > 0.25)",7
103,face_rgb,103_face_rgb.mp4,frame,check_face_blur,PASS,frame=7 blur variance=188.9 >= 90,7
103,face_rgb,103_face_rgb.mp4,frame,check_brightness,PASS,frame=7 brightness=150 status=normal,7
103,face_rgb,103_face_rgb.mp4,frame,check_face_detected,PASS,frame=10 face ok,10
103,face_rgb,103_face_rgb.mp4,frame,check_head_fully,PASS,frame=10 Head is fully visible,10
103,face_rgb,103_face_rgb.mp4,frame,check_face_size,PASS,frame=10 face=560x696 >= 180x180,10
103,face_rgb,103_face_rgb.mp4,frame,check_eyes_open,PASS,"frame=10 eyes open (L=0.38, R=0.39 > 0.25)",10
103,face_rgb,103_face_rgb.mp4,frame,check_face_blur,PASS,frame=10 blur variance=206.3 >= 90,10
103,face_rgb,103_face_rgb.mp4,frame,check_brightness,PASS,frame=10 brightness=150 status=normal,10
103,face_rgb,103_face_rgb.mp4,frame,check_face_detected,PASS,frame=12 face ok,12
103,face_rgb,103_face_rgb.mp4,frame,check_head_fully,PASS,frame=12 Head is fully visible,12
103,face_rgb,103_face_rgb.mp4,frame,check_face_size,PASS,frame=12 face=564x696 >= 180x180,12
103,face_rgb,103_face_rgb.mp4,frame,check_eyes_open,PASS,"frame=12 eyes open (L=0.38, R=0.39 > 0.25)",12
103,face_rgb,103_face_rgb.mp4,frame,check_face_blur,PASS,frame=12 blur variance=247.0 >= 90,12
103,face_rgb,103_face_rgb.mp4,frame,check_brightness,PASS,frame=12 brightness=151 status=normal,12
103,face_rgb,103_face_rgb.mp4,frame,check_face_detected,PASS,frame=14 face ok,14
103,face_rgb,103_face_rgb.mp4,frame,check_head_fully,PASS,frame=14 Head is fully visible,14
103,face_rgb,103_face_rgb.mp4,frame,check_face_size,PASS,frame=14 face=561x692 >= 180x180,14
103,face_rgb,103_face_rgb.mp4,frame,check_eyes_open,PASS,"frame=14 eyes open (L=0.38, R=0.38 > 0.25)",14
103,face_rgb,103_face_rgb.mp4,frame,check_face_blur,PASS,frame=14 blur variance=212.9 >= 90,14
103,face_rgb,103_face_rgb.mp4,frame,check_brightness,PASS,frame=14 brightness=151 status=normal,14
103,face_rgb,103_face_rgb.mp4,frame,check_face_detected,PASS,frame=17 face ok,17
103,face_rgb,103_face_rgb.mp4,frame,check_head_fully,PASS,frame=17 Head is fully visible,17
103,face_rgb,103_face_rgb.mp4,frame,check_face_size,PASS,frame=17 face=558x688 >= 180x180,17
103,face_rgb,103_face_rgb.mp4,frame,check_eyes_open,PASS,"frame=17 eyes open (L=0.37, R=0.39 > 0.25)",17
103,face_rgb,103_face_rgb.mp4,frame,check_face_blur,PASS,frame=17 blur variance=201.4 >= 90,17
103,face_rgb,103_face_rgb.mp4,frame,check_brightness,PASS,frame=17 brightness=151 status=normal,17
103,face_rgb,103_face_rgb.mp4,frame,check_face_detected,PASS,frame=19 face ok,19
103,face_rgb,103_face_rgb.mp4,frame,check_head_fully,PASS,frame=19 Head is fully visible,19
103,face_rgb,103_face_rgb.mp4,frame,check_face_size,PASS,frame=19 face=556x687 >= 180x180,19
103,face_rgb,103_face_rgb.mp4,frame,check_eyes_open,PASS,"frame=19 eyes open (L=0.38, R=0.39 > 0.25)",19
103,face_rgb,103_face_rgb.mp4,frame,check_face_blur,PASS,frame=19 blur variance=213.0 >= 90,19
103,face_rgb,103_face_rgb.mp4,frame,check_brightness,PASS,frame=19 brightness=151 status=normal,19
103,face_rgb,103_face_rgb.mp4,frame,check_face_detected,PASS,frame=22 face ok,22
103,face_rgb,103_face_rgb.mp4,frame,check_head_fully,PASS,frame=22 Head is fully visible,22
103,face_rgb,103_face_rgb.mp4,frame,check_face_size,PASS,frame=22 face=559x688 >= 180x180,22
103,face_rgb,103_face_rgb.mp4,frame,check_eyes_open,PASS,"frame=22 eyes open (L=0.38, R=0.38 > 0.25)",22
103,face_rgb,103_face_rgb.mp4,frame,check_face_blur,PASS,frame=22 blur variance=225.3 >= 90,22
103,face_rgb,103_face_rgb.mp4,frame,check_brightness,PASS,frame=22 brightness=152 status=normal,22
103,face_rgb,103_face_rgb.mp4,frame,check_face_detected,PASS,frame=24 face ok,24
103,face_rgb,103_face_rgb.mp4,frame,check_head_fully,PASS,frame=24 Head is fully visible,24
103,face_rgb,103_face_rgb.mp4,frame,check_face_size,PASS,frame=24 face=559x680 >= 180x180,24
103,face_rgb,103_face_rgb.mp4,frame,check_eyes_open,PASS,"frame=24 eyes open (L=0.39, R=0.39 > 0.25)",24
103,face_rgb,103_face_rgb.mp4,frame,check_face_blur,PASS,frame=24 blur variance=264.9 >= 90,24
103,face_rgb,103_face_rgb.mp4,frame,check_brightness,PASS,frame=24 brightness=153 status=normal,24
103,face_rgb,103_face_rgb.mp4,frame,check_face_detected,PASS,frame=26 face ok,26
103,face_rgb,103_face_rgb.mp4,frame,check_head_fully,PASS,frame=26 Head is fully visible,26
103,face_rgb,103_face_rgb.mp4,frame,check_face_size,PASS,frame=26 face=554x674 >= 180x180,26
103,face_rgb,103_face_rgb.mp4,frame,check_eyes_open,PASS,"frame=26 eyes open (L=0.38, R=0.37 > 0.25)",26
103,face_rgb,103_face_rgb.mp4,frame,check_face_blur,PASS,frame=26 blur variance=222.8 >= 90,26
103,face_rgb,103_face_rgb.mp4,frame,check_brightness,PASS,frame=26 brightness=154 status=normal,26
103,face_rgb,103_face_rgb.mp4,frame,check_face_detected,PASS,frame=29 face ok,29
103,face_rgb,103_face_rgb.mp4,frame,check_head_fully,PASS,frame=29 Head is fully visible,29
103,face_rgb,103_face_rgb.mp4,frame,check_face_size,PASS,frame=29 face=557x662 >= 180x180,29
103,face_rgb,103_face_rgb.mp4,frame,check_eyes_open,PASS,"frame=29 eyes open (L=0.37, R=0.37 > 0.25)",29
103,face_rgb,103_face_rgb.mp4,frame,check_face_blur,PASS,frame=29 blur variance=212.6 >= 90,29
103,face_rgb,103_face_rgb.mp4,frame,check_brightness,PASS,frame=29 brightness=153 status=normal,29
103,face_rgb,103_face_rgb.mp4,frame,check_face_detected,PASS,frame=31 face ok,31
103,face_rgb,103_face_rgb.mp4,frame,check_head_fully,PASS,frame=31 Head is fully visible,31
103,face_rgb,103_face_rgb.mp4,frame,check_face_size,PASS,frame=31 face=554x649 >= 180x180,31
103,face_rgb,103_face_rgb.mp4,frame,check_eyes_open,PASS,"frame=31 eyes open (L=0.38, R=0.37 > 0.25)",31
103,face_rgb,103_face_rgb.mp4,frame,check_face_blur,PASS,frame=31 blur variance=212.6 >= 90,31
103,face_rgb,103_face_rgb.mp4,frame,check_brightness,PASS,frame=31 brightness=152 status=normal,31
103,face_rgb,103_face_rgb.mp4,frame,check_face_detected,PASS,frame=33 face ok,33
103,face_rgb,103_face_rgb.mp4,frame,check_head_fully,PASS,frame=33 Head is fully visible,33
103,face_rgb,103_face_rgb.mp4,frame,check_face_size,PASS,frame=33 face=557x652 >= 180x180,33
103,face_rgb,103_face_rgb.mp4,frame,check_eyes_open,PASS,"frame=33 eyes open (L=0.38, R=0.37 > 0.25)",33
103,face_rgb,103_face_rgb.mp4,frame,check_face_blur,PASS,frame=33 blur variance=215.9 >= 90,33
103,face_rgb,103_face_rgb.mp4,frame,check_brightness,PASS,frame=33 brightness=152 status=normal,33
103,face_rgb,103_face_rgb.mp4,frame,check_face_detected,PASS,frame=36 face ok,36
103,face_rgb,103_face_rgb.mp4,frame,check_head_fully,PASS,frame=36 Head is fully visible,36
103,face_rgb,103_face_rgb.mp4,frame,check_face_size,PASS,frame=36 face=556x649 >= 180x180,36
103,face_rgb,103_face_rgb.mp4,frame,check_eyes_open,PASS,"frame=36 eyes open (L=0.38, R=0.36 > 0.25)",36
103,face_rgb,103_face_rgb.mp4,frame,check_face_blur,PASS,frame=36 blur variance=251.9 >= 90,36
103,face_rgb,103_face_rgb.mp4,frame,check_brightness,PASS,frame=36 brightness=153 status=normal,36
103,face_rgb,103_face_rgb.mp4,frame,check_face_detected,PASS,frame=38 face ok,38
103,face_rgb,103_face_rgb.mp4,frame,check_head_fully,PASS,frame=38 Head is fully visible,38
103,face_rgb,103_face_rgb.mp4,frame,check_face_size,PASS,frame=38 face=557x645 >= 180x180,38
103,face_rgb,103_face_rgb.mp4,frame,check_eyes_open,PASS,"frame=38 eyes open (L=0.37, R=0.37 > 0.25)",38
103,face_rgb,103_face_rgb.mp4,frame,check_face_blur,PASS,frame=38 blur variance=198.6 >= 90,38
103,face_rgb,103_face_rgb.mp4,frame,check_brightness,PASS,frame=38 brightness=154 status=normal,38
103,face_rgb,103_face_rgb.mp4,frame,check_face_detected,PASS,frame=41 face ok,41
103,face_rgb,103_face_rgb.mp4,frame,check_head_fully,PASS,frame=41 Head is fully visible,41
103,face_rgb,103_face_rgb.mp4,frame,check_face_size,PASS,frame=41 face=555x644 >= 180x180,41
103,face_rgb,103_face_rgb.mp4,frame,check_eyes_open,PASS,"frame=41 eyes open (L=0.38, R=0.37 > 0.25)",41
103,face_rgb,103_face_rgb.mp4,frame,check_face_blur,PASS,frame=41 blur variance=193.6 >= 90,41
103,face_rgb,103_face_rgb.mp4,frame,check_brightness,PASS,frame=41 brightness=153 status=normal,41
103,face_rgb,103_face_rgb.mp4,frame,check_face_detected,PASS,frame=43 face ok,43
103,face_rgb,103_face_rgb.mp4,frame,check_head_fully,PASS,frame=43 Head is fully visible,43
103,face_rgb,103_face_rgb.mp4,frame,check_face_size,PASS,frame=43 face=554x643 >= 180x180,43
103,face_rgb,103_face_rgb.mp4,frame,check_eyes_open,PASS,"frame=43 eyes open (L=0.37, R=0.37 > 0.25)",43
103,face_rgb,103_face_rgb.mp4,frame,check_face_blur,PASS,frame=43 blur variance=191.9 >= 90,43
103,face_rgb,103_face_rgb.mp4,frame,check_brightness,PASS,frame=43 brightness=154 status=normal,43
103,face_rgb,103_face_rgb.mp4,frame,check_face_detected,PASS,frame=45 face ok,45
103,face_rgb,103_face_rgb.mp4,frame,check_head_fully,PASS,frame=45 Head is fully visible,45
103,face_rgb,103_face_rgb.mp4,frame,check_face_size,PASS,frame=45 face=557x645 >= 180x180,45
103,face_rgb,103_face_rgb.mp4,frame,check_eyes_open,PASS,"frame=45 eyes open (L=0.37, R=0.36 > 0.25)",45
103,face_rgb,103_face_rgb.mp4,frame,check_face_blur,PASS,frame=45 blur variance=198.9 >= 90,45
103,face_rgb,103_face_rgb.mp4,frame,check_brightness,PASS,frame=45 brightness=154 status=normal,45
103,face_rgb,103_face_rgb.mp4,frame,check_face_detected,PASS,frame=48 face ok,48
103,face_rgb,103_face_rgb.mp4,frame,check_head_fully,PASS,frame=48 Head is fully visible,48
103,face_rgb,103_face_rgb.mp4,frame,check_face_size,PASS,frame=48 face=556x652 >= 180x180,48
103,face_rgb,103_face_rgb.mp4,frame,check_eyes_open,PASS,"frame=48 eyes open (L=0.38, R=0.36 > 0.25)",48
103,face_rgb,103_face_rgb.mp4,frame,check_face_blur,PASS,frame=48 blur variance=237.4 >= 90,48
103,face_rgb,103_face_rgb.mp4,frame,check_brightness,PASS,frame=48 brightness=156 status=normal,48
103,face_rgb,103_face_rgb.mp4,frame,check_face_detected,PASS,frame=50 face ok,50
103,face_rgb,103_face_rgb.mp4,frame,check_head_fully,PASS,frame=50 Head is fully visible,50
103,face_rgb,103_face_rgb.mp4,frame,check_face_size,PASS,frame=50 face=553x665 >= 180x180,50
103,face_rgb,103_face_rgb.mp4,frame,check_eyes_open,PASS,"frame=50 eyes open (L=0.38, R=0.38 > 0.25)",50
103,face_rgb,103_face_rgb.mp4,frame,check_face_blur,PASS,frame=50 blur variance=213.1 >= 90,50
103,face_rgb,103_face_rgb.mp4,frame,check_brightness,PASS,frame=50 brightness=156 status=normal,50
103,face_rgb,103_face_rgb.mp4,frame,check_face_detected,PASS,frame=53 face ok,53
103,face_rgb,103_face_rgb.mp4,frame,check_head_fully,PASS,frame=53 Head is fully visible,53
103,face_rgb,103_face_rgb.mp4,frame,check_face_size,PASS,frame=53 face=553x667 >= 180x180,53
103,face_rgb,103_face_rgb.mp4,frame,check_eyes_open,PASS,"frame=53 eyes open (L=0.39, R=0.38 > 0.25)",53
103,face_rgb,103_face_rgb.mp4,frame,check_face_blur,PASS,frame=53 blur variance=217.7 >= 90,53
103,face_rgb,103_face_rgb.mp4,frame,check_brightness,PASS,frame=53 brightness=156 status=normal,53
103,face_rgb,103_face_rgb.mp4,frame,check_face_detected,PASS,frame=55 face ok,55
103,face_rgb,103_face_rgb.mp4,frame,check_head_fully,PASS,frame=55 Head is fully visible,55
103,face_rgb,103_face_rgb.mp4,frame,check_face_size,PASS,frame=55 face=552x673 >= 180x180,55
103,face_rgb,103_face_rgb.mp4,frame,check_eyes_open,PASS,"frame=55 eyes open (L=0.39, R=0.39 > 0.25)",55
103,face_rgb,103_face_rgb.mp4,frame,check_face_blur,PASS,frame=55 blur variance=233.4 >= 90,55
103,face_rgb,103_face_rgb.mp4,frame,check_brightness,PASS,frame=55 brightness=156 status=normal,55
103,face_rgb,103_face_rgb.mp4,frame,check_face_detected,PASS,frame=57 face ok,57
103,face_rgb,103_face_rgb.mp4,frame,check_head_fully,PASS,frame=57 Head is fully visible,57
103,face_rgb,103_face_rgb.mp4,frame,check_face_size,PASS,frame=57 face=552x667 >= 180x180,57
103,face_rgb,103_face_rgb.mp4,frame,check_eyes_open,PASS,"frame=57 eyes open (L=0.39, R=0.39 > 0.25)",57
103,face_rgb,103_face_rgb.mp4,frame,check_face_blur,PASS,frame=57 blur variance=214.5 >= 90,57
103,face_rgb,103_face_rgb.mp4,frame,check_brightness,PASS,frame=57 brightness=156 status=normal,57
103,face_rgb,103_face_rgb.mp4,frame,check_face_detected,PASS,frame=60 face ok,60
103,face_rgb,103_face_rgb.mp4,frame,check_head_fully,PASS,frame=60 Head is fully visible,60
103,face_rgb,103_face_rgb.mp4,frame,check_face_size,PASS,frame=60 face=552x672 >= 180x180,60
103,face_rgb,103_face_rgb.mp4,frame,check_eyes_open,PASS,"frame=60 eyes open (L=0.38, R=0.38 > 0.25)",60
103,face_rgb,103_face_rgb.mp4,frame,check_face_blur,PASS,frame=60 blur variance=250.3 >= 90,60
103,face_rgb,103_face_rgb.mp4,frame,check_brightness,PASS,frame=60 brightness=157 status=normal,60
103,face_rgb,103_face_rgb.mp4,frame,check_face_detected,PASS,frame=62 face ok,62
103,face_rgb,103_face_rgb.mp4,frame,check_head_fully,PASS,frame=62 Head is fully visible,62
103,face_rgb,103_face_rgb.mp4,frame,check_face_size,PASS,frame=62 face=554x667 >= 180x180,62
103,face_rgb,103_face_rgb.mp4,frame,check_eyes_open,PASS,"frame=62 eyes open (L=0.39, R=0.39 > 0.25)",62
103,face_rgb,103_face_rgb.mp4,frame,check_face_blur,PASS,frame=62 blur variance=221.5 >= 90,62
103,face_rgb,103_face_rgb.mp4,frame,check_brightness,PASS,frame=62 brightness=157 status=normal,62
103,face_rgb,103_face_rgb.mp4,frame,check_face_detected,PASS,frame=65 face ok,65
103,face_rgb,103_face_rgb.mp4,frame,check_head_fully,PASS,frame=65 Head is fully visible,65
103,face_rgb,103_face_rgb.mp4,frame,check_face_size,PASS,frame=65 face=554x672 >= 180x180,65
103,face_rgb,103_face_rgb.mp4,frame,check_eyes_open,PASS,"frame=65 eyes open (L=0.40, R=0.39 > 0.25)",65
103,face_rgb,103_face_rgb.mp4,frame,check_face_blur,PASS,frame=65 blur variance=222.2 >= 90,65
103,face_rgb,103_face_rgb.mp4,frame,check_brightness,PASS,frame=65 brightness=157 status=normal,65
103,face_rgb,103_face_rgb.mp4,frame,check_face_detected,PASS,frame=67 face ok,67
103,face_rgb,103_face_rgb.mp4,frame,check_head_fully,PASS,frame=67 Head is fully visible,67
103,face_rgb,103_face_rgb.mp4,frame,check_face_size,PASS,frame=67 face=553x674 >= 180x180,67
103,face_rgb,103_face_rgb.mp4,frame,check_eyes_open,PASS,"frame=67 eyes open (L=0.39, R=0.39 > 0.25)",67
103,face_rgb,103_face_rgb.mp4,frame,check_face_blur,PASS,frame=67 blur variance=230.1 >= 90,67
103,face_rgb,103_face_rgb.mp4,frame,check_brightness,PASS,frame=67 brightness=156 status=normal,67
103,face_rgb,103_face_rgb.mp4,frame,check_face_detected,PASS,frame=69 face ok,69
103,face_rgb,103_face_rgb.mp4,frame,check_head_fully,PASS,frame=69 Head is fully visible,69
103,face_rgb,103_face_rgb.mp4,frame,check_face_size,PASS,frame=69 face=554x674 >= 180x180,69
103,face_rgb,103_face_rgb.mp4,frame,check_eyes_open,PASS,"frame=69 eyes open (L=0.39, R=0.39 > 0.25)",69
103,face_rgb,103_face_rgb.mp4,frame,check_face_blur,PASS,frame=69 blur variance=232.2 >= 90,69
103,face_rgb,103_face_rgb.mp4,frame,check_brightness,PASS,frame=69 brightness=157 status=normal,69
103,face_rgb,103_face_rgb.mp4,frame,check_face_detected,PASS,frame=72 face ok,72
103,face_rgb,103_face_rgb.mp4,frame,check_head_fully,PASS,frame=72 Head is fully visible,72
103,face_rgb,103_face_rgb.mp4,frame,check_face_size,PASS,frame=72 face=553x672 >= 180x180,72
103,face_rgb,103_face_rgb.mp4,frame,check_eyes_open,PASS,"frame=72 eyes open (L=0.38, R=0.39 > 0.25)",72
103,face_rgb,103_face_rgb.mp4,frame,check_face_blur,PASS,frame=72 blur variance=255.2 >= 90,72
103,face_rgb,103_face_rgb.mp4,frame,check_brightness,PASS,frame=72 brightness=156 status=normal,72
103,face_rgb,103_face_rgb.mp4,frame,check_face_detected,PASS,frame=74 face ok,74
103,face_rgb,103_face_rgb.mp4,frame,check_head_fully,PASS,frame=74 Head is fully visible,74
103,face_rgb,103_face_rgb.mp4,frame,check_face_size,PASS,frame=74 face=554x676 >= 180x180,74
103,face_rgb,103_face_rgb.mp4,frame,check_eyes_open,PASS,"frame=74 eyes open (L=0.38, R=0.38 > 0.25)",74
103,face_rgb,103_face_rgb.mp4,frame,check_face_blur,PASS,frame=74 blur variance=246.9 >= 90,74
103,face_rgb,103_face_rgb.mp4,frame,check_brightness,PASS,frame=74 brightness=156 status=normal,74
103,face_rgb,103_face_rgb.mp4,frame,check_face_detected,PASS,frame=77 face ok,77
103,face_rgb,103_face_rgb.mp4,frame,check_head_fully,PASS,frame=77 Head is fully visible,77
103,face_rgb,103_face_rgb.mp4,frame,check_face_size,PASS,frame=77 face=554x677 >= 180x180,77
103,face_rgb,103_face_rgb.mp4,frame,check_eyes_open,PASS,"frame=77 eyes open (L=0.39, R=0.39 > 0.25)",77
103,face_rgb,103_face_rgb.mp4,frame,check_face_blur,PASS,frame=77 blur variance=242.4 >= 90,77
103,face_rgb,103_face_rgb.mp4,frame,check_brightness,PASS,frame=77 brightness=156 status=normal,77
103,face_rgb,103_face_rgb.mp4,frame,check_face_detected,PASS,frame=79 face ok,79
103,face_rgb,103_face_rgb.mp4,frame,check_head_fully,PASS,frame=79 Head is fully visible,79
103,face_rgb,103_face_rgb.mp4,frame,check_face_size,PASS,frame=79 face=556x681 >= 180x180,79
103,face_rgb,103_face_rgb.mp4,frame,check_eyes_open,PASS,"frame=79 eyes open (L=0.39, R=0.38 > 0.25)",79
103,face_rgb,103_face_rgb.mp4,frame,check_face_blur,PASS,frame=79 blur variance=242.8 >= 90,79
103,face_rgb,103_face_rgb.mp4,frame,check_brightness,PASS,frame=79 brightness=156 status=normal,79
103,face_rgb,103_face_rgb.mp4,frame,check_face_detected,PASS,frame=81 face ok,81
103,face_rgb,103_face_rgb.mp4,frame,check_head_fully,PASS,frame=81 Head is fully visible,81
103,face_rgb,103_face_rgb.mp4,frame,check_face_size,PASS,frame=81 face=557x681 >= 180x180,81
103,face_rgb,103_face_rgb.mp4,frame,check_eyes_open,PASS,"frame=81 eyes open (L=0.38, R=0.39 > 0.25)",81
103,face_rgb,103_face_rgb.mp4,frame,check_face_blur,PASS,frame=81 blur variance=226.6 >= 90,81
103,face_rgb,103_face_rgb.mp4,frame,check_brightness,PASS,frame=81 brightness=156 status=normal,81
103,face_rgb,103_face_rgb.mp4,frame,check_face_detected,PASS,frame=84 face ok,84
103,face_rgb,103_face_rgb.mp4,frame,check_head_fully,PASS,frame=84 Head is fully visible,84
103,face_rgb,103_face_rgb.mp4,frame,check_face_size,PASS,frame=84 face=557x680 >= 180x180,84
103,face_rgb,103_face_rgb.mp4,frame,check_eyes_open,PASS,"frame=84 eyes open (L=0.38, R=0.39 > 0.25)",84
103,face_rgb,103_face_rgb.mp4,frame,check_face_blur,PASS,frame=84 blur variance=237.2 >= 90,84
103,face_rgb,103_face_rgb.mp4,frame,check_brightness,PASS,frame=84 brightness=156 status=normal,84
103,face_rgb,103_face_rgb.mp4,frame,check_face_detected,PASS,frame=86 face ok,86
103,face_rgb,103_face_rgb.mp4,frame,check_head_fully,PASS,frame=86 Head is fully visible,86
103,face_rgb,103_face_rgb.mp4,frame,check_face_size,PASS,frame=86 face=559x686 >= 180x180,86
103,face_rgb,103_face_rgb.mp4,frame,check_eyes_open,PASS,"frame=86 eyes open (L=0.39, R=0.38 > 0.25)",86
103,face_rgb,103_face_rgb.mp4,frame,check_face_blur,PASS,frame=86 blur variance=213.4 >= 90,86
103,face_rgb,103_face_rgb.mp4,frame,check_brightness,PASS,frame=86 brightness=156 status=normal,86
103,face_rgb,103_face_rgb.mp4,frame,check_face_detected,PASS,frame=88 face ok,88
103,face_rgb,103_face_rgb.mp4,frame,check_head_fully,PASS,frame=88 Head is fully visible,88
103,face_rgb,103_face_rgb.mp4,frame,check_face_size,PASS,frame=88 face=561x688 >= 180x180,88
103,face_rgb,103_face_rgb.mp4,frame,check_eyes_open,PASS,"frame=88 eyes open (L=0.39, R=0.39 > 0.25)",88
103,face_rgb,103_face_rgb.mp4,frame,check_face_blur,PASS,frame=88 blur variance=196.0 >= 90,88
103,face_rgb,103_face_rgb.mp4,frame,check_brightness,PASS,frame=88 brightness=156 status=normal,88
103,face_rgb,103_face_rgb.mp4,frame,check_face_detected,PASS,frame=91 face ok,91
103,face_rgb,103_face_rgb.mp4,frame,check_head_fully,PASS,frame=91 Head is fully visible,91
103,face_rgb,103_face_rgb.mp4,frame,check_face_size,PASS,frame=91 face=560x691 >= 180x180,91
103,face_rgb,103_face_rgb.mp4,frame,check_eyes_open,PASS,"frame=91 eyes open (L=0.39, R=0.39 > 0.25)",91
103,face_rgb,103_face_rgb.mp4,frame,check_face_blur,PASS,frame=91 blur variance=188.9 >= 90,91
103,face_rgb,103_face_rgb.mp4,frame,check_brightness,PASS,frame=91 brightness=155 status=normal,91
103,face_rgb,103_face_rgb.mp4,frame,check_face_detected,PASS,frame=93 face ok,93
103,face_rgb,103_face_rgb.mp4,frame,check_head_fully,PASS,frame=93 Head is fully visible,93
103,face_rgb,103_face_rgb.mp4,frame,check_face_size,PASS,frame=93 face=560x692 >= 180x180,93
103,face_rgb,103_face_rgb.mp4,frame,check_eyes_open,PASS,"frame=93 eyes open (L=0.39, R=0.38 > 0.25)",93
103,face_rgb,103_face_rgb.mp4,frame,check_face_blur,PASS,frame=93 blur variance=196.6 >= 90,93
103,face_rgb,103_face_rgb.mp4,frame,check_brightness,PASS,frame=93 brightness=155 status=normal,93
103,face_rgb,103_face_rgb.mp4,frame,check_face_detected,PASS,frame=96 face ok,96
103,face_rgb,103_face_rgb.mp4,frame,check_head_fully,PASS,frame=96 Head is fully visible,96
103,face_rgb,103_face_rgb.mp4,frame,check_face_size,PASS,frame=96 face=564x689 >= 180x180,96
103,face_rgb,103_face_rgb.mp4,frame,check_eyes_open,PASS,"frame=96 eyes open (L=0.39, R=0.39 > 0.25)",96
103,face_rgb,103_face_rgb.mp4,frame,check_face_blur,PASS,frame=96 blur variance=209.5 >= 90,96
103,face_rgb,103_face_rgb.mp4,frame,check_brightness,PASS,frame=96 brightness=156 status=normal,96
103,face_rgb,103_face_rgb.mp4,frame,check_face_detected,PASS,frame=98 face ok,98
103,face_rgb,103_face_rgb.mp4,frame,check_head_fully,PASS,frame=98 Head is fully visible,98
103,face_rgb,103_face_rgb.mp4,frame,check_face_size,PASS,frame=98 face=561x688 >= 180x180,98
103,face_rgb,103_face_rgb.mp4,frame,check_eyes_open,PASS,"frame=98 eyes open (L=0.39, R=0.39 > 0.25)",98
103,face_rgb,103_face_rgb.mp4,frame,check_face_blur,PASS,frame=98 blur variance=204.2 >= 90,98
103,face_rgb,103_face_rgb.mp4,frame,check_brightness,PASS,frame=98 brightness=156 status=normal,98
103,face_rgb,103_face_rgb.mp4,frame,check_face_detected,PASS,frame=100 face ok,100
103,face_rgb,103_face_rgb.mp4,frame,check_head_fully,PASS,frame=100 Head is fully visible,100
103,face_rgb,103_face_rgb.mp4,frame,check_face_size,PASS,frame=100 face=566x691 >= 180x180,100
103,face_rgb,103_face_rgb.mp4,frame,check_eyes_open,PASS,"frame=100 eyes open (L=0.39, R=0.38 > 0.25)",100
103,face_rgb,103_face_rgb.mp4,frame,check_face_blur,PASS,frame=100 blur variance=191.2 >= 90,100
103,face_rgb,103_face_rgb.mp4,frame,check_brightness,PASS,frame=100 brightness=155 status=normal,100
103,face_rgb,103_face_rgb.mp4,frame,check_face_detected,PASS,frame=103 face ok,103
103,face_rgb,103_face_rgb.mp4,frame,check_head_fully,PASS,frame=103 Head is fully visible,103
103,face_rgb,103_face_rgb.mp4,frame,check_face_size,PASS,frame=103 face=565x689 >= 180x180,103
103,face_rgb,103_face_rgb.mp4,frame,check_eyes_open,PASS,"frame=103 eyes open (L=0.39, R=0.39 > 0.25)",103
103,face_rgb,103_face_rgb.mp4,frame,check_face_blur,PASS,frame=103 blur variance=203.4 >= 90,103
103,face_rgb,103_face_rgb.mp4,frame,check_brightness,PASS,frame=103 brightness=155 status=normal,103
103,face_rgb,103_face_rgb.mp4,frame,check_face_detected,PASS,frame=105 face ok,105
103,face_rgb,103_face_rgb.mp4,frame,check_head_fully,PASS,frame=105 Head is fully visible,105
103,face_rgb,103_face_rgb.mp4,frame,check_face_size,PASS,frame=105 face=564x690 >= 180x180,105
103,face_rgb,103_face_rgb.mp4,frame,check_eyes_open,PASS,"frame=105 eyes open (L=0.39, R=0.39 > 0.25)",105
103,face_rgb,103_face_rgb.mp4,frame,check_face_blur,PASS,frame=105 blur variance=198.7 >= 90,105
103,face_rgb,103_face_rgb.mp4,frame,check_brightness,PASS,frame=105 brightness=155 status=normal,105
103,face_rgb,103_face_rgb.mp4,frame,check_face_detected,PASS,frame=108 face ok,108
103,face_rgb,103_face_rgb.mp4,frame,check_head_fully,PASS,frame=108 Head is fully visible,108
103,face_rgb,103_face_rgb.mp4,frame,check_face_size,PASS,frame=108 face=560x681 >= 180x180,108
103,face_rgb,103_face_rgb.mp4,frame,check_eyes_open,PASS,"frame=108 eyes open (L=0.37, R=0.37 > 0.25)",108
103,face_rgb,103_face_rgb.mp4,frame,check_face_blur,PASS,frame=108 blur variance=206.9 >= 90,108
103,face_rgb,103_face_rgb.mp4,frame,check_brightness,PASS,frame=108 brightness=156 status=normal,108
103,face_rgb,103_face_rgb.mp4,frame,check_face_detected,PASS,frame=110 face ok,110
103,face_rgb,103_face_rgb.mp4,frame,check_head_fully,PASS,frame=110 Head is fully visible,110
103,face_rgb,103_face_rgb.mp4,frame,check_face_size,PASS,frame=110 face=560x680 >= 180x180,110
103,face_rgb,103_face_rgb.mp4,frame,check_eyes_open,PASS,"frame=110 eyes open (L=0.38, R=0.37 > 0.25)",110
103,face_rgb,103_face_rgb.mp4,frame,check_face_blur,PASS,frame=110 blur variance=200.6 >= 90,110
103,face_rgb,103_face_rgb.mp4,frame,check_brightness,PASS,frame=110 brightness=156 status=normal,110
103,face_rgb,103_face_rgb.mp4,frame,check_face_detected,PASS,frame=112 face ok,112
103,face_rgb,103_face_rgb.mp4,frame,check_head_fully,PASS,frame=112 Head is fully visible,112
103,face_rgb,103_face_rgb.mp4,frame,check_face_size,PASS,frame=112 face=560x685 >= 180x180,112
103,face_rgb,103_face_rgb.mp4,frame,check_eyes_open,PASS,"frame=112 eyes open (L=0.39, R=0.38 > 0.25)",112
103,face_rgb,103_face_rgb.mp4,frame,check_face_blur,PASS,frame=112 blur variance=208.3 >= 90,112
103,face_rgb,103_face_rgb.mp4,frame,check_brightness,PASS,frame=112 brightness=155 status=normal,112
103,face_rgb,103_face_rgb.mp4,frame,check_face_detected,PASS,frame=115 face ok,115
103,face_rgb,103_face_rgb.mp4,frame,check_head_fully,PASS,frame=115 Head is fully visible,115
103,face_rgb,103_face_rgb.mp4,frame,check_face_size,PASS,frame=115 face=559x685 >= 180x180,115
103,face_rgb,103_face_rgb.mp4,frame,check_eyes_open,PASS,"frame=115 eyes open (L=0.39, R=0.39 > 0.25)",115
103,face_rgb,103_face_rgb.mp4,frame,check_face_blur,PASS,frame=115 blur variance=191.0 >= 90,115
103,face_rgb,103_face_rgb.mp4,frame,check_brightness,PASS,frame=115 brightness=155 status=normal,115
103,face_rgb,103_face_rgb.mp4,frame,check_face_detected,PASS,frame=117 face ok,117
103,face_rgb,103_face_rgb.mp4,frame,check_head_fully,PASS,frame=117 Head is fully visible,117
103,face_rgb,103_face_rgb.mp4,frame,check_face_size,PASS,frame=117 face=559x686 >= 180x180,117
103,face_rgb,103_face_rgb.mp4,frame,check_eyes_open,PASS,"frame=117 eyes open (L=0.39, R=0.38 > 0.25)",117
103,face_rgb,103_face_rgb.mp4,frame,check_face_blur,PASS,frame=117 blur variance=203.8 >= 90,117
103,face_rgb,103_face_rgb.mp4,frame,check_brightness,PASS,frame=117 brightness=155 status=normal,117
103,face_rgb,103_face_rgb.mp4,frame,check_face_detected,PASS,frame=120 face ok,120
103,face_rgb,103_face_rgb.mp4,frame,check_head_fully,PASS,frame=120 Head is fully visible,120
103,face_rgb,103_face_rgb.mp4,frame,check_face_size,PASS,frame=120 face=561x688 >= 180x180,120
103,face_rgb,103_face_rgb.mp4,frame,check_eyes_open,PASS,"frame=120 eyes open (L=0.39, R=0.38 > 0.25)",120
103,face_rgb,103_face_rgb.mp4,frame,check_face_blur,PASS,frame=120 blur variance=219.0 >= 90,120
103,face_rgb,103_face_rgb.mp4,frame,check_brightness,PASS,frame=120 brightness=155 status=normal,120
103,face_rgb,103_face_rgb.mp4,frame,check_face_detected,PASS,frame=122 face ok,122
103,face_rgb,103_face_rgb.mp4,frame,check_head_fully,PASS,frame=122 Head is fully visible,122
103,face_rgb,103_face_rgb.mp4,frame,check_face_size,PASS,frame=122 face=560x689 >= 180x180,122
103,face_rgb,103_face_rgb.mp4,frame,check_eyes_open,PASS,"frame=122 eyes open (L=0.39, R=0.39 > 0.25)",122
103,face_rgb,103_face_rgb.mp4,frame,check_face_blur,PASS,frame=122 blur variance=195.8 >= 90,122
103,face_rgb,103_face_rgb.mp4,frame,check_brightness,PASS,frame=122 brightness=155 status=normal,122
103,face_rgb,103_face_rgb.mp4,frame,check_face_detected,PASS,frame=124 face ok,124
103,face_rgb,103_face_rgb.mp4,frame,check_head_fully,PASS,frame=124 Head is fully visible,124
103,face_rgb,103_face_rgb.mp4,frame,check_face_size,PASS,frame=124 face=560x687 >= 180x180,124
103,face_rgb,103_face_rgb.mp4,frame,check_eyes_open,PASS,"frame=124 eyes open (L=0.39, R=0.39 > 0.25)",124
103,face_rgb,103_face_rgb.mp4,frame,check_face_blur,PASS,frame=124 blur variance=195.7 >= 90,124
103,face_rgb,103_face_rgb.mp4,frame,check_brightness,PASS,frame=124 brightness=155 status=normal,124
103,face_rgb,103_face_rgb.mp4,frame,check_face_detected,PASS,frame=127 face ok,127
103,face_rgb,103_face_rgb.mp4,frame,check_head_fully,PASS,frame=127 Head is fully visible,127
103,face_rgb,103_face_rgb.mp4,frame,check_face_size,PASS,frame=127 face=564x690 >= 180x180,127
103,face_rgb,103_face_rgb.mp4,frame,check_eyes_open,PASS,"frame=127 eyes open (L=0.39, R=0.39 > 0.25)",127
103,face_rgb,103_face_rgb.mp4,frame,check_face_blur,PASS,frame=127 blur variance=205.8 >= 90,127
103,face_rgb,103_face_rgb.mp4,frame,check_brightness,PASS,frame=127 brightness=155 status=normal,127
103,face_rgb,103_face_rgb.mp4,frame,check_face_detected,PASS,frame=129 face ok,129
103,face_rgb,103_face_rgb.mp4,frame,check_head_fully,PASS,frame=129 Head is fully visible,129
103,face_rgb,103_face_rgb.mp4,frame,check_face_size,PASS,frame=129 face=560x684 >= 180x180,129
103,face_rgb,103_face_rgb.mp4,frame,check_eyes_open,PASS,"frame=129 eyes open (L=0.38, R=0.38 > 0.25)",129
103,face_rgb,103_face_rgb.mp4,frame,check_face_blur,PASS,frame=129 blur variance=208.8 >= 90,129
103,face_rgb,103_face_rgb.mp4,frame,check_brightness,PASS,frame=129 brightness=155 status=normal,129
103,face_rgb,103_face_rgb.mp4,frame,check_face_detected,PASS,frame=131 face ok,131
103,face_rgb,103_face_rgb.mp4,frame,check_head_fully,PASS,frame=131 Head is fully visible,131
103,face_rgb,103_face_rgb.mp4,frame,check_face_size,PASS,frame=131 face=564x680 >= 180x180,131
103,face_rgb,103_face_rgb.mp4,frame,check_eyes_open,PASS,"frame=131 eyes open (L=0.37, R=0.39 > 0.25)",131
103,face_rgb,103_face_rgb.mp4,frame,check_face_blur,PASS,frame=131 blur variance=192.5 >= 90,131
103,face_rgb,103_face_rgb.mp4,frame,check_brightness,PASS,frame=131 brightness=155 status=normal,131
103,face_rgb,103_face_rgb.mp4,frame,check_face_detected,PASS,frame=134 face ok,134
103,face_rgb,103_face_rgb.mp4,frame,check_head_fully,PASS,frame=134 Head is fully visible,134
103,face_rgb,103_face_rgb.mp4,frame,check_face_size,PASS,frame=134 face=561x674 >= 180x180,134
103,face_rgb,103_face_rgb.mp4,frame,check_eyes_open,PASS,"frame=134 eyes open (L=0.38, R=0.39 > 0.25)",134
103,face_rgb,103_face_rgb.mp4,frame,check_face_blur,PASS,frame=134 blur variance=197.8 >= 90,134
103,face_rgb,103_face_rgb.mp4,frame,check_brightness,PASS,frame=134 brightness=155 status=normal,134
103,face_rgb,103_face_rgb.mp4,frame,check_face_detected,PASS,frame=136 face ok,136
103,face_rgb,103_face_rgb.mp4,frame,check_head_fully,PASS,frame=136 Head is fully visible,136
103,face_rgb,103_face_rgb.mp4,frame,check_face_size,PASS,frame=136 face=568x676 >= 180x180,136
103,face_rgb,103_face_rgb.mp4,frame,check_eyes_open,PASS,"frame=136 eyes open (L=0.37, R=0.39 > 0.25)",136
103,face_rgb,103_face_rgb.mp4,frame,check_face_blur,PASS,frame=136 blur variance=194.9 >= 90,136
103,face_rgb,103_face_rgb.mp4,frame,check_brightness,PASS,frame=136 brightness=156 status=normal,136
103,face_rgb,103_face_rgb.mp4,frame,check_face_detected,PASS,frame=139 face ok,139
103,face_rgb,103_face_rgb.mp4,frame,check_head_fully,PASS,frame=139 Head is fully visible,139
103,face_rgb,103_face_rgb.mp4,frame,check_face_size,PASS,frame=139 face=561x688 >= 180x180,139
103,face_rgb,103_face_rgb.mp4,frame,check_eyes_open,PASS,"frame=139 eyes open (L=0.38, R=0.39 > 0.25)",139
103,face_rgb,103_face_rgb.mp4,frame,check_face_blur,PASS,frame=139 blur variance=218.7 >= 90,139
103,face_rgb,103_face_rgb.mp4,frame,check_brightness,PASS,frame=139 brightness=155 status=normal,139
103,face_rgb,103_face_rgb.mp4,frame,check_face_detected,PASS,frame=141 face ok,141
103,face_rgb,103_face_rgb.mp4,frame,check_head_fully,PASS,frame=141 Head is fully visible,141
103,face_rgb,103_face_rgb.mp4,frame,check_face_size,PASS,frame=141 face=567x690 >= 180x180,141
103,face_rgb,103_face_rgb.mp4,frame,check_eyes_open,PASS,"frame=141 eyes open (L=0.38, R=0.39 > 0.25)",141
103,face_rgb,103_face_rgb.mp4,frame,check_face_blur,PASS,frame=141 blur variance=223.1 >= 90,141
103,face_rgb,103_face_rgb.mp4,frame,check_brightness,PASS,frame=141 brightness=155 status=normal,141
103,face_rgb,103_face_rgb.mp4,frame,check_face_detected,PASS,frame=143 face ok,143
103,face_rgb,103_face_rgb.mp4,frame,check_head_fully,PASS,frame=143 Head is fully visible,143
103,face_rgb,103_face_rgb.mp4,frame,check_face_size,PASS,frame=143 face=565x690 >= 180x180,143
103,face_rgb,103_face_rgb.mp4,frame,check_eyes_open,PASS,"frame=143 eyes open (L=0.39, R=0.39 > 0.25)",143
103,face_rgb,103_face_rgb.mp4,frame,check_face_blur,PASS,frame=143 blur variance=224.8 >= 90,143
103,face_rgb,103_face_rgb.mp4,frame,check_brightness,PASS,frame=143 brightness=155 status=normal,143
103,face_rgb,103_face_rgb.mp4,frame,check_face_detected,PASS,frame=146 face ok,146
103,face_rgb,103_face_rgb.mp4,frame,check_head_fully,PASS,frame=146 Head is fully visible,146
103,face_rgb,103_face_rgb.mp4,frame,check_face_size,PASS,frame=146 face=564x690 >= 180x180,146
103,face_rgb,103_face_rgb.mp4,frame,check_eyes_open,PASS,"frame=146 eyes open (L=0.38, R=0.39 > 0.25)",146
103,face_rgb,103_face_rgb.mp4,frame,check_face_blur,PASS,frame=146 blur variance=229.4 >= 90,146
103,face_rgb,103_face_rgb.mp4,frame,check_brightness,PASS,frame=146 brightness=156 status=normal,146
103,face_rgb,103_face_rgb.mp4,frame,check_face_detected,PASS,frame=148 face ok,148
103,face_rgb,103_face_rgb.mp4,frame,check_head_fully,PASS,frame=148 Head is fully visible,148
103,face_rgb,103_face_rgb.mp4,frame,check_face_size,PASS,frame=148 face=564x688 >= 180x180,148
103,face_rgb,103_face_rgb.mp4,frame,check_eyes_open,PASS,"frame=148 eyes open (L=0.38, R=0.40 > 0.25)",148
103,face_rgb,103_face_rgb.mp4,frame,check_face_blur,PASS,frame=148 blur variance=206.6 >= 90,148
103,face_rgb,103_face_rgb.mp4,frame,check_brightness,PASS,frame=148 brightness=156 status=normal,148
103,face_rgb,103_face_rgb.mp4,frame,check_face_detected,PASS,frame=151 face ok,151
103,face_rgb,103_face_rgb.mp4,frame,check_head_fully,PASS,frame=151 Head is fully visible,151
103,face_rgb,103_face_rgb.mp4,frame,check_face_size,PASS,frame=151 face=561x688 >= 180x180,151
103,face_rgb,103_face_rgb.mp4,frame,check_eyes_open,PASS,"frame=151 eyes open (L=0.38, R=0.40 > 0.25)",151
103,face_rgb,103_face_rgb.mp4,frame,check_face_blur,PASS,frame=151 blur variance=199.2 >= 90,151
103,face_rgb,103_face_rgb.mp4,frame,check_brightness,PASS,frame=151 brightness=156 status=normal,151
103,face_rgb,103_face_rgb.mp4,frame,check_face_detected,PASS,frame=153 face ok,153
103,face_rgb,103_face_rgb.mp4,frame,check_head_fully,PASS,frame=153 Head is fully visible,153
103,face_rgb,103_face_rgb.mp4,frame,check_face_size,PASS,frame=153 face=567x690 >= 180x180,153
103,face_rgb,103_face_rgb.mp4,frame,check_eyes_open,PASS,"frame=153 eyes open (L=0.39, R=0.39 > 0.25)",153
103,face_rgb,103_face_rgb.mp4,frame,check_face_blur,PASS,frame=153 blur variance=218.9 >= 90,153
103,face_rgb,103_face_rgb.mp4,frame,check_brightness,PASS,frame=153 brightness=155 status=normal,153
103,face_rgb,103_face_rgb.mp4,frame,check_face_detected,PASS,frame=155 face ok,155
103,face_rgb,103_face_rgb.mp4,frame,check_head_fully,PASS,frame=155 Head is fully visible,155
103,face_rgb,103_face_rgb.mp4,frame,check_face_size,PASS,frame=155 face=560x690 >= 180x180,155
103,face_rgb,103_face_rgb.mp4,frame,check_eyes_open,PASS,"frame=155 eyes open (L=0.38, R=0.39 > 0.25)",155
103,face_rgb,103_face_rgb.mp4,frame,check_face_blur,PASS,frame=155 blur variance=221.7 >= 90,155
103,face_rgb,103_face_rgb.mp4,frame,check_brightness,PASS,frame=155 brightness=155 status=normal,155
103,face_rgb,103_face_rgb.mp4,frame,check_face_detected,PASS,frame=158 face ok,158
103,face_rgb,103_face_rgb.mp4,frame,check_head_fully,PASS,frame=158 Head is fully visible,158
103,face_rgb,103_face_rgb.mp4,frame,check_face_size,PASS,frame=158 face=564x691 >= 180x180,158
103,face_rgb,103_face_rgb.mp4,frame,check_eyes_open,PASS,"frame=158 eyes open (L=0.39, R=0.39 > 0.25)",158
103,face_rgb,103_face_rgb.mp4,frame,check_face_blur,PASS,frame=158 blur variance=222.4 >= 90,158
103,face_rgb,103_face_rgb.mp4,frame,check_brightness,PASS,frame=158 brightness=156 status=normal,158
103,face_rgb,103_face_rgb.mp4,frame,check_face_detected,PASS,frame=160 face ok,160
103,face_rgb,103_face_rgb.mp4,frame,check_head_fully,PASS,frame=160 Head is fully visible,160
103,face_rgb,103_face_rgb.mp4,frame,check_face_size,PASS,frame=160 face=561x690 >= 180x180,160
103,face_rgb,103_face_rgb.mp4,frame,check_eyes_open,PASS,"frame=160 eyes open (L=0.39, R=0.39 > 0.25)",160
103,face_rgb,103_face_rgb.mp4,frame,check_face_blur,PASS,frame=160 blur variance=235.2 >= 90,160
103,face_rgb,103_face_rgb.mp4,frame,check_brightness,PASS,frame=160 brightness=156 status=normal,160
103,face_rgb,103_face_rgb.mp4,frame,check_face_detected,PASS,frame=163 face ok,163
103,face_rgb,103_face_rgb.mp4,frame,check_head_fully,PASS,frame=163 Head is fully visible,163
103,face_rgb,103_face_rgb.mp4,frame,check_face_size,PASS,frame=163 face=561x690 >= 180x180,163
103,face_rgb,103_face_rgb.mp4,frame,check_eyes_open,PASS,"frame=163 eyes open (L=0.39, R=0.39 > 0.25)",163
103,face_rgb,103_face_rgb.mp4,frame,check_face_blur,PASS,frame=163 blur variance=236.0 >= 90,163
103,face_rgb,103_face_rgb.mp4,frame,check_brightness,PASS,frame=163 brightness=155 status=normal,163
103,face_rgb,103_face_rgb.mp4,frame,check_face_detected,PASS,frame=165 face ok,165
103,face_rgb,103_face_rgb.mp4,frame,check_head_fully,PASS,frame=165 Head is fully visible,165
103,face_rgb,103_face_rgb.mp4,frame,check_face_size,PASS,frame=165 face=558x689 >= 180x180,165
103,face_rgb,103_face_rgb.mp4,frame,check_eyes_open,PASS,"frame=165 eyes open (L=0.38, R=0.39 > 0.25)",165
103,face_rgb,103_face_rgb.mp4,frame,check_face_blur,PASS,frame=165 blur variance=241.8 >= 90,165
103,face_rgb,103_face_rgb.mp4,frame,check_brightness,PASS,frame=165 brightness=155 status=normal,165
103,face_rgb,103_face_rgb.mp4,frame,check_face_detected,PASS,frame=167 face ok,167
103,face_rgb,103_face_rgb.mp4,frame,check_head_fully,PASS,frame=167 Head is fully visible,167
103,face_rgb,103_face_rgb.mp4,frame,check_face_size,PASS,frame=167 face=561x690 >= 180x180,167
103,face_rgb,103_face_rgb.mp4,frame,check_eyes_open,PASS,"frame=167 eyes open (L=0.39, R=0.38 > 0.25)",167
103,face_rgb,103_face_rgb.mp4,frame,check_face_blur,PASS,frame=167 blur variance=237.3 >= 90,167
103,face_rgb,103_face_rgb.mp4,frame,check_brightness,PASS,frame=167 brightness=155 status=normal,167
103,face_rgb,103_face_rgb.mp4,frame,check_face_detected,PASS,frame=170 face ok,170
103,face_rgb,103_face_rgb.mp4,frame,check_head_fully,PASS,frame=170 Head is fully visible,170
103,face_rgb,103_face_rgb.mp4,frame,check_face_size,PASS,frame=170 face=561x686 >= 180x180,170
103,face_rgb,103_face_rgb.mp4,frame,check_eyes_open,PASS,"frame=170 eyes open (L=0.38, R=0.39 > 0.25)",170
103,face_rgb,103_face_rgb.mp4,frame,check_face_blur,PASS,frame=170 blur variance=239.3 >= 90,170
103,face_rgb,103_face_rgb.mp4,frame,check_brightness,PASS,frame=170 brightness=156 status=normal,170
103,face_rgb,103_face_rgb.mp4,frame,check_face_detected,PASS,frame=172 face ok,172
103,face_rgb,103_face_rgb.mp4,frame,check_head_fully,PASS,frame=172 Head is fully visible,172
103,face_rgb,103_face_rgb.mp4,frame,check_face_size,PASS,frame=172 face=564x688 >= 180x180,172
103,face_rgb,103_face_rgb.mp4,frame,check_eyes_open,PASS,"frame=172 eyes open (L=0.38, R=0.39 > 0.25)",172
103,face_rgb,103_face_rgb.mp4,frame,check_face_blur,PASS,frame=172 blur variance=237.2 >= 90,172
103,face_rgb,103_face_rgb.mp4,frame,check_brightness,PASS,frame=172 brightness=156 status=normal,172
103,face_rgb,103_face_rgb.mp4,frame,check_face_detected,PASS,frame=175 face ok,175
103,face_rgb,103_face_rgb.mp4,frame,check_head_fully,PASS,frame=175 Head is fully visible,175
103,face_rgb,103_face_rgb.mp4,frame,check_face_size,PASS,frame=175 face=565x689 >= 180x180,175
103,face_rgb,103_face_rgb.mp4,frame,check_eyes_open,PASS,"frame=175 eyes open (L=0.39, R=0.38 > 0.25)",175
103,face_rgb,103_face_rgb.mp4,frame,check_face_blur,PASS,frame=175 blur variance=223.5 >= 90,175
103,face_rgb,103_face_rgb.mp4,frame,check_brightness,PASS,frame=175 brightness=155 status=normal,175
103,face_rgb,103_face_rgb.mp4,frame,check_face_detected,PASS,frame=177 face ok,177
103,face_rgb,103_face_rgb.mp4,frame,check_head_fully,PASS,frame=177 Head is fully visible,177
103,face_rgb,103_face_rgb.mp4,frame,check_face_size,PASS,frame=177 face=561x690 >= 180x180,177
103,face_rgb,103_face_rgb.mp4,frame,check_eyes_open,PASS,"frame=177 eyes open (L=0.38, R=0.39 > 0.25)",177
103,face_rgb,103_face_rgb.mp4,frame,check_face_blur,PASS,frame=177 blur variance=227.1 >= 90,177
103,face_rgb,103_face_rgb.mp4,frame,check_brightness,PASS,frame=177 brightness=155 status=normal,177
103,face_rgb,103_face_rgb.mp4,frame,check_face_detected,PASS,frame=179 face ok,179
103,face_rgb,103_face_rgb.mp4,frame,check_head_fully,PASS,frame=179 Head is fully visible,179
103,face_rgb,103_face_rgb.mp4,frame,check_face_size,PASS,frame=179 face=560x691 >= 180x180,179
103,face_rgb,103_face_rgb.mp4,frame,check_eyes_open,PASS,"frame=179 eyes open (L=0.38, R=0.39 > 0.25)",179
103,face_rgb,103_face_rgb.mp4,frame,check_face_blur,PASS,frame=179 blur variance=225.7 >= 90,179
103,face_rgb,103_face_rgb.mp4,frame,check_brightness,PASS,frame=179 brightness=155 status=normal,179
103,face_rgb,103_face_rgb.mp4,frame,check_face_detected,PASS,frame=182 face ok,182
103,face_rgb,103_face_rgb.mp4,frame,check_head_fully,PASS,frame=182 Head is fully visible,182
103,face_rgb,103_face_rgb.mp4,frame,check_face_size,PASS,frame=182 face=561x687 >= 180x180,182
103,face_rgb,103_face_rgb.mp4,frame,check_eyes_open,PASS,"frame=182 eyes open (L=0.39, R=0.38 > 0.25)",182
103,face_rgb,103_face_rgb.mp4,frame,check_face_blur,PASS,frame=182 blur variance=224.8 >= 90,182
103,face_rgb,103_face_rgb.mp4,frame,check_brightness,PASS,frame=182 brightness=155 status=normal,182
103,face_rgb,103_face_rgb.mp4,frame,check_face_detected,PASS,frame=184 face ok,184
103,face_rgb,103_face_rgb.mp4,frame,check_head_fully,PASS,frame=184 Head is fully visible,184
103,face_rgb,103_face_rgb.mp4,frame,check_face_size,PASS,frame=184 face=567x687 >= 180x180,184
103,face_rgb,103_face_rgb.mp4,frame,check_eyes_open,PASS,"frame=184 eyes open (L=0.37, R=0.39 > 0.25)",184
103,face_rgb,103_face_rgb.mp4,frame,check_face_blur,PASS,frame=184 blur variance=226.1 >= 90,184
103,face_rgb,103_face_rgb.mp4,frame,check_brightness,PASS,frame=184 brightness=155 status=normal,184
103,face_rgb,103_face_rgb.mp4,frame,check_face_detected,PASS,frame=186 face ok,186
103,face_rgb,103_face_rgb.mp4,frame,check_head_fully,PASS,frame=186 Head is fully visible,186
103,face_rgb,103_face_rgb.mp4,frame,check_face_size,PASS,frame=186 face=564x688 >= 180x180,186
103,face_rgb,103_face_rgb.mp4,frame,check_eyes_open,PASS,"frame=186 eyes open (L=0.38, R=0.38 > 0.25)",186
103,face_rgb,103_face_rgb.mp4,frame,check_face_blur,PASS,frame=186 blur variance=223.8 >= 90,186
103,face_rgb,103_face_rgb.mp4,frame,check_brightness,PASS,frame=186 brightness=155 status=normal,186
103,face_rgb,103_face_rgb.mp4,frame,check_face_detected,PASS,frame=189 face ok,189
103,face_rgb,103_face_rgb.mp4,frame,check_head_fully,PASS,frame=189 Head is fully visible,189
103,face_rgb,103_face_rgb.mp4,frame,check_face_size,PASS,frame=189 face=564x684 >= 180x180,189
103,face_rgb,103_face_rgb.mp4,frame,check_eyes_open,PASS,"frame=189 eyes open (L=0.38, R=0.39 > 0.25)",189
103,face_rgb,103_face_rgb.mp4,frame,check_face_blur,PASS,frame=189 blur variance=216.4 >= 90,189
103,face_rgb,103_face_rgb.mp4,frame,check_brightness,PASS,frame=189 brightness=155 status=normal,189
103,face_rgb,103_face_rgb.mp4,frame,check_face_detected,PASS,frame=191 face ok,191
103,face_rgb,103_face_rgb.mp4,frame,check_head_fully,PASS,frame=191 Head is fully visible,191
103,face_rgb,103_face_rgb.mp4,frame,check_face_size,PASS,frame=191 face=558x684 >= 180x180,191
103,face_rgb,103_face_rgb.mp4,frame,check_eyes_open,PASS,"frame=191 eyes open (L=0.39, R=0.39 > 0.25)",191
103,face_rgb,103_face_rgb.mp4,frame,check_face_blur,PASS,frame=191 blur variance=201.4 >= 90,191
103,face_rgb,103_face_rgb.mp4,frame,check_brightness,PASS,frame=191 brightness=155 status=normal,191
103,face_rgb,103_face_rgb.mp4,frame,check_face_detected,PASS,frame=194 face ok,194
103,face_rgb,103_face_rgb.mp4,frame,check_head_fully,PASS,frame=194 Head is fully visible,194
103,face_rgb,103_face_rgb.mp4,frame,check_face_size,PASS,frame=194 face=560x684 >= 180x180,194
103,face_rgb,103_face_rgb.mp4,frame,check_eyes_open,PASS,"frame=194 eyes open (L=0.38, R=0.38 > 0.25)",194
103,face_rgb,103_face_rgb.mp4,frame,check_face_blur,PASS,frame=194 blur variance=205.8 >= 90,194
103,face_rgb,103_face_rgb.mp4,frame,check_brightness,PASS,frame=194 brightness=156 status=normal,194
103,face_rgb,103_face_rgb.mp4,frame,check_face_detected,PASS,frame=196 face ok,196
103,face_rgb,103_face_rgb.mp4,frame,check_head_fully,PASS,frame=196 Head is fully visible,196
103,face_rgb,103_face_rgb.mp4,frame,check_face_size,PASS,frame=196 face=558x684 >= 180x180,196
103,face_rgb,103_face_rgb.mp4,frame,check_eyes_open,PASS,"frame=196 eyes open (L=0.38, R=0.39 > 0.25)",196
103,face_rgb,103_face_rgb.mp4,frame,check_face_blur,PASS,frame=196 blur variance=217.1 >= 90,196
103,face_rgb,103_face_rgb.mp4,frame,check_brightness,PASS,frame=196 brightness=156 status=normal,196
103,face_rgb,103_face_rgb.mp4,frame,check_face_detected,PASS,frame=198 face ok,198
103,face_rgb,103_face_rgb.mp4,frame,check_head_fully,PASS,frame=198 Head is fully visible,198
103,face_rgb,103_face_rgb.mp4,frame,check_face_size,PASS,frame=198 face=560x685 >= 180x180,198
103,face_rgb,103_face_rgb.mp4,frame,check_eyes_open,PASS,"frame=198 eyes open (L=0.38, R=0.38 > 0.25)",198
103,face_rgb,103_face_rgb.mp4,frame,check_face_blur,PASS,frame=198 blur variance=213.3 >= 90,198
103,face_rgb,103_face_rgb.mp4,frame,check_brightness,PASS,frame=198 brightness=156 status=normal,198
103,face_rgb,103_face_rgb.mp4,frame,check_face_detected,PASS,frame=201 face ok,201
103,face_rgb,103_face_rgb.mp4,frame,check_head_fully,PASS,frame=201 Head is fully visible,201
103,face_rgb,103_face_rgb.mp4,frame,check_face_size,PASS,frame=201 face=560x684 >= 180x180,201
103,face_rgb,103_face_rgb.mp4,frame,check_eyes_open,PASS,"frame=201 eyes open (L=0.38, R=0.39 > 0.25)",201
103,face_rgb,103_face_rgb.mp4,frame,check_face_blur,PASS,frame=201 blur variance=232.4 >= 90,201
103,face_rgb,103_face_rgb.mp4,frame,check_brightness,PASS,frame=201 brightness=155 status=normal,201
103,face_rgb,103_face_rgb.mp4,frame,check_face_detected,PASS,frame=203 face ok,203
103,face_rgb,103_face_rgb.mp4,frame,check_head_fully,PASS,frame=203 Head is fully visible,203
103,face_rgb,103_face_rgb.mp4,frame,check_face_size,PASS,frame=203 face=564x681 >= 180x180,203
103,face_rgb,103_face_rgb.mp4,frame,check_eyes_open,PASS,"frame=203 eyes open (L=0.38, R=0.39 > 0.25)",203
103,face_rgb,103_face_rgb.mp4,frame,check_face_blur,PASS,frame=203 blur variance=221.6 >= 90,203
103,face_rgb,103_face_rgb.mp4,frame,check_brightness,PASS,frame=203 brightness=155 status=normal,203
103,face_rgb,103_face_rgb.mp4,frame,check_face_detected,PASS,frame=206 face ok,206
103,face_rgb,103_face_rgb.mp4,frame,check_head_fully,PASS,frame=206 Head is fully visible,206
103,face_rgb,103_face_rgb.mp4,frame,check_face_size,PASS,frame=206 face=555x684 >= 180x180,206
103,face_rgb,103_face_rgb.mp4,frame,check_eyes_open,PASS,"frame=206 eyes open (L=0.38, R=0.39 > 0.25)",206
103,face_rgb,103_face_rgb.mp4,frame,check_face_blur,PASS,frame=206 blur variance=207.2 >= 90,206
103,face_rgb,103_face_rgb.mp4,frame,check_brightness,PASS,frame=206 brightness=156 status=normal,206
103,face_rgb,103_face_rgb.mp4,frame,check_face_detected,PASS,frame=208 face ok,208
103,face_rgb,103_face_rgb.mp4,frame,check_head_fully,PASS,frame=208 Head is fully visible,208
103,face_rgb,103_face_rgb.mp4,frame,check_face_size,PASS,frame=208 face=558x688 >= 180x180,208
103,face_rgb,103_face_rgb.mp4,frame,check_eyes_open,PASS,"frame=208 eyes open (L=0.38, R=0.39 > 0.25)",208
103,face_rgb,103_face_rgb.mp4,frame,check_face_blur,PASS,frame=208 blur variance=200.2 >= 90,208
103,face_rgb,103_face_rgb.mp4,frame,check_brightness,PASS,frame=208 brightness=156 status=normal,208
103,face_rgb,103_face_rgb.mp4,frame,check_face_detected,PASS,frame=210 face ok,210
103,face_rgb,103_face_rgb.mp4,frame,check_head_fully,PASS,frame=210 Head is fully visible,210
103,face_rgb,103_face_rgb.mp4,frame,check_face_size,PASS,frame=210 face=557x686 >= 180x180,210
103,face_rgb,103_face_rgb.mp4,frame,check_eyes_open,PASS,"frame=210 eyes open (L=0.38, R=0.39 > 0.25)",210
103,face_rgb,103_face_rgb.mp4,frame,check_face_blur,PASS,frame=210 blur variance=220.9 >= 90,210
103,face_rgb,103_face_rgb.mp4,frame,check_brightness,PASS,frame=210 brightness=155 status=normal,210
103,face_rgb,103_face_rgb.mp4,frame,check_face_detected,PASS,frame=213 face ok,213
103,face_rgb,103_face_rgb.mp4,frame,check_head_fully,PASS,frame=213 Head is fully visible,213
103,face_rgb,103_face_rgb.mp4,frame,check_face_size,PASS,frame=213 face=557x685 >= 180x180,213
103,face_rgb,103_face_rgb.mp4,frame,check_eyes_open,PASS,"frame=213 eyes open (L=0.39, R=0.39 > 0.25)",213
103,face_rgb,103_face_rgb.mp4,frame,check_face_blur,PASS,frame=213 blur variance=211.7 >= 90,213
103,face_rgb,103_face_rgb.mp4,frame,check_brightness,PASS,frame=213 brightness=155 status=normal,213
103,face_rgb,103_face_rgb.mp4,frame,check_face_detected,PASS,frame=215 face ok,215
103,face_rgb,103_face_rgb.mp4,frame,check_head_fully,PASS,frame=215 Head is fully visible,215
103,face_rgb,103_face_rgb.mp4,frame,check_face_size,PASS,frame=215 face=558x687 >= 180x180,215
103,face_rgb,103_face_rgb.mp4,frame,check_eyes_open,PASS,"frame=215 eyes open (L=0.39, R=0.39 > 0.25)",215
103,face_rgb,103_face_rgb.mp4,frame,check_face_blur,PASS,frame=215 blur variance=209.3 >= 90,215
103,face_rgb,103_face_rgb.mp4,frame,check_brightness,PASS,frame=215 brightness=155 status=normal,215
103,face_rgb,103_face_rgb.mp4,frame,check_face_detected,PASS,frame=218 face ok,218
103,face_rgb,103_face_rgb.mp4,frame,check_head_fully,PASS,frame=218 Head is fully visible,218
103,face_rgb,103_face_rgb.mp4,frame,check_face_size,PASS,frame=218 face=557x686 >= 180x180,218
103,face_rgb,103_face_rgb.mp4,frame,check_eyes_open,PASS,"frame=218 eyes open (L=0.38, R=0.39 > 0.25)",218
103,face_rgb,103_face_rgb.mp4,frame,check_face_blur,PASS,frame=218 blur variance=241.2 >= 90,218
103,face_rgb,103_face_rgb.mp4,frame,check_brightness,PASS,frame=218 brightness=155 status=normal,218
103,face_rgb,103_face_rgb.mp4,frame,check_face_detected,PASS,frame=220 face ok,220
103,face_rgb,103_face_rgb.mp4,frame,check_head_fully,PASS,frame=220 Head is fully visible,220
103,face_rgb,103_face_rgb.mp4,frame,check_face_size,PASS,frame=220 face=554x684 >= 180x180,220
103,face_rgb,103_face_rgb.mp4,frame,check_eyes_open,PASS,"frame=220 eyes open (L=0.38, R=0.39 > 0.25)",220
103,face_rgb,103_face_rgb.mp4,frame,check_face_blur,PASS,frame=220 blur variance=239.5 >= 90,220
103,face_rgb,103_face_rgb.mp4,frame,check_brightness,PASS,frame=220 brightness=155 status=normal,220
103,face_rgb,103_face_rgb.mp4,frame,check_face_detected,PASS,frame=222 face ok,222
103,face_rgb,103_face_rgb.mp4,frame,check_head_fully,PASS,frame=222 Head is fully visible,222
103,face_rgb,103_face_rgb.mp4,frame,check_face_size,PASS,frame=222 face=557x681 >= 180x180,222
103,face_rgb,103_face_rgb.mp4,frame,check_eyes_open,PASS,"frame=222 eyes open (L=0.38, R=0.39 > 0.25)",222
103,face_rgb,103_face_rgb.mp4,frame,check_face_blur,PASS,frame=222 blur variance=240.7 >= 90,222
103,face_rgb,103_face_rgb.mp4,frame,check_brightness,PASS,frame=222 brightness=155 status=normal,222
103,face_rgb,103_face_rgb.mp4,frame,check_face_detected,PASS,frame=225 face ok,225
103,face_rgb,103_face_rgb.mp4,frame,check_head_fully,PASS,frame=225 Head is fully visible,225
103,face_rgb,103_face_rgb.mp4,frame,check_face_size,PASS,frame=225 face=554x680 >= 180x180,225
103,face_rgb,103_face_rgb.mp4,frame,check_eyes_open,PASS,"frame=225 eyes open (L=0.39, R=0.38 > 0.25)",225
103,face_rgb,103_face_rgb.mp4,frame,check_face_blur,PASS,frame=225 blur variance=242.0 >= 90,225
103,face_rgb,103_face_rgb.mp4,frame,check_brightness,PASS,frame=225 brightness=155 status=normal,225
103,face_rgb,103_face_rgb.mp4,frame,check_face_detected,PASS,frame=227 face ok,227
103,face_rgb,103_face_rgb.mp4,frame,check_head_fully,PASS,frame=227 Head is fully visible,227
103,face_rgb,103_face_rgb.mp4,frame,check_face_size,PASS,frame=227 face=558x687 >= 180x180,227
103,face_rgb,103_face_rgb.mp4,frame,check_eyes_open,PASS,"frame=227 eyes open (L=0.39, R=0.38 > 0.25)",227
103,face_rgb,103_face_rgb.mp4,frame,check_face_blur,PASS,frame=227 blur variance=224.6 >= 90,227
103,face_rgb,103_face_rgb.mp4,frame,check_brightness,PASS,frame=227 brightness=155 status=normal,227
103,face_rgb,103_face_rgb.mp4,frame,check_face_detected,PASS,frame=230 face ok,230
103,face_rgb,103_face_rgb.mp4,frame,check_head_fully,PASS,frame=230 Head is fully visible,230
103,face_rgb,103_face_rgb.mp4,frame,check_face_size,PASS,frame=230 face=556x684 >= 180x180,230
103,face_rgb,103_face_rgb.mp4,frame,check_eyes_open,PASS,"frame=230 eyes open (L=0.38, R=0.38 > 0.25)",230
103,face_rgb,103_face_rgb.mp4,frame,check_face_blur,PASS,frame=230 blur variance=244.6 >= 90,230
103,face_rgb,103_face_rgb.mp4,frame,check_brightness,PASS,frame=230 brightness=155 status=normal,230
103,face_rgb,103_face_rgb.mp4,frame,check_face_detected,PASS,frame=232 face ok,232
103,face_rgb,103_face_rgb.mp4,frame,check_head_fully,PASS,frame=232 Head is fully visible,232
103,face_rgb,103_face_rgb.mp4,frame,check_face_size,PASS,frame=232 face=556x684 >= 180x180,232
103,face_rgb,103_face_rgb.mp4,frame,check_eyes_open,PASS,"frame=232 eyes open (L=0.38, R=0.39 > 0.25)",232
103,face_rgb,103_face_rgb.mp4,frame,check_face_blur,PASS,frame=232 blur variance=236.2 >= 90,232
103,face_rgb,103_face_rgb.mp4,frame,check_brightness,PASS,frame=232 brightness=155 status=normal,232
103,face_rgb,103_face_rgb.mp4,frame,check_face_detected,PASS,frame=234 face ok,234
103,face_rgb,103_face_rgb.mp4,frame,check_head_fully,PASS,frame=234 Head is fully visible,234
103,face_rgb,103_face_rgb.mp4,frame,check_face_size,PASS,frame=234 face=555x686 >= 180x180,234
103,face_rgb,103_face_rgb.mp4,frame,check_eyes_open,PASS,"frame=234 eyes open (L=0.38, R=0.39 > 0.25)",234
103,face_rgb,103_face_rgb.mp4,frame,check_face_blur,PASS,frame=234 blur variance=241.8 >= 90,234
103,face_rgb,103_face_rgb.mp4,frame,check_brightness,PASS,frame=234 brightness=155 status=normal,234
103,face_rgb,103_face_rgb.mp4,frame,check_face_detected,PASS,frame=237 face ok,237
103,face_rgb,103_face_rgb.mp4,frame,check_head_fully,PASS,frame=237 Head is fully visible,237
103,face_rgb,103_face_rgb.mp4,frame,check_face_size,PASS,frame=237 face=556x685 >= 180x180,237
103,face_rgb,103_face_rgb.mp4,frame,check_eyes_open,PASS,"frame=237 eyes open (L=0.38, R=0.39 > 0.25)",237
103,face_rgb,103_face_rgb.mp4,frame,check_face_blur,PASS,frame=237 blur variance=241.8 >= 90,237
103,face_rgb,103_face_rgb.mp4,frame,check_brightness,PASS,frame=237 brightness=155 status=normal,237
103,face_rgb,103_face_rgb.mp4,frame,check_face_detected,PASS,frame=239 face ok,239
103,face_rgb,103_face_rgb.mp4,frame,check_head_fully,PASS,frame=239 Head is fully visible,239
103,face_rgb,103_face_rgb.mp4,frame,check_face_size,PASS,frame=239 face=554x686 >= 180x180,239
103,face_rgb,103_face_rgb.mp4,frame,check_eyes_open,PASS,"frame=239 eyes open (L=0.38, R=0.38 > 0.25)",239
103,face_rgb,103_face_rgb.mp4,frame,check_face_blur,PASS,frame=239 blur variance=250.6 >= 90,239
103,face_rgb,103_face_rgb.mp4,frame,check_brightness,PASS,frame=239 brightness=155 status=normal,239
103,face_rgb,103_face_rgb.mp4,frame,check_face_detected,PASS,frame=241 face ok,241
103,face_rgb,103_face_rgb.mp4,frame,check_head_fully,PASS,frame=241 Head is fully visible,241
103,face_rgb,103_face_rgb.mp4,frame,check_face_size,PASS,frame=241 face=556x685 >= 180x180,241
103,face_rgb,103_face_rgb.mp4,frame,check_eyes_open,PASS,"frame=241 eyes open (L=0.39, R=0.39 > 0.25)",241
103,face_rgb,103_face_rgb.mp4,frame,check_face_blur,PASS,frame=241 blur variance=282.1 >= 90,241
103,face_rgb,103_face_rgb.mp4,frame,check_brightness,PASS,frame=241 brightness=155 status=normal,241
103,face_rgb,103_face_rgb.mp4,frame,check_face_detected,PASS,frame=244 face ok,244
103,face_rgb,103_face_rgb.mp4,frame,check_head_fully,PASS,frame=244 Head is fully visible,244
103,face_rgb,103_face_rgb.mp4,frame,check_face_size,PASS,frame=244 face=557x687 >= 180x180,244
103,face_rgb,103_face_rgb.mp4,frame,check_eyes_open,PASS,"frame=244 eyes open (L=0.39, R=0.39 > 0.25)",244
103,face_rgb,103_face_rgb.mp4,frame,check_face_blur,PASS,frame=244 blur variance=258.6 >= 90,244
103,face_rgb,103_face_rgb.mp4,frame,check_brightness,PASS,frame=244 brightness=155 status=normal,244
103,face_rgb,103_face_rgb.mp4,frame,check_face_detected,PASS,frame=246 face ok,246
103,face_rgb,103_face_rgb.mp4,frame,check_head_fully,PASS,frame=246 Head is fully visible,246
103,face_rgb,103_face_rgb.mp4,frame,check_face_size,PASS,frame=246 face=559x685 >= 180x180,246
103,face_rgb,103_face_rgb.mp4,frame,check_eyes_open,PASS,"frame=246 eyes open (L=0.38, R=0.39 > 0.25)",246
103,face_rgb,103_face_rgb.mp4,frame,check_face_blur,PASS,frame=246 blur variance=225.3 >= 90,246
103,face_rgb,103_face_rgb.mp4,frame,check_brightness,PASS,frame=246 brightness=155 status=normal,246
103,face_rgb,103_face_rgb.mp4,frame,check_face_detected,PASS,frame=249 face ok,249
103,face_rgb,103_face_rgb.mp4,frame,check_head_fully,PASS,frame=249 Head is fully visible,249
103,face_rgb,103_face_rgb.mp4,frame,check_face_size,PASS,frame=249 face=554x680 >= 180x180,249
103,face_rgb,103_face_rgb.mp4,frame,check_eyes_open,PASS,"frame=249 eyes open (L=0.39, R=0.39 > 0.25)",249
103,face_rgb,103_face_rgb.mp4,frame,check_face_blur,PASS,frame=249 blur variance=218.1 >= 90,249
103,face_rgb,103_face_rgb.mp4,frame,check_brightness,PASS,frame=249 brightness=155 status=normal,249
103,face_rgb,103_face_rgb.mp4,frame,check_face_detected,PASS,frame=251 face ok,251
103,face_rgb,103_face_rgb.mp4,frame,check_head_fully,PASS,frame=251 Head is fully visible,251
103,face_rgb,103_face_rgb.mp4,frame,check_face_size,PASS,frame=251 face=556x686 >= 180x180,251
103,face_rgb,103_face_rgb.mp4,frame,check_eyes_open,PASS,"frame=251 eyes open (L=0.39, R=0.38 > 0.25)",251
103,face_rgb,103_face_rgb.mp4,frame,check_face_blur,PASS,frame=251 blur variance=250.2 >= 90,251
103,face_rgb,103_face_rgb.mp4,frame,check_brightness,PASS,frame=251 brightness=155 status=normal,251
103,face_rgb,103_face_rgb.mp4,frame,check_face_detected,PASS,frame=253 face ok,253
103,face_rgb,103_face_rgb.mp4,frame,check_head_fully,PASS,frame=253 Head is fully visible,253
103,face_rgb,103_face_rgb.mp4,frame,check_face_size,PASS,frame=253 face=558x687 >= 180x180,253
103,face_rgb,103_face_rgb.mp4,frame,check_eyes_open,PASS,"frame=253 eyes open (L=0.38, R=0.39 > 0.25)",253
103,face_rgb,103_face_rgb.mp4,frame,check_face_blur,PASS,frame=253 blur variance=220.1 >= 90,253
103,face_rgb,103_face_rgb.mp4,frame,check_brightness,PASS,frame=253 brightness=155 status=normal,253
103,face_rgb,103_face_rgb.mp4,frame,check_face_detected,PASS,frame=256 face ok,256
103,face_rgb,103_face_rgb.mp4,frame,check_head_fully,PASS,frame=256 Head is fully visible,256
103,face_rgb,103_face_rgb.mp4,frame,check_face_size,PASS,frame=256 face=556x686 >= 180x180,256
103,face_rgb,103_face_rgb.mp4,frame,check_eyes_open,PASS,"frame=256 eyes open (L=0.37, R=0.39 > 0.25)",256
103,face_rgb,103_face_rgb.mp4,frame,check_face_blur,PASS,frame=256 blur variance=227.8 >= 90,256
103,face_rgb,103_face_rgb.mp4,frame,check_brightness,PASS,frame=256 brightness=155 status=normal,256
103,face_rgb,103_face_rgb.mp4,frame,check_face_detected,PASS,frame=258 face ok,258
103,face_rgb,103_face_rgb.mp4,frame,check_head_fully,PASS,frame=258 Head is fully visible,258
103,face_rgb,103_face_rgb.mp4,frame,check_face_size,PASS,frame=258 face=555x684 >= 180x180,258
103,face_rgb,103_face_rgb.mp4,frame,check_eyes_open,PASS,"frame=258 eyes open (L=0.38, R=0.38 > 0.25)",258
103,face_rgb,103_face_rgb.mp4,frame,check_face_blur,PASS,frame=258 blur variance=227.9 >= 90,258
103,face_rgb,103_face_rgb.mp4,frame,check_brightness,PASS,frame=258 brightness=155 status=normal,258
103,face_rgb,103_face_rgb.mp4,frame,check_face_detected,PASS,frame=261 face ok,261
103,face_rgb,103_face_rgb.mp4,frame,check_head_fully,PASS,frame=261 Head is fully visible,261
103,face_rgb,103_face_rgb.mp4,frame,check_face_size,PASS,frame=261 face=555x681 >= 180x180,261
103,face_rgb,103_face_rgb.mp4,frame,check_eyes_open,PASS,"frame=261 eyes open (L=0.37, R=0.37 > 0.25)",261
103,face_rgb,103_face_rgb.mp4,frame,check_face_blur,PASS,frame=261 blur variance=214.2 >= 90,261
103,face_rgb,103_face_rgb.mp4,frame,check_brightness,PASS,frame=261 brightness=155 status=normal,261
103,face_rgb,103_face_rgb.mp4,frame,check_face_detected,PASS,frame=263 face ok,263
103,face_rgb,103_face_rgb.mp4,frame,check_head_fully,PASS,frame=263 Head is fully visible,263
103,face_rgb,103_face_rgb.mp4,frame,check_face_size,PASS,frame=263 face=549x684 >= 180x180,263
103,face_rgb,103_face_rgb.mp4,frame,check_eyes_open,PASS,"frame=263 eyes open (L=0.37, R=0.37 > 0.25)",263
103,face_rgb,103_face_rgb.mp4,frame,check_face_blur,PASS,frame=263 blur variance=216.7 >= 90,263
103,face_rgb,103_face_rgb.mp4,frame,check_brightness,PASS,frame=263 brightness=156 status=normal,263
103,face_rgb,103_face_rgb.mp4,frame,check_face_detected,PASS,frame=265 face ok,265
103,face_rgb,103_face_rgb.mp4,frame,check_head_fully,PASS,frame=265 Head is fully visible,265
103,face_rgb,103_face_rgb.mp4,frame,check_face_size,PASS,frame=265 face=555x679 >= 180x180,265
103,face_rgb,103_face_rgb.mp4,frame,check_eyes_open,PASS,"frame=265 eyes open (L=0.37, R=0.37 > 0.25)",265
103,face_rgb,103_face_rgb.mp4,frame,check_face_blur,PASS,frame=265 blur variance=221.1 >= 90,265
103,face_rgb,103_face_rgb.mp4,frame,check_brightness,PASS,frame=265 brightness=155 status=normal,265
103,face_rgb,103_face_rgb.mp4,frame,check_face_detected,PASS,frame=268 face ok,268
103,face_rgb,103_face_rgb.mp4,frame,check_head_fully,PASS,frame=268 Head is fully visible,268
103,face_rgb,103_face_rgb.mp4,frame,check_face_size,PASS,frame=268 face=556x687 >= 180x180,268
103,face_rgb,103_face_rgb.mp4,frame,check_eyes_open,PASS,"frame=268 eyes open (L=0.38, R=0.38 > 0.25)",268
103,face_rgb,103_face_rgb.mp4,frame,check_face_blur,PASS,frame=268 blur variance=226.2 >= 90,268
103,face_rgb,103_face_rgb.mp4,frame,check_brightness,PASS,frame=268 brightness=155 status=normal,268
103,face_rgb,103_face_rgb.mp4,frame,check_face_detected,PASS,frame=270 face ok,270
103,face_rgb,103_face_rgb.mp4,frame,check_head_fully,PASS,frame=270 Head is fully visible,270
103,face_rgb,103_face_rgb.mp4,frame,check_face_size,PASS,frame=270 face=558x686 >= 180x180,270
103,face_rgb,103_face_rgb.mp4,frame,check_eyes_open,PASS,"frame=270 eyes open (L=0.38, R=0.38 > 0.25)",270
103,face_rgb,103_face_rgb.mp4,frame,check_face_blur,PASS,frame=270 blur variance=229.6 >= 90,270
103,face_rgb,103_face_rgb.mp4,frame,check_brightness,PASS,frame=270 brightness=155 status=normal,270
103,face_rgb,103_face_rgb.mp4,frame,check_face_detected,PASS,frame=273 face ok,273
103,face_rgb,103_face_rgb.mp4,frame,check_head_fully,PASS,frame=273 Head is fully visible,273
103,face_rgb,103_face_rgb.mp4,frame,check_face_size,PASS,frame=273 face=558x688 >= 180x180,273
103,face_rgb,103_face_rgb.mp4,frame,check_eyes_open,PASS,"frame=273 eyes open (L=0.38, R=0.38 > 0.25)",273
103,face_rgb,103_face_rgb.mp4,frame,check_face_blur,PASS,frame=273 blur variance=221.7 >= 90,273
103,face_rgb,103_face_rgb.mp4,frame,check_brightness,PASS,frame=273 brightness=155 status=normal,273
103,face_rgb,103_face_rgb.mp4,frame,check_face_detected,PASS,frame=275 face ok,275
103,face_rgb,103_face_rgb.mp4,frame,check_head_fully,PASS,frame=275 Head is fully visible,275
103,face_rgb,103_face_rgb.mp4,frame,check_face_size,PASS,frame=275 face=559x687 >= 180x180,275
103,face_rgb,103_face_rgb.mp4,frame,check_eyes_open,PASS,"frame=275 eyes open (L=0.38, R=0.39 > 0.25)",275
103,face_rgb,103_face_rgb.mp4,frame,check_face_blur,PASS,frame=275 blur variance=227.5 >= 90,275
103,face_rgb,103_face_rgb.mp4,frame,check_brightness,PASS,frame=275 brightness=155 status=normal,275
103,face_rgb,103_face_rgb.mp4,frame,check_face_detected,PASS,frame=277 face ok,277
103,face_rgb,103_face_rgb.mp4,frame,check_head_fully,PASS,frame=277 Head is fully visible,277
103,face_rgb,103_face_rgb.mp4,frame,check_face_size,PASS,frame=277 face=559x686 >= 180x180,277
103,face_rgb,103_face_rgb.mp4,frame,check_eyes_open,PASS,"frame=277 eyes open (L=0.38, R=0.39 > 0.25)",277
103,face_rgb,103_face_rgb.mp4,frame,check_face_blur,PASS,frame=277 blur variance=246.4 >= 90,277
103,face_rgb,103_face_rgb.mp4,frame,check_brightness,PASS,frame=277 brightness=154 status=normal,277
103,face_rgb,103_face_rgb.mp4,frame,check_face_detected,PASS,frame=280 face ok,280
103,face_rgb,103_face_rgb.mp4,frame,check_head_fully,PASS,frame=280 Head is fully visible,280
103,face_rgb,103_face_rgb.mp4,frame,check_face_size,PASS,frame=280 face=556x687 >= 180x180,280
103,face_rgb,103_face_rgb.mp4,frame,check_eyes_open,PASS,"frame=280 eyes open (L=0.38, R=0.39 > 0.25)",280
103,face_rgb,103_face_rgb.mp4,frame,check_face_blur,PASS,frame=280 blur variance=240.1 >= 90,280
103,face_rgb,103_face_rgb.mp4,frame,check_brightness,PASS,frame=280 brightness=155 status=normal,280
103,face_rgb,103_face_rgb.mp4,frame,check_face_detected,PASS,frame=282 face ok,282
103,face_rgb,103_face_rgb.mp4,frame,check_head_fully,PASS,frame=282 Head is fully visible,282
103,face_rgb,103_face_rgb.mp4,frame,check_face_size,PASS,frame=282 face=558x688 >= 180x180,282
103,face_rgb,103_face_rgb.mp4,frame,check_eyes_open,PASS,"frame=282 eyes open (L=0.38, R=0.39 > 0.25)",282
103,face_rgb,103_face_rgb.mp4,frame,check_face_blur,PASS,frame=282 blur variance=227.8 >= 90,282
103,face_rgb,103_face_rgb.mp4,frame,check_brightness,PASS,frame=282 brightness=155 status=normal,282
103,face_rgb,103_face_rgb.mp4,frame,check_face_detected,PASS,frame=284 face ok,284
103,face_rgb,103_face_rgb.mp4,frame,check_head_fully,PASS,frame=284 Head is fully visible,284
103,face_rgb,103_face_rgb.mp4,frame,check_face_size,PASS,frame=284 face=555x687 >= 180x180,284
103,face_rgb,103_face_rgb.mp4,frame,check_eyes_open,PASS,"frame=284 eyes open (L=0.37, R=0.38 > 0.25)",284
103,face_rgb,103_face_rgb.mp4,frame,check_face_blur,PASS,frame=284 blur variance=224.0 >= 90,284
103,face_rgb,103_face_rgb.mp4,frame,check_brightness,PASS,frame=284 brightness=155 status=normal,284
103,face_rgb,103_face_rgb.mp4,frame,check_face_detected,PASS,frame=287 face ok,287
103,face_rgb,103_face_rgb.mp4,frame,check_head_fully,PASS,frame=287 Head is fully visible,287
103,face_rgb,103_face_rgb.mp4,frame,check_face_size,PASS,frame=287 face=557x686 >= 180x180,287
103,face_rgb,103_face_rgb.mp4,frame,check_eyes_open,PASS,"frame=287 eyes open (L=0.38, R=0.38 > 0.25)",287
103,face_rgb,103_face_rgb.mp4,frame,check_face_blur,PASS,frame=287 blur variance=233.2 >= 90,287
103,face_rgb,103_face_rgb.mp4,frame,check_brightness,PASS,frame=287 brightness=155 status=normal,287
103,face_rgb,103_face_rgb.mp4,frame,check_face_detected,PASS,frame=289 face ok,289
103,face_rgb,103_face_rgb.mp4,frame,check_head_fully,PASS,frame=289 Head is fully visible,289
103,face_rgb,103_face_rgb.mp4,frame,check_face_size,PASS,frame=289 face=557x686 >= 180x180,289
103,face_rgb,103_face_rgb.mp4,frame,check_eyes_open,PASS,"frame=289 eyes open (L=0.38, R=0.39 > 0.25)",289
103,face_rgb,103_face_rgb.mp4,frame,check_face_blur,PASS,frame=289 blur variance=247.8 >= 90,289
103,face_rgb,103_face_rgb.mp4,frame,check_brightness,PASS,frame=289 brightness=154 status=normal,289
103,face_rgb,103_face_rgb.mp4,frame,check_face_detected,PASS,frame=292 face ok,292
103,face_rgb,103_face_rgb.mp4,frame,check_head_fully,PASS,frame=292 Head is fully visible,292
103,face_rgb,103_face_rgb.mp4,frame,check_face_size,PASS,frame=292 face=559x686 >= 180x180,292
103,face_rgb,103_face_rgb.mp4,frame,check_eyes_open,PASS,"frame=292 eyes open (L=0.38, R=0.38 > 0.25)",292
103,face_rgb,103_face_rgb.mp4,frame,check_face_blur,PASS,frame=292 blur variance=243.3 >= 90,292
103,face_rgb,103_face_rgb.mp4,frame,check_brightness,PASS,frame=292 brightness=155 status=normal,292
103,face_rgb,103_face_rgb.mp4,frame,check_face_detected,PASS,frame=294 face ok,294
103,face_rgb,103_face_rgb.mp4,frame,check_head_fully,PASS,frame=294 Head is fully visible,294
103,face_rgb,103_face_rgb.mp4,frame,check_face_size,PASS,frame=294 face=557x687 >= 180x180,294
103,face_rgb,103_face_rgb.mp4,frame,check_eyes_open,PASS,"frame=294 eyes open (L=0.38, R=0.38 > 0.25)",294
103,face_rgb,103_face_rgb.mp4,frame,check_face_blur,PASS,frame=294 blur variance=228.8 >= 90,294
103,face_rgb,103_face_rgb.mp4,frame,check_brightness,PASS,frame=294 brightness=155 status=normal,294
103,face_rgb,103_face_rgb.mp4,frame,check_face_detected,PASS,frame=296 face ok,296
103,face_rgb,103_face_rgb.mp4,frame,check_head_fully,PASS,frame=296 Head is fully visible,296
103,face_rgb,103_face_rgb.mp4,frame,check_face_size,PASS,frame=296 face=554x685 >= 180x180,296
103,face_rgb,103_face_rgb.mp4,frame,check_eyes_open,PASS,"frame=296 eyes open (L=0.37, R=0.37 > 0.25)",296
103,face_rgb,103_face_rgb.mp4,frame,check_face_blur,PASS,frame=296 blur variance=227.2 >= 90,296
103,face_rgb,103_face_rgb.mp4,frame,check_brightness,PASS,frame=296 brightness=155 status=normal,296
103,face_rgb,103_face_rgb.mp4,frame,check_face_detected,PASS,frame=299 face ok,299
103,face_rgb,103_face_rgb.mp4,frame,check_head_fully,PASS,frame=299 Head is fully visible,299
103,face_rgb,103_face_rgb.mp4,frame,check_face_size,PASS,frame=299 face=555x691 >= 180x180,299
103,face_rgb,103_face_rgb.mp4,frame,check_eyes_open,PASS,"frame=299 eyes open (L=0.36, R=0.38 > 0.25)",299
103,face_rgb,103_face_rgb.mp4,frame,check_face_blur,PASS,frame=299 blur variance=214.3 >= 90,299
103,face_rgb,103_face_rgb.mp4,frame,check_brightness,PASS,frame=299 brightness=155 status=normal,299
103,face_rgb,103_face_rgb.mp4,frame,check_face_detected,PASS,frame=301 face ok,301
103,face_rgb,103_face_rgb.mp4,frame,check_head_fully,PASS,frame=301 Head is fully visible,301
103,face_rgb,103_face_rgb.mp4,frame,check_face_size,PASS,frame=301 face=556x677 >= 180x180,301
103,face_rgb,103_face_rgb.mp4,frame,check_eyes_open,PASS,"frame=301 eyes open (L=0.36, R=0.41 > 0.25)",301
103,face_rgb,103_face_rgb.mp4,frame,check_face_blur,PASS,frame=301 blur variance=232.9 >= 90,301
103,face_rgb,103_face_rgb.mp4,frame,check_brightness,PASS,frame=301 brightness=156 status=normal,301
103,face_rgb,103_face_rgb.mp4,frame,check_face_detected,PASS,frame=304 face ok,304
103,face_rgb,103_face_rgb.mp4,frame,check_head_fully,PASS,frame=304 Head is fully visible,304
103,face_rgb,103_face_rgb.mp4,frame,check_face_size,SKIP,frame=304 non-frontal (label=mid); not judged,304
103,face_rgb,103_face_rgb.mp4,frame,check_eyes_open,SKIP,frame=304 non-frontal (label=mid); not judged,304
103,face_rgb,103_face_rgb.mp4,frame,check_face_blur,SKIP,frame=304 non-frontal (label=mid); not judged,304
103,face_rgb,103_face_rgb.mp4,frame,check_brightness,SKIP,frame=304 non-frontal (label=mid); not judged,304
103,face_rgb,103_face_rgb.mp4,frame,check_face_detected,PASS,frame=306 face ok,306
103,face_rgb,103_face_rgb.mp4,frame,check_head_fully,PASS,frame=306 Head is fully visible,306
103,face_rgb,103_face_rgb.mp4,frame,check_face_size,SKIP,frame=306 non-frontal (label=mid); not judged,306
103,face_rgb,103_face_rgb.mp4,frame,check_eyes_open,SKIP,frame=306 non-frontal (label=mid); not judged,306
103,face_rgb,103_face_rgb.mp4,frame,check_face_blur,SKIP,frame=306 non-frontal (label=mid); not judged,306
103,face_rgb,103_face_rgb.mp4,frame,check_brightness,SKIP,frame=306 non-frontal (label=mid); not judged,306
103,face_rgb,103_face_rgb.mp4,frame,check_face_detected,PASS,frame=308 face ok,308
103,face_rgb,103_face_rgb.mp4,frame,check_head_fully,PASS,frame=308 Head is fully visible,308
103,face_rgb,103_face_rgb.mp4,frame,check_face_size,SKIP,frame=308 non-frontal (label=left); not judged,308
103,face_rgb,103_face_rgb.mp4,frame,check_eyes_open,SKIP,frame=308 non-frontal (label=left); not judged,308
103,face_rgb,103_face_rgb.mp4,frame,check_face_blur,SKIP,frame=308 non-frontal (label=left); not judged,308
103,face_rgb,103_face_rgb.mp4,frame,check_brightness,SKIP,frame=308 non-frontal (label=left); not judged,308
103,face_rgb,103_face_rgb.mp4,frame,check_face_detected,PASS,frame=311 face ok,311
103,face_rgb,103_face_rgb.mp4,frame,check_head_fully,PASS,frame=311 Head is fully visible,311
103,face_rgb,103_face_rgb.mp4,frame,check_face_size,SKIP,frame=311 non-frontal (label=left); not judged,311
103,face_rgb,103_face_rgb.mp4,frame,check_eyes_open,SKIP,frame=311 non-frontal (label=left); not judged,311
103,face_rgb,103_face_rgb.mp4,frame,check_face_blur,SKIP,frame=311 non-frontal (label=left); not judged,311
103,face_rgb,103_face_rgb.mp4,frame,check_brightness,SKIP,frame=311 non-frontal (label=left); not judged,311
103,face_rgb,103_face_rgb.mp4,frame,check_face_detected,PASS,frame=313 face ok,313
103,face_rgb,103_face_rgb.mp4,frame,check_head_fully,PASS,frame=313 Head is fully visible,313
103,face_rgb,103_face_rgb.mp4,frame,check_face_size,SKIP,frame=313 non-frontal (label=left); not judged,313
103,face_rgb,103_face_rgb.mp4,frame,check_eyes_open,SKIP,frame=313 non-frontal (label=left); not judged,313
103,face_rgb,103_face_rgb.mp4,frame,check_face_blur,SKIP,frame=313 non-frontal (label=left); not judged,313
103,face_rgb,103_face_rgb.mp4,frame,check_brightness,SKIP,frame=313 non-frontal (label=left); not judged,313
103,face_rgb,103_face_rgb.mp4,frame,check_face_detected,PASS,frame=316 face ok,316
103,face_rgb,103_face_rgb.mp4,frame,check_head_fully,PASS,frame=316 Head is fully visible,316
103,face_rgb,103_face_rgb.mp4,frame,check_face_size,SKIP,frame=316 non-frontal (label=left); not judged,316
103,face_rgb,103_face_rgb.mp4,frame,check_eyes_open,SKIP,frame=316 non-frontal (label=left); not judged,316
103,face_rgb,103_face_rgb.mp4,frame,check_face_blur,SKIP,frame=316 non-frontal (label=left); not judged,316
103,face_rgb,103_face_rgb.mp4,frame,check_brightness,SKIP,frame=316 non-frontal (label=left); not judged,316
103,face_rgb,103_face_rgb.mp4,frame,check_face_detected,PASS,frame=318 face ok,318
103,face_rgb,103_face_rgb.mp4,frame,check_head_fully,PASS,frame=318 Head is fully visible,318
103,face_rgb,103_face_rgb.mp4,frame,check_face_size,SKIP,frame=318 non-frontal (label=left); not judged,318
103,face_rgb,103_face_rgb.mp4,frame,check_eyes_open,SKIP,frame=318 non-frontal (label=left); not judged,318
103,face_rgb,103_face_rgb.mp4,frame,check_face_blur,SKIP,frame=318 non-frontal (label=left); not judged,318
103,face_rgb,103_face_rgb.mp4,frame,check_brightness,SKIP,frame=318 non-frontal (label=left); not judged,318
103,face_rgb,103_face_rgb.mp4,frame,check_face_detected,PASS,frame=320 face ok,320
103,face_rgb,103_face_rgb.mp4,frame,check_head_fully,PASS,frame=320 Head is fully visible,320
103,face_rgb,103_face_rgb.mp4,frame,check_face_size,SKIP,frame=320 non-frontal (label=left); not judged,320
103,face_rgb,103_face_rgb.mp4,frame,check_eyes_open,SKIP,frame=320 non-frontal (label=left); not judged,320
103,face_rgb,103_face_rgb.mp4,frame,check_face_blur,SKIP,frame=320 non-frontal (label=left); not judged,320
103,face_rgb,103_face_rgb.mp4,frame,check_brightness,SKIP,frame=320 non-frontal (label=left); not judged,320
103,face_rgb,103_face_rgb.mp4,frame,check_face_detected,PASS,frame=323 face ok,323
103,face_rgb,103_face_rgb.mp4,frame,check_head_fully,PASS,frame=323 Head is fully visible,323
103,face_rgb,103_face_rgb.mp4,frame,check_face_size,SKIP,frame=323 non-frontal (label=left); not judged,323
103,face_rgb,103_face_rgb.mp4,frame,check_eyes_open,SKIP,frame=323 non-frontal (label=left); not judged,323
103,face_rgb,103_face_rgb.mp4,frame,check_face_blur,SKIP,frame=323 non-frontal (label=left); not judged,323
103,face_rgb,103_face_rgb.mp4,frame,check_brightness,SKIP,frame=323 non-frontal (label=left); not judged,323
103,face_rgb,103_face_rgb.mp4,frame,check_face_detected,PASS,frame=325 face ok,325
103,face_rgb,103_face_rgb.mp4,frame,check_head_fully,PASS,frame=325 Head is fully visible,325
103,face_rgb,103_face_rgb.mp4,frame,check_face_size,SKIP,frame=325 non-frontal (label=left); not judged,325
103,face_rgb,103_face_rgb.mp4,frame,check_eyes_open,SKIP,frame=325 non-frontal (label=left); not judged,325
103,face_rgb,103_face_rgb.mp4,frame,check_face_blur,SKIP,frame=325 non-frontal (label=left); not judged,325
103,face_rgb,103_face_rgb.mp4,frame,check_brightness,SKIP,frame=325 non-frontal (label=left); not judged,325
103,face_rgb,103_face_rgb.mp4,frame,check_face_detected,SKIP,frame=328 No faces detected; expected gap (peak of left turn),328
103,face_rgb,103_face_rgb.mp4,frame,check_face_detected,PASS,frame=330 face ok,330
103,face_rgb,103_face_rgb.mp4,frame,check_head_fully,PASS,frame=330 Head is fully visible,330
103,face_rgb,103_face_rgb.mp4,frame,check_face_size,SKIP,frame=330 non-frontal (label=left); not judged,330
103,face_rgb,103_face_rgb.mp4,frame,check_eyes_open,SKIP,frame=330 non-frontal (label=left); not judged,330
103,face_rgb,103_face_rgb.mp4,frame,check_face_blur,SKIP,frame=330 non-frontal (label=left); not judged,330
103,face_rgb,103_face_rgb.mp4,frame,check_brightness,SKIP,frame=330 non-frontal (label=left); not judged,330
103,face_rgb,103_face_rgb.mp4,frame,check_face_detected,PASS,frame=332 face ok,332
103,face_rgb,103_face_rgb.mp4,frame,check_head_fully,PASS,frame=332 Head is fully visible,332
103,face_rgb,103_face_rgb.mp4,frame,check_face_size,SKIP,frame=332 non-frontal (label=left); not judged,332
103,face_rgb,103_face_rgb.mp4,frame,check_eyes_open,SKIP,frame=332 non-frontal (label=left); not judged,332
103,face_rgb,103_face_rgb.mp4,frame,check_face_blur,SKIP,frame=332 non-frontal (label=left); not judged,332
103,face_rgb,103_face_rgb.mp4,frame,check_brightness,SKIP,frame=332 non-frontal (label=left); not judged,332
103,face_rgb,103_face_rgb.mp4,frame,check_face_detected,PASS,frame=335 face ok,335
103,face_rgb,103_face_rgb.mp4,frame,check_head_fully,PASS,frame=335 Head is fully visible,335
103,face_rgb,103_face_rgb.mp4,frame,check_face_size,SKIP,frame=335 non-frontal (label=left); not judged,335
103,face_rgb,103_face_rgb.mp4,frame,check_eyes_open,SKIP,frame=335 non-frontal (label=left); not judged,335
103,face_rgb,103_face_rgb.mp4,frame,check_face_blur,SKIP,frame=335 non-frontal (label=left); not judged,335
103,face_rgb,103_face_rgb.mp4,frame,check_brightness,SKIP,frame=335 non-frontal (label=left); not judged,335
103,face_rgb,103_face_rgb.mp4,frame,check_face_detected,PASS,frame=337 face ok,337
103,face_rgb,103_face_rgb.mp4,frame,check_head_fully,PASS,frame=337 Head is fully visible,337
103,face_rgb,103_face_rgb.mp4,frame,check_face_size,SKIP,frame=337 non-frontal (label=left); not judged,337
103,face_rgb,103_face_rgb.mp4,frame,check_eyes_open,SKIP,frame=337 non-frontal (label=left); not judged,337
103,face_rgb,103_face_rgb.mp4,frame,check_face_blur,SKIP,frame=337 non-frontal (label=left); not judged,337
103,face_rgb,103_face_rgb.mp4,frame,check_brightness,SKIP,frame=337 non-frontal (label=left); not judged,337
103,face_rgb,103_face_rgb.mp4,frame,check_face_detected,PASS,frame=339 face ok,339
103,face_rgb,103_face_rgb.mp4,frame,check_head_fully,PASS,frame=339 Head is fully visible,339
103,face_rgb,103_face_rgb.mp4,frame,check_face_size,SKIP,frame=339 non-frontal (label=left); not judged,339
103,face_rgb,103_face_rgb.mp4,frame,check_eyes_open,SKIP,frame=339 non-frontal (label=left); not judged,339
103,face_rgb,103_face_rgb.mp4,frame,check_face_blur,SKIP,frame=339 non-frontal (label=left); not judged,339
103,face_rgb,103_face_rgb.mp4,frame,check_brightness,SKIP,frame=339 non-frontal (label=left); not judged,339
103,face_rgb,103_face_rgb.mp4,frame,check_face_detected,SKIP,frame=342 No faces detected; expected gap (peak of left turn),342
103,face_rgb,103_face_rgb.mp4,frame,check_face_detected,SKIP,frame=344 No faces detected; expected gap (peak of left turn),344
103,face_rgb,103_face_rgb.mp4,frame,check_face_detected,PASS,frame=347 face ok,347
103,face_rgb,103_face_rgb.mp4,frame,check_head_fully,PASS,frame=347 Head is fully visible,347
103,face_rgb,103_face_rgb.mp4,frame,check_face_size,SKIP,frame=347 non-frontal (label=left); not judged,347
103,face_rgb,103_face_rgb.mp4,frame,check_eyes_open,SKIP,frame=347 non-frontal (label=left); not judged,347
103,face_rgb,103_face_rgb.mp4,frame,check_face_blur,SKIP,frame=347 non-frontal (label=left); not judged,347
103,face_rgb,103_face_rgb.mp4,frame,check_brightness,SKIP,frame=347 non-frontal (label=left); not judged,347
103,face_rgb,103_face_rgb.mp4,frame,check_face_detected,PASS,frame=349 face ok,349
103,face_rgb,103_face_rgb.mp4,frame,check_head_fully,PASS,frame=349 Head is fully visible,349
103,face_rgb,103_face_rgb.mp4,frame,check_face_size,SKIP,frame=349 non-frontal (label=left); not judged,349
103,face_rgb,103_face_rgb.mp4,frame,check_eyes_open,SKIP,frame=349 non-frontal (label=left); not judged,349
103,face_rgb,103_face_rgb.mp4,frame,check_face_blur,SKIP,frame=349 non-frontal (label=left); not judged,349
103,face_rgb,103_face_rgb.mp4,frame,check_brightness,SKIP,frame=349 non-frontal (label=left); not judged,349
103,face_rgb,103_face_rgb.mp4,frame,check_face_detected,PASS,frame=351 face ok,351
103,face_rgb,103_face_rgb.mp4,frame,check_head_fully,PASS,frame=351 Head is fully visible,351
103,face_rgb,103_face_rgb.mp4,frame,check_face_size,SKIP,frame=351 non-frontal (label=left); not judged,351
103,face_rgb,103_face_rgb.mp4,frame,check_eyes_open,SKIP,frame=351 non-frontal (label=left); not judged,351
103,face_rgb,103_face_rgb.mp4,frame,check_face_blur,SKIP,frame=351 non-frontal (label=left); not judged,351
103,face_rgb,103_face_rgb.mp4,frame,check_brightness,SKIP,frame=351 non-frontal (label=left); not judged,351
103,face_rgb,103_face_rgb.mp4,frame,check_face_detected,PASS,frame=354 face ok,354
103,face_rgb,103_face_rgb.mp4,frame,check_head_fully,PASS,frame=354 Head is fully visible,354
103,face_rgb,103_face_rgb.mp4,frame,check_face_size,SKIP,frame=354 non-frontal (label=left); not judged,354
103,face_rgb,103_face_rgb.mp4,frame,check_eyes_open,SKIP,frame=354 non-frontal (label=left); not judged,354
103,face_rgb,103_face_rgb.mp4,frame,check_face_blur,SKIP,frame=354 non-frontal (label=left); not judged,354
103,face_rgb,103_face_rgb.mp4,frame,check_brightness,SKIP,frame=354 non-frontal (label=left); not judged,354
103,face_rgb,103_face_rgb.mp4,frame,check_face_detected,PASS,frame=356 face ok,356
103,face_rgb,103_face_rgb.mp4,frame,check_head_fully,PASS,frame=356 Head is fully visible,356
103,face_rgb,103_face_rgb.mp4,frame,check_face_size,SKIP,frame=356 non-frontal (label=left); not judged,356
103,face_rgb,103_face_rgb.mp4,frame,check_eyes_open,SKIP,frame=356 non-frontal (label=left); not judged,356
103,face_rgb,103_face_rgb.mp4,frame,check_face_blur,SKIP,frame=356 non-frontal (label=left); not judged,356
103,face_rgb,103_face_rgb.mp4,frame,check_brightness,SKIP,frame=356 non-frontal (label=left); not judged,356
103,face_rgb,103_face_rgb.mp4,frame,check_face_detected,PASS,frame=359 face ok,359
103,face_rgb,103_face_rgb.mp4,frame,check_head_fully,PASS,frame=359 Head is fully visible,359
103,face_rgb,103_face_rgb.mp4,frame,check_face_size,SKIP,frame=359 non-frontal (label=left); not judged,359
103,face_rgb,103_face_rgb.mp4,frame,check_eyes_open,SKIP,frame=359 non-frontal (label=left); not judged,359
103,face_rgb,103_face_rgb.mp4,frame,check_face_blur,SKIP,frame=359 non-frontal (label=left); not judged,359
103,face_rgb,103_face_rgb.mp4,frame,check_brightness,SKIP,frame=359 non-frontal (label=left); not judged,359
103,face_rgb,103_face_rgb.mp4,frame,check_face_detected,PASS,frame=361 face ok,361
103,face_rgb,103_face_rgb.mp4,frame,check_head_fully,PASS,frame=361 Head is fully visible,361
103,face_rgb,103_face_rgb.mp4,frame,check_face_size,SKIP,frame=361 non-frontal (label=left); not judged,361
103,face_rgb,103_face_rgb.mp4,frame,check_eyes_open,SKIP,frame=361 non-frontal (label=left); not judged,361
103,face_rgb,103_face_rgb.mp4,frame,check_face_blur,SKIP,frame=361 non-frontal (label=left); not judged,361
103,face_rgb,103_face_rgb.mp4,frame,check_brightness,SKIP,frame=361 non-frontal (label=left); not judged,361
103,face_rgb,103_face_rgb.mp4,frame,check_face_detected,PASS,frame=363 face ok,363
103,face_rgb,103_face_rgb.mp4,frame,check_head_fully,PASS,frame=363 Head is fully visible,363
103,face_rgb,103_face_rgb.mp4,frame,check_face_size,SKIP,frame=363 non-frontal (label=left); not judged,363
103,face_rgb,103_face_rgb.mp4,frame,check_eyes_open,SKIP,frame=363 non-frontal (label=left); not judged,363
103,face_rgb,103_face_rgb.mp4,frame,check_face_blur,SKIP,frame=363 non-frontal (label=left); not judged,363
103,face_rgb,103_face_rgb.mp4,frame,check_brightness,SKIP,frame=363 non-frontal (label=left); not judged,363
103,face_rgb,103_face_rgb.mp4,frame,check_face_detected,PASS,frame=366 face ok,366
103,face_rgb,103_face_rgb.mp4,frame,check_head_fully,PASS,frame=366 Head is fully visible,366
103,face_rgb,103_face_rgb.mp4,frame,check_face_size,SKIP,frame=366 non-frontal (label=left); not judged,366
103,face_rgb,103_face_rgb.mp4,frame,check_eyes_open,SKIP,frame=366 non-frontal (label=left); not judged,366
103,face_rgb,103_face_rgb.mp4,frame,check_face_blur,SKIP,frame=366 non-frontal (label=left); not judged,366
103,face_rgb,103_face_rgb.mp4,frame,check_brightness,SKIP,frame=366 non-frontal (label=left); not judged,366
103,face_rgb,103_face_rgb.mp4,frame,check_face_detected,PASS,frame=368 face ok,368
103,face_rgb,103_face_rgb.mp4,frame,check_head_fully,PASS,frame=368 Head is fully visible,368
103,face_rgb,103_face_rgb.mp4,frame,check_face_size,SKIP,frame=368 non-frontal (label=left); not judged,368
103,face_rgb,103_face_rgb.mp4,frame,check_eyes_open,SKIP,frame=368 non-frontal (label=left); not judged,368
103,face_rgb,103_face_rgb.mp4,frame,check_face_blur,SKIP,frame=368 non-frontal (label=left); not judged,368
103,face_rgb,103_face_rgb.mp4,frame,check_brightness,SKIP,frame=368 non-frontal (label=left); not judged,368
103,face_rgb,103_face_rgb.mp4,frame,check_face_detected,PASS,frame=371 face ok,371
103,face_rgb,103_face_rgb.mp4,frame,check_head_fully,PASS,frame=371 Head is fully visible,371
103,face_rgb,103_face_rgb.mp4,frame,check_face_size,SKIP,frame=371 non-frontal (label=left); not judged,371
103,face_rgb,103_face_rgb.mp4,frame,check_eyes_open,SKIP,frame=371 non-frontal (label=left); not judged,371
103,face_rgb,103_face_rgb.mp4,frame,check_face_blur,SKIP,frame=371 non-frontal (label=left); not judged,371
103,face_rgb,103_face_rgb.mp4,frame,check_brightness,SKIP,frame=371 non-frontal (label=left); not judged,371
103,face_rgb,103_face_rgb.mp4,frame,check_face_detected,PASS,frame=373 face ok,373
103,face_rgb,103_face_rgb.mp4,frame,check_head_fully,PASS,frame=373 Head is fully visible,373
103,face_rgb,103_face_rgb.mp4,frame,check_face_size,SKIP,frame=373 non-frontal (label=left); not judged,373
103,face_rgb,103_face_rgb.mp4,frame,check_eyes_open,SKIP,frame=373 non-frontal (label=left); not judged,373
103,face_rgb,103_face_rgb.mp4,frame,check_face_blur,SKIP,frame=373 non-frontal (label=left); not judged,373
103,face_rgb,103_face_rgb.mp4,frame,check_brightness,SKIP,frame=373 non-frontal (label=left); not judged,373
103,face_rgb,103_face_rgb.mp4,frame,check_face_detected,PASS,frame=375 face ok,375
103,face_rgb,103_face_rgb.mp4,frame,check_head_fully,PASS,frame=375 Head is fully visible,375
103,face_rgb,103_face_rgb.mp4,frame,check_face_size,SKIP,frame=375 non-frontal (label=left); not judged,375
103,face_rgb,103_face_rgb.mp4,frame,check_eyes_open,SKIP,frame=375 non-frontal (label=left); not judged,375
103,face_rgb,103_face_rgb.mp4,frame,check_face_blur,SKIP,frame=375 non-frontal (label=left); not judged,375
103,face_rgb,103_face_rgb.mp4,frame,check_brightness,SKIP,frame=375 non-frontal (label=left); not judged,375
103,face_rgb,103_face_rgb.mp4,frame,check_face_detected,PASS,frame=378 face ok,378
103,face_rgb,103_face_rgb.mp4,frame,check_head_fully,PASS,frame=378 Head is fully visible,378
103,face_rgb,103_face_rgb.mp4,frame,check_face_size,SKIP,frame=378 non-frontal (label=left); not judged,378
103,face_rgb,103_face_rgb.mp4,frame,check_eyes_open,SKIP,frame=378 non-frontal (label=left); not judged,378
103,face_rgb,103_face_rgb.mp4,frame,check_face_blur,SKIP,frame=378 non-frontal (label=left); not judged,378
103,face_rgb,103_face_rgb.mp4,frame,check_brightness,SKIP,frame=378 non-frontal (label=left); not judged,378
103,face_rgb,103_face_rgb.mp4,frame,check_face_detected,PASS,frame=380 face ok,380
103,face_rgb,103_face_rgb.mp4,frame,check_head_fully,PASS,frame=380 Head is fully visible,380
103,face_rgb,103_face_rgb.mp4,frame,check_face_size,SKIP,frame=380 non-frontal (label=left); not judged,380
103,face_rgb,103_face_rgb.mp4,frame,check_eyes_open,SKIP,frame=380 non-frontal (label=left); not judged,380
103,face_rgb,103_face_rgb.mp4,frame,check_face_blur,SKIP,frame=380 non-frontal (label=left); not judged,380
103,face_rgb,103_face_rgb.mp4,frame,check_brightness,SKIP,frame=380 non-frontal (label=left); not judged,380
103,face_rgb,103_face_rgb.mp4,frame,check_face_detected,PASS,frame=383 face ok,383
103,face_rgb,103_face_rgb.mp4,frame,check_head_fully,PASS,frame=383 Head is fully visible,383
103,face_rgb,103_face_rgb.mp4,frame,check_face_size,SKIP,frame=383 non-frontal (label=left); not judged,383
103,face_rgb,103_face_rgb.mp4,frame,check_eyes_open,SKIP,frame=383 non-frontal (label=left); not judged,383
103,face_rgb,103_face_rgb.mp4,frame,check_face_blur,SKIP,frame=383 non-frontal (label=left); not judged,383
103,face_rgb,103_face_rgb.mp4,frame,check_brightness,SKIP,frame=383 non-frontal (label=left); not judged,383
103,face_rgb,103_face_rgb.mp4,frame,check_face_detected,PASS,frame=385 face ok,385
103,face_rgb,103_face_rgb.mp4,frame,check_head_fully,PASS,frame=385 Head is fully visible,385
103,face_rgb,103_face_rgb.mp4,frame,check_face_size,SKIP,frame=385 non-frontal (label=left); not judged,385
103,face_rgb,103_face_rgb.mp4,frame,check_eyes_open,SKIP,frame=385 non-frontal (label=left); not judged,385
103,face_rgb,103_face_rgb.mp4,frame,check_face_blur,SKIP,frame=385 non-frontal (label=left); not judged,385
103,face_rgb,103_face_rgb.mp4,frame,check_brightness,SKIP,frame=385 non-frontal (label=left); not judged,385
103,face_rgb,103_face_rgb.mp4,frame,check_face_detected,PASS,frame=387 face ok,387
103,face_rgb,103_face_rgb.mp4,frame,check_head_fully,PASS,frame=387 Head is fully visible,387
103,face_rgb,103_face_rgb.mp4,frame,check_face_size,SKIP,frame=387 non-frontal (label=left); not judged,387
103,face_rgb,103_face_rgb.mp4,frame,check_eyes_open,SKIP,frame=387 non-frontal (label=left); not judged,387
103,face_rgb,103_face_rgb.mp4,frame,check_face_blur,SKIP,frame=387 non-frontal (label=left); not judged,387
103,face_rgb,103_face_rgb.mp4,frame,check_brightness,SKIP,frame=387 non-frontal (label=left); not judged,387
103,face_rgb,103_face_rgb.mp4,frame,check_face_detected,PASS,frame=390 face ok,390
103,face_rgb,103_face_rgb.mp4,frame,check_head_fully,PASS,frame=390 Head is fully visible,390
103,face_rgb,103_face_rgb.mp4,frame,check_face_size,SKIP,frame=390 non-frontal (label=left); not judged,390
103,face_rgb,103_face_rgb.mp4,frame,check_eyes_open,SKIP,frame=390 non-frontal (label=left); not judged,390
103,face_rgb,103_face_rgb.mp4,frame,check_face_blur,SKIP,frame=390 non-frontal (label=left); not judged,390
103,face_rgb,103_face_rgb.mp4,frame,check_brightness,SKIP,frame=390 non-frontal (label=left); not judged,390
103,face_rgb,103_face_rgb.mp4,frame,check_face_detected,PASS,frame=392 face ok,392
103,face_rgb,103_face_rgb.mp4,frame,check_head_fully,PASS,frame=392 Head is fully visible,392
103,face_rgb,103_face_rgb.mp4,frame,check_face_size,SKIP,frame=392 non-frontal (label=left); not judged,392
103,face_rgb,103_face_rgb.mp4,frame,check_eyes_open,SKIP,frame=392 non-frontal (label=left); not judged,392
103,face_rgb,103_face_rgb.mp4,frame,check_face_blur,SKIP,frame=392 non-frontal (label=left); not judged,392
103,face_rgb,103_face_rgb.mp4,frame,check_brightness,SKIP,frame=392 non-frontal (label=left); not judged,392
103,face_rgb,103_face_rgb.mp4,frame,check_face_detected,PASS,frame=394 face ok,394
103,face_rgb,103_face_rgb.mp4,frame,check_head_fully,PASS,frame=394 Head is fully visible,394
103,face_rgb,103_face_rgb.mp4,frame,check_face_size,SKIP,frame=394 non-frontal (label=left); not judged,394
103,face_rgb,103_face_rgb.mp4,frame,check_eyes_open,SKIP,frame=394 non-frontal (label=left); not judged,394
103,face_rgb,103_face_rgb.mp4,frame,check_face_blur,SKIP,frame=394 non-frontal (label=left); not judged,394
103,face_rgb,103_face_rgb.mp4,frame,check_brightness,SKIP,frame=394 non-frontal (label=left); not judged,394
103,face_rgb,103_face_rgb.mp4,frame,check_face_detected,PASS,frame=397 face ok,397
103,face_rgb,103_face_rgb.mp4,frame,check_head_fully,PASS,frame=397 Head is fully visible,397
103,face_rgb,103_face_rgb.mp4,frame,check_face_size,SKIP,frame=397 non-frontal (label=left); not judged,397
103,face_rgb,103_face_rgb.mp4,frame,check_eyes_open,SKIP,frame=397 non-frontal (label=left); not judged,397
103,face_rgb,103_face_rgb.mp4,frame,check_face_blur,SKIP,frame=397 non-frontal (label=left); not judged,397
103,face_rgb,103_face_rgb.mp4,frame,check_brightness,SKIP,frame=397 non-frontal (label=left); not judged,397
103,face_rgb,103_face_rgb.mp4,frame,check_face_detected,PASS,frame=399 face ok,399
103,face_rgb,103_face_rgb.mp4,frame,check_head_fully,PASS,frame=399 Head is fully visible,399
103,face_rgb,103_face_rgb.mp4,frame,check_face_size,SKIP,frame=399 non-frontal (label=left); not judged,399
103,face_rgb,103_face_rgb.mp4,frame,check_eyes_open,SKIP,frame=399 non-frontal (label=left); not judged,399
103,face_rgb,103_face_rgb.mp4,frame,check_face_blur,SKIP,frame=399 non-frontal (label=left); not judged,399
103,face_rgb,103_face_rgb.mp4,frame,check_brightness,SKIP,frame=399 non-frontal (label=left); not judged,399
103,face_rgb,103_face_rgb.mp4,frame,check_face_detected,PASS,frame=402 face ok,402
103,face_rgb,103_face_rgb.mp4,frame,check_head_fully,PASS,frame=402 Head is fully visible,402
103,face_rgb,103_face_rgb.mp4,frame,check_face_size,SKIP,frame=402 non-frontal (label=left); not judged,402
103,face_rgb,103_face_rgb.mp4,frame,check_eyes_open,SKIP,frame=402 non-frontal (label=left); not judged,402
103,face_rgb,103_face_rgb.mp4,frame,check_face_blur,SKIP,frame=402 non-frontal (label=left); not judged,402
103,face_rgb,103_face_rgb.mp4,frame,check_brightness,SKIP,frame=402 non-frontal (label=left); not judged,402
103,face_rgb,103_face_rgb.mp4,frame,check_face_detected,PASS,frame=404 face ok,404
103,face_rgb,103_face_rgb.mp4,frame,check_head_fully,PASS,frame=404 Head is fully visible,404
103,face_rgb,103_face_rgb.mp4,frame,check_face_size,SKIP,frame=404 non-frontal (label=left); not judged,404
103,face_rgb,103_face_rgb.mp4,frame,check_eyes_open,SKIP,frame=404 non-frontal (label=left); not judged,404
103,face_rgb,103_face_rgb.mp4,frame,check_face_blur,SKIP,frame=404 non-frontal (label=left); not judged,404
103,face_rgb,103_face_rgb.mp4,frame,check_brightness,SKIP,frame=404 non-frontal (label=left); not judged,404
103,face_rgb,103_face_rgb.mp4,frame,check_face_detected,PASS,frame=406 face ok,406
103,face_rgb,103_face_rgb.mp4,frame,check_head_fully,PASS,frame=406 Head is fully visible,406
103,face_rgb,103_face_rgb.mp4,frame,check_face_size,SKIP,frame=406 non-frontal (label=left); not judged,406
103,face_rgb,103_face_rgb.mp4,frame,check_eyes_open,SKIP,frame=406 non-frontal (label=left); not judged,406
103,face_rgb,103_face_rgb.mp4,frame,check_face_blur,SKIP,frame=406 non-frontal (label=left); not judged,406
103,face_rgb,103_face_rgb.mp4,frame,check_brightness,SKIP,frame=406 non-frontal (label=left); not judged,406
103,face_rgb,103_face_rgb.mp4,frame,check_face_detected,SKIP,frame=409 No faces detected; expected gap (peak of left turn),409
103,face_rgb,103_face_rgb.mp4,frame,check_face_detected,SKIP,frame=411 No faces detected; expected gap (peak of left turn),411
103,face_rgb,103_face_rgb.mp4,frame,check_face_detected,PASS,frame=414 face ok,414
103,face_rgb,103_face_rgb.mp4,frame,check_head_fully,PASS,frame=414 Head is fully visible,414
103,face_rgb,103_face_rgb.mp4,frame,check_face_size,SKIP,frame=414 non-frontal (label=left); not judged,414
103,face_rgb,103_face_rgb.mp4,frame,check_eyes_open,SKIP,frame=414 non-frontal (label=left); not judged,414
103,face_rgb,103_face_rgb.mp4,frame,check_face_blur,SKIP,frame=414 non-frontal (label=left); not judged,414
103,face_rgb,103_face_rgb.mp4,frame,check_brightness,SKIP,frame=414 non-frontal (label=left); not judged,414
103,face_rgb,103_face_rgb.mp4,frame,check_face_detected,SKIP,frame=416 No faces detected; expected gap (peak of left turn),416
103,face_rgb,103_face_rgb.mp4,frame,check_face_detected,SKIP,frame=418 No faces detected; expected gap (peak of left turn),418
103,face_rgb,103_face_rgb.mp4,frame,check_face_detected,SKIP,frame=421 No faces detected; expected gap (peak of left turn),421
103,face_rgb,103_face_rgb.mp4,frame,check_face_detected,PASS,frame=423 face ok,423
103,face_rgb,103_face_rgb.mp4,frame,check_head_fully,PASS,frame=423 Head is fully visible,423
103,face_rgb,103_face_rgb.mp4,frame,check_face_size,SKIP,frame=423 non-frontal (label=left); not judged,423
103,face_rgb,103_face_rgb.mp4,frame,check_eyes_open,SKIP,frame=423 non-frontal (label=left); not judged,423
103,face_rgb,103_face_rgb.mp4,frame,check_face_blur,SKIP,frame=423 non-frontal (label=left); not judged,423
103,face_rgb,103_face_rgb.mp4,frame,check_brightness,SKIP,frame=423 non-frontal (label=left); not judged,423
103,face_rgb,103_face_rgb.mp4,frame,check_face_detected,SKIP,frame=426 No faces detected; expected gap (peak of left turn),426
103,face_rgb,103_face_rgb.mp4,frame,check_face_detected,PASS,frame=428 face ok,428
103,face_rgb,103_face_rgb.mp4,frame,check_head_fully,PASS,frame=428 Head is fully visible,428
103,face_rgb,103_face_rgb.mp4,frame,check_face_size,SKIP,frame=428 non-frontal (label=left); not judged,428
103,face_rgb,103_face_rgb.mp4,frame,check_eyes_open,SKIP,frame=428 non-frontal (label=left); not judged,428
103,face_rgb,103_face_rgb.mp4,frame,check_face_blur,SKIP,frame=428 non-frontal (label=left); not judged,428
103,face_rgb,103_face_rgb.mp4,frame,check_brightness,SKIP,frame=428 non-frontal (label=left); not judged,428
103,face_rgb,103_face_rgb.mp4,frame,check_face_detected,PASS,frame=430 face ok,430
103,face_rgb,103_face_rgb.mp4,frame,check_head_fully,PASS,frame=430 Head is fully visible,430
103,face_rgb,103_face_rgb.mp4,frame,check_face_size,SKIP,frame=430 non-frontal (label=left); not judged,430
103,face_rgb,103_face_rgb.mp4,frame,check_eyes_open,SKIP,frame=430 non-frontal (label=left); not judged,430
103,face_rgb,103_face_rgb.mp4,frame,check_face_blur,SKIP,frame=430 non-frontal (label=left); not judged,430
103,face_rgb,103_face_rgb.mp4,frame,check_brightness,SKIP,frame=430 non-frontal (label=left); not judged,430
103,face_rgb,103_face_rgb.mp4,frame,check_face_detected,PASS,frame=433 face ok,433
103,face_rgb,103_face_rgb.mp4,frame,check_head_fully,PASS,frame=433 Head is fully visible,433
103,face_rgb,103_face_rgb.mp4,frame,check_face_size,SKIP,frame=433 non-frontal (label=left); not judged,433
103,face_rgb,103_face_rgb.mp4,frame,check_eyes_open,SKIP,frame=433 non-frontal (label=left); not judged,433
103,face_rgb,103_face_rgb.mp4,frame,check_face_blur,SKIP,frame=433 non-frontal (label=left); not judged,433
103,face_rgb,103_face_rgb.mp4,frame,check_brightness,SKIP,frame=433 non-frontal (label=left); not judged,433
103,face_rgb,103_face_rgb.mp4,frame,check_face_detected,PASS,frame=435 face ok,435
103,face_rgb,103_face_rgb.mp4,frame,check_head_fully,PASS,frame=435 Head is fully visible,435
103,face_rgb,103_face_rgb.mp4,frame,check_face_size,SKIP,frame=435 non-frontal (label=left); not judged,435
103,face_rgb,103_face_rgb.mp4,frame,check_eyes_open,SKIP,frame=435 non-frontal (label=left); not judged,435
103,face_rgb,103_face_rgb.mp4,frame,check_face_blur,SKIP,frame=435 non-frontal (label=left); not judged,435
103,face_rgb,103_face_rgb.mp4,frame,check_brightness,SKIP,frame=435 non-frontal (label=left); not judged,435
103,face_rgb,103_face_rgb.mp4,frame,check_face_detected,PASS,frame=437 face ok,437
103,face_rgb,103_face_rgb.mp4,frame,check_head_fully,PASS,frame=437 Head is fully visible,437
103,face_rgb,103_face_rgb.mp4,frame,check_face_size,SKIP,frame=437 non-frontal (label=left); not judged,437
103,face_rgb,103_face_rgb.mp4,frame,check_eyes_open,SKIP,frame=437 non-frontal (label=left); not judged,437
103,face_rgb,103_face_rgb.mp4,frame,check_face_blur,SKIP,frame=437 non-frontal (label=left); not judged,437
103,face_rgb,103_face_rgb.mp4,frame,check_brightness,SKIP,frame=437 non-frontal (label=left); not judged,437
103,face_rgb,103_face_rgb.mp4,frame,check_face_detected,PASS,frame=440 face ok,440
103,face_rgb,103_face_rgb.mp4,frame,check_head_fully,PASS,frame=440 Head is fully visible,440
103,face_rgb,103_face_rgb.mp4,frame,check_face_size,SKIP,frame=440 non-frontal (label=left); not judged,440
103,face_rgb,103_face_rgb.mp4,frame,check_eyes_open,SKIP,frame=440 non-frontal (label=left); not judged,440
103,face_rgb,103_face_rgb.mp4,frame,check_face_blur,SKIP,frame=440 non-frontal (label=left); not judged,440
103,face_rgb,103_face_rgb.mp4,frame,check_brightness,SKIP,frame=440 non-frontal (label=left); not judged,440
103,face_rgb,103_face_rgb.mp4,frame,check_face_detected,PASS,frame=442 face ok,442
103,face_rgb,103_face_rgb.mp4,frame,check_head_fully,PASS,frame=442 Head is fully visible,442
103,face_rgb,103_face_rgb.mp4,frame,check_face_size,SKIP,frame=442 non-frontal (label=left); not judged,442
103,face_rgb,103_face_rgb.mp4,frame,check_eyes_open,SKIP,frame=442 non-frontal (label=left); not judged,442
103,face_rgb,103_face_rgb.mp4,frame,check_face_blur,SKIP,frame=442 non-frontal (label=left); not judged,442
103,face_rgb,103_face_rgb.mp4,frame,check_brightness,SKIP,frame=442 non-frontal (label=left); not judged,442
103,face_rgb,103_face_rgb.mp4,frame,check_face_detected,PASS,frame=445 face ok,445
103,face_rgb,103_face_rgb.mp4,frame,check_head_fully,PASS,frame=445 Head is fully visible,445
103,face_rgb,103_face_rgb.mp4,frame,check_face_size,SKIP,frame=445 non-frontal (label=left); not judged,445
103,face_rgb,103_face_rgb.mp4,frame,check_eyes_open,SKIP,frame=445 non-frontal (label=left); not judged,445
103,face_rgb,103_face_rgb.mp4,frame,check_face_blur,SKIP,frame=445 non-frontal (label=left); not judged,445
103,face_rgb,103_face_rgb.mp4,frame,check_brightness,SKIP,frame=445 non-frontal (label=left); not judged,445
103,face_rgb,103_face_rgb.mp4,frame,check_face_detected,PASS,frame=447 face ok,447
103,face_rgb,103_face_rgb.mp4,frame,check_head_fully,PASS,frame=447 Head is fully visible,447
103,face_rgb,103_face_rgb.mp4,frame,check_face_size,SKIP,frame=447 non-frontal (label=left); not judged,447
103,face_rgb,103_face_rgb.mp4,frame,check_eyes_open,SKIP,frame=447 non-frontal (label=left); not judged,447
103,face_rgb,103_face_rgb.mp4,frame,check_face_blur,SKIP,frame=447 non-frontal (label=left); not judged,447
103,face_rgb,103_face_rgb.mp4,frame,check_brightness,SKIP,frame=447 non-frontal (label=left); not judged,447
103,face_rgb,103_face_rgb.mp4,frame,check_face_detected,PASS,frame=449 face ok,449
103,face_rgb,103_face_rgb.mp4,frame,check_head_fully,PASS,frame=449 Head is fully visible,449
103,face_rgb,103_face_rgb.mp4,frame,check_face_size,SKIP,frame=449 non-frontal (label=mid); not judged,449
103,face_rgb,103_face_rgb.mp4,frame,check_eyes_open,SKIP,frame=449 non-frontal (label=mid); not judged,449
103,face_rgb,103_face_rgb.mp4,frame,check_face_blur,SKIP,frame=449 non-frontal (label=mid); not judged,449
103,face_rgb,103_face_rgb.mp4,frame,check_brightness,SKIP,frame=449 non-frontal (label=mid); not judged,449
103,face_rgb,103_face_rgb.mp4,frame,check_face_detected,PASS,frame=452 face ok,452
103,face_rgb,103_face_rgb.mp4,frame,check_head_fully,PASS,frame=452 Head is fully visible,452
103,face_rgb,103_face_rgb.mp4,frame,check_face_size,SKIP,frame=452 non-frontal (label=mid); not judged,452
103,face_rgb,103_face_rgb.mp4,frame,check_eyes_open,SKIP,frame=452 non-frontal (label=mid); not judged,452
103,face_rgb,103_face_rgb.mp4,frame,check_face_blur,SKIP,frame=452 non-frontal (label=mid); not judged,452
103,face_rgb,103_face_rgb.mp4,frame,check_brightness,SKIP,frame=452 non-frontal (label=mid); not judged,452
103,face_rgb,103_face_rgb.mp4,frame,check_face_detected,PASS,frame=454 face ok,454
103,face_rgb,103_face_rgb.mp4,frame,check_head_fully,PASS,frame=454 Head is fully visible,454
103,face_rgb,103_face_rgb.mp4,frame,check_face_size,PASS,frame=454 face=547x678 >= 180x180,454
103,face_rgb,103_face_rgb.mp4,frame,check_eyes_open,PASS,"frame=454 eyes open (L=0.37, R=0.40 > 0.25)",454
103,face_rgb,103_face_rgb.mp4,frame,check_face_blur,PASS,frame=454 blur variance=279.4 >= 90,454
103,face_rgb,103_face_rgb.mp4,frame,check_brightness,PASS,frame=454 brightness=156 status=normal,454
103,face_rgb,103_face_rgb.mp4,frame,check_face_detected,PASS,frame=457 face ok,457
103,face_rgb,103_face_rgb.mp4,frame,check_head_fully,PASS,frame=457 Head is fully visible,457
103,face_rgb,103_face_rgb.mp4,frame,check_face_size,PASS,frame=457 face=548x676 >= 180x180,457
103,face_rgb,103_face_rgb.mp4,frame,check_eyes_open,PASS,"frame=457 eyes open (L=0.37, R=0.39 > 0.25)",457
103,face_rgb,103_face_rgb.mp4,frame,check_face_blur,PASS,frame=457 blur variance=259.4 >= 90,457
103,face_rgb,103_face_rgb.mp4,frame,check_brightness,PASS,frame=457 brightness=154 status=normal,457
103,face_rgb,103_face_rgb.mp4,frame,check_face_detected,PASS,frame=459 face ok,459
103,face_rgb,103_face_rgb.mp4,frame,check_head_fully,PASS,frame=459 Head is fully visible,459
103,face_rgb,103_face_rgb.mp4,frame,check_face_size,PASS,frame=459 face=548x677 >= 180x180,459
103,face_rgb,103_face_rgb.mp4,frame,check_eyes_open,PASS,"frame=459 eyes open (L=0.38, R=0.38 > 0.25)",459
103,face_rgb,103_face_rgb.mp4,frame,check_face_blur,PASS,frame=459 blur variance=262.5 >= 90,459
103,face_rgb,103_face_rgb.mp4,frame,check_brightness,PASS,frame=459 brightness=153 status=normal,459
103,face_rgb,103_face_rgb.mp4,frame,check_face_detected,PASS,frame=461 face ok,461
103,face_rgb,103_face_rgb.mp4,frame,check_head_fully,PASS,frame=461 Head is fully visible,461
103,face_rgb,103_face_rgb.mp4,frame,check_face_size,PASS,frame=461 face=547x677 >= 180x180,461
103,face_rgb,103_face_rgb.mp4,frame,check_eyes_open,PASS,"frame=461 eyes open (L=0.38, R=0.39 > 0.25)",461
103,face_rgb,103_face_rgb.mp4,frame,check_face_blur,PASS,frame=461 blur variance=269.5 >= 90,461
103,face_rgb,103_face_rgb.mp4,frame,check_brightness,PASS,frame=461 brightness=153 status=normal,461
103,face_rgb,103_face_rgb.mp4,frame,check_face_detected,PASS,frame=464 face ok,464
103,face_rgb,103_face_rgb.mp4,frame,check_head_fully,PASS,frame=464 Head is fully visible,464
103,face_rgb,103_face_rgb.mp4,frame,check_face_size,PASS,frame=464 face=548x680 >= 180x180,464
103,face_rgb,103_face_rgb.mp4,frame,check_eyes_open,PASS,"frame=464 eyes open (L=0.39, R=0.37 > 0.25)",464
103,face_rgb,103_face_rgb.mp4,frame,check_face_blur,PASS,frame=464 blur variance=255.0 >= 90,464
103,face_rgb,103_face_rgb.mp4,frame,check_brightness,PASS,frame=464 brightness=154 status=normal,464
103,face_rgb,103_face_rgb.mp4,frame,check_face_detected,PASS,frame=466 face ok,466
103,face_rgb,103_face_rgb.mp4,frame,check_head_fully,PASS,frame=466 Head is fully visible,466
103,face_rgb,103_face_rgb.mp4,frame,check_face_size,PASS,frame=466 face=552x679 >= 180x180,466
103,face_rgb,103_face_rgb.mp4,frame,check_eyes_open,PASS,"frame=466 eyes open (L=0.39, R=0.37 > 0.25)",466
103,face_rgb,103_face_rgb.mp4,frame,check_face_blur,PASS,frame=466 blur variance=301.8 >= 90,466
103,face_rgb,103_face_rgb.mp4,frame,check_brightness,PASS,frame=466 brightness=154 status=normal,466
103,face_rgb,103_face_rgb.mp4,frame,check_face_detected,PASS,frame=469 face ok,469
103,face_rgb,103_face_rgb.mp4,frame,check_head_fully,PASS,frame=469 Head is fully visible,469
103,face_rgb,103_face_rgb.mp4,frame,check_face_size,PASS,frame=469 face=554x685 >= 180x180,469
103,face_rgb,103_face_rgb.mp4,frame,check_eyes_open,PASS,"frame=469 eyes open (L=0.39, R=0.38 > 0.25)",469
103,face_rgb,103_face_rgb.mp4,frame,check_face_blur,PASS,frame=469 blur variance=289.1 >= 90,469
103,face_rgb,103_face_rgb.mp4,frame,check_brightness,PASS,frame=469 brightness=153 status=normal,469
103,face_rgb,103_face_rgb.mp4,frame,check_face_detected,PASS,frame=471 face ok,471
103,face_rgb,103_face_rgb.mp4,frame,check_head_fully,PASS,frame=471 Head is fully visible,471
103,face_rgb,103_face_rgb.mp4,frame,check_face_size,PASS,frame=471 face=554x685 >= 180x180,471
103,face_rgb,103_face_rgb.mp4,frame,check_eyes_open,PASS,"frame=471 eyes open (L=0.40, R=0.37 > 0.25)",471
103,face_rgb,103_face_rgb.mp4,frame,check_face_blur,PASS,frame=471 blur variance=277.9 >= 90,471
103,face_rgb,103_face_rgb.mp4,frame,check_brightness,PASS,frame=471 brightness=153 status=normal,471
103,face_rgb,103_face_rgb.mp4,frame,check_face_detected,PASS,frame=473 face ok,473
103,face_rgb,103_face_rgb.mp4,frame,check_head_fully,PASS,frame=473 Head is fully visible,473
103,face_rgb,103_face_rgb.mp4,frame,check_face_size,PASS,frame=473 face=553x685 >= 180x180,473
103,face_rgb,103_face_rgb.mp4,frame,check_eyes_open,PASS,"frame=473 eyes open (L=0.39, R=0.37 > 0.25)",473
103,face_rgb,103_face_rgb.mp4,frame,check_face_blur,PASS,frame=473 blur variance=309.8 >= 90,473
103,face_rgb,103_face_rgb.mp4,frame,check_brightness,PASS,frame=473 brightness=153 status=normal,473
103,face_rgb,103_face_rgb.mp4,frame,check_face_detected,PASS,frame=476 face ok,476
103,face_rgb,103_face_rgb.mp4,frame,check_head_fully,PASS,frame=476 Head is fully visible,476
103,face_rgb,103_face_rgb.mp4,frame,check_face_size,PASS,frame=476 face=549x677 >= 180x180,476
103,face_rgb,103_face_rgb.mp4,frame,check_eyes_open,PASS,"frame=476 eyes open (L=0.39, R=0.37 > 0.25)",476
103,face_rgb,103_face_rgb.mp4,frame,check_face_blur,PASS,frame=476 blur variance=312.1 >= 90,476
103,face_rgb,103_face_rgb.mp4,frame,check_brightness,PASS,frame=476 brightness=153 status=normal,476
103,face_rgb,103_face_rgb.mp4,frame,check_face_detected,PASS,frame=478 face ok,478
103,face_rgb,103_face_rgb.mp4,frame,check_head_fully,PASS,frame=478 Head is fully visible,478
103,face_rgb,103_face_rgb.mp4,frame,check_face_size,PASS,frame=478 face=553x681 >= 180x180,478
103,face_rgb,103_face_rgb.mp4,frame,check_eyes_open,PASS,"frame=478 eyes open (L=0.40, R=0.37 > 0.25)",478
103,face_rgb,103_face_rgb.mp4,frame,check_face_blur,PASS,frame=478 blur variance=325.6 >= 90,478
103,face_rgb,103_face_rgb.mp4,frame,check_brightness,PASS,frame=478 brightness=153 status=normal,478
103,face_rgb,103_face_rgb.mp4,frame,check_face_detected,PASS,frame=481 face ok,481
103,face_rgb,103_face_rgb.mp4,frame,check_head_fully,PASS,frame=481 Head is fully visible,481
103,face_rgb,103_face_rgb.mp4,frame,check_face_size,PASS,frame=481 face=555x685 >= 180x180,481
103,face_rgb,103_face_rgb.mp4,frame,check_eyes_open,PASS,"frame=481 eyes open (L=0.39, R=0.37 > 0.25)",481
103,face_rgb,103_face_rgb.mp4,frame,check_face_blur,PASS,frame=481 blur variance=319.0 >= 90,481
103,face_rgb,103_face_rgb.mp4,frame,check_brightness,PASS,frame=481 brightness=154 status=normal,481
103,face_rgb,103_face_rgb.mp4,frame,check_face_detected,PASS,frame=483 face ok,483
103,face_rgb,103_face_rgb.mp4,frame,check_head_fully,PASS,frame=483 Head is fully visible,483
103,face_rgb,103_face_rgb.mp4,frame,check_face_size,PASS,frame=483 face=548x680 >= 180x180,483
103,face_rgb,103_face_rgb.mp4,frame,check_eyes_open,PASS,"frame=483 eyes open (L=0.39, R=0.38 > 0.25)",483
103,face_rgb,103_face_rgb.mp4,frame,check_face_blur,PASS,frame=483 blur variance=288.2 >= 90,483
103,face_rgb,103_face_rgb.mp4,frame,check_brightness,PASS,frame=483 brightness=154 status=normal,483
103,face_rgb,103_face_rgb.mp4,frame,check_face_detected,PASS,frame=485 face ok,485
103,face_rgb,103_face_rgb.mp4,frame,check_head_fully,PASS,frame=485 Head is fully visible,485
103,face_rgb,103_face_rgb.mp4,frame,check_face_size,PASS,frame=485 face=553x681 >= 180x180,485
103,face_rgb,103_face_rgb.mp4,frame,check_eyes_open,PASS,"frame=485 eyes open (L=0.39, R=0.37 > 0.25)",485
103,face_rgb,103_face_rgb.mp4,frame,check_face_blur,PASS,frame=485 blur variance=275.0 >= 90,485
103,face_rgb,103_face_rgb.mp4,frame,check_brightness,PASS,frame=485 brightness=154 status=normal,485
103,face_rgb,103_face_rgb.mp4,frame,check_face_detected,PASS,frame=488 face ok,488
103,face_rgb,103_face_rgb.mp4,frame,check_head_fully,PASS,frame=488 Head is fully visible,488
103,face_rgb,103_face_rgb.mp4,frame,check_face_size,PASS,frame=488 face=549x680 >= 180x180,488
103,face_rgb,103_face_rgb.mp4,frame,check_eyes_open,PASS,"frame=488 eyes open (L=0.39, R=0.37 > 0.25)",488
103,face_rgb,103_face_rgb.mp4,frame,check_face_blur,PASS,frame=488 blur variance=283.8 >= 90,488
103,face_rgb,103_face_rgb.mp4,frame,check_brightness,PASS,frame=488 brightness=154 status=normal,488
103,face_rgb,103_face_rgb.mp4,frame,check_face_detected,PASS,frame=490 face ok,490
103,face_rgb,103_face_rgb.mp4,frame,check_head_fully,PASS,frame=490 Head is fully visible,490
103,face_rgb,103_face_rgb.mp4,frame,check_face_size,PASS,frame=490 face=554x685 >= 180x180,490
103,face_rgb,103_face_rgb.mp4,frame,check_eyes_open,PASS,"frame=490 eyes open (L=0.38, R=0.38 > 0.25)",490
103,face_rgb,103_face_rgb.mp4,frame,check_face_blur,PASS,frame=490 blur variance=304.9 >= 90,490
103,face_rgb,103_face_rgb.mp4,frame,check_brightness,PASS,frame=490 brightness=154 status=normal,490
103,face_rgb,103_face_rgb.mp4,frame,check_face_detected,PASS,frame=492 face ok,492
103,face_rgb,103_face_rgb.mp4,frame,check_head_fully,PASS,frame=492 Head is fully visible,492
103,face_rgb,103_face_rgb.mp4,frame,check_face_size,PASS,frame=492 face=552x680 >= 180x180,492
103,face_rgb,103_face_rgb.mp4,frame,check_eyes_open,PASS,"frame=492 eyes open (L=0.38, R=0.38 > 0.25)",492
103,face_rgb,103_face_rgb.mp4,frame,check_face_blur,PASS,frame=492 blur variance=301.1 >= 90,492
103,face_rgb,103_face_rgb.mp4,frame,check_brightness,PASS,frame=492 brightness=155 status=normal,492
103,face_rgb,103_face_rgb.mp4,frame,check_face_detected,PASS,frame=495 face ok,495
103,face_rgb,103_face_rgb.mp4,frame,check_head_fully,PASS,frame=495 Head is fully visible,495
103,face_rgb,103_face_rgb.mp4,frame,check_face_size,PASS,frame=495 face=553x681 >= 180x180,495
103,face_rgb,103_face_rgb.mp4,frame,check_eyes_open,PASS,"frame=495 eyes open (L=0.38, R=0.38 > 0.25)",495
103,face_rgb,103_face_rgb.mp4,frame,check_face_blur,PASS,frame=495 blur variance=297.1 >= 90,495
103,face_rgb,103_face_rgb.mp4,frame,check_brightness,PASS,frame=495 brightness=154 status=normal,495
103,face_rgb,103_face_rgb.mp4,frame,check_face_detected,PASS,frame=497 face ok,497
103,face_rgb,103_face_rgb.mp4,frame,check_head_fully,PASS,frame=497 Head is fully visible,497
103,face_rgb,103_face_rgb.mp4,frame,check_face_size,PASS,frame=497 face=549x685 >= 180x180,497
103,face_rgb,103_face_rgb.mp4,frame,check_eyes_open,PASS,"frame=497 eyes open (L=0.38, R=0.38 > 0.25)",497
103,face_rgb,103_face_rgb.mp4,frame,check_face_blur,PASS,frame=497 blur variance=305.8 >= 90,497
103,face_rgb,103_face_rgb.mp4,frame,check_brightness,PASS,frame=497 brightness=154 status=normal,497
103,face_rgb,103_face_rgb.mp4,frame,check_face_detected,PASS,frame=500 face ok,500
103,face_rgb,103_face_rgb.mp4,frame,check_head_fully,PASS,frame=500 Head is fully visible,500
103,face_rgb,103_face_rgb.mp4,frame,check_face_size,PASS,frame=500 face=548x681 >= 180x180,500
103,face_rgb,103_face_rgb.mp4,frame,check_eyes_open,PASS,"frame=500 eyes open (L=0.38, R=0.39 > 0.25)",500
103,face_rgb,103_face_rgb.mp4,frame,check_face_blur,PASS,frame=500 blur variance=314.9 >= 90,500
103,face_rgb,103_face_rgb.mp4,frame,check_brightness,PASS,frame=500 brightness=153 status=normal,500
103,face_rgb,103_face_rgb.mp4,frame,check_face_detected,PASS,frame=502 face ok,502
103,face_rgb,103_face_rgb.mp4,frame,check_head_fully,PASS,frame=502 Head is fully visible,502
103,face_rgb,103_face_rgb.mp4,frame,check_face_size,PASS,frame=502 face=552x679 >= 180x180,502
103,face_rgb,103_face_rgb.mp4,frame,check_eyes_open,PASS,"frame=502 eyes open (L=0.39, R=0.38 > 0.25)",502
103,face_rgb,103_face_rgb.mp4,frame,check_face_blur,PASS,frame=502 blur variance=290.4 >= 90,502
103,face_rgb,103_face_rgb.mp4,frame,check_brightness,PASS,frame=502 brightness=154 status=normal,502
103,face_rgb,103_face_rgb.mp4,frame,check_face_detected,PASS,frame=504 face ok,504
103,face_rgb,103_face_rgb.mp4,frame,check_head_fully,PASS,frame=504 Head is fully visible,504
103,face_rgb,103_face_rgb.mp4,frame,check_face_size,PASS,frame=504 face=547x679 >= 180x180,504
103,face_rgb,103_face_rgb.mp4,frame,check_eyes_open,PASS,"frame=504 eyes open (L=0.38, R=0.38 > 0.25)",504
103,face_rgb,103_face_rgb.mp4,frame,check_face_blur,PASS,frame=504 blur variance=328.2 >= 90,504
103,face_rgb,103_face_rgb.mp4,frame,check_brightness,PASS,frame=504 brightness=153 status=normal,504
103,face_rgb,103_face_rgb.mp4,frame,check_face_detected,PASS,frame=507 face ok,507
103,face_rgb,103_face_rgb.mp4,frame,check_head_fully,PASS,frame=507 Head is fully visible,507
103,face_rgb,103_face_rgb.mp4,frame,check_face_size,PASS,frame=507 face=549x684 >= 180x180,507
103,face_rgb,103_face_rgb.mp4,frame,check_eyes_open,PASS,"frame=507 eyes open (L=0.38, R=0.39 > 0.25)",507
103,face_rgb,103_face_rgb.mp4,frame,check_face_blur,PASS,frame=507 blur variance=264.7 >= 90,507
103,face_rgb,103_face_rgb.mp4,frame,check_brightness,PASS,frame=507 brightness=153 status=normal,507
103,face_rgb,103_face_rgb.mp4,frame,check_face_detected,PASS,frame=509 face ok,509
103,face_rgb,103_face_rgb.mp4,frame,check_head_fully,PASS,frame=509 Head is fully visible,509
103,face_rgb,103_face_rgb.mp4,frame,check_face_size,PASS,frame=509 face=553x680 >= 180x180,509
103,face_rgb,103_face_rgb.mp4,frame,check_eyes_open,PASS,"frame=509 eyes open (L=0.38, R=0.38 > 0.25)",509
103,face_rgb,103_face_rgb.mp4,frame,check_face_blur,PASS,frame=509 blur variance=276.5 >= 90,509
103,face_rgb,103_face_rgb.mp4,frame,check_brightness,PASS,frame=509 brightness=153 status=normal,509
103,face_rgb,103_face_rgb.mp4,frame,check_face_detected,PASS,frame=512 face ok,512
103,face_rgb,103_face_rgb.mp4,frame,check_head_fully,PASS,frame=512 Head is fully visible,512
103,face_rgb,103_face_rgb.mp4,frame,check_face_size,PASS,frame=512 face=552x679 >= 180x180,512
103,face_rgb,103_face_rgb.mp4,frame,check_eyes_open,PASS,"frame=512 eyes open (L=0.39, R=0.37 > 0.25)",512
103,face_rgb,103_face_rgb.mp4,frame,check_face_blur,PASS,frame=512 blur variance=281.4 >= 90,512
103,face_rgb,103_face_rgb.mp4,frame,check_brightness,PASS,frame=512 brightness=153 status=normal,512
103,face_rgb,103_face_rgb.mp4,frame,check_face_detected,PASS,frame=514 face ok,514
103,face_rgb,103_face_rgb.mp4,frame,check_head_fully,PASS,frame=514 Head is fully visible,514
103,face_rgb,103_face_rgb.mp4,frame,check_face_size,PASS,frame=514 face=553x679 >= 180x180,514
103,face_rgb,103_face_rgb.mp4,frame,check_eyes_open,PASS,"frame=514 eyes open (L=0.38, R=0.37 > 0.25)",514
103,face_rgb,103_face_rgb.mp4,frame,check_face_blur,PASS,frame=514 blur variance=268.9 >= 90,514
103,face_rgb,103_face_rgb.mp4,frame,check_brightness,PASS,frame=514 brightness=153 status=normal,514
103,face_rgb,103_face_rgb.mp4,frame,check_face_detected,PASS,frame=516 face ok,516
103,face_rgb,103_face_rgb.mp4,frame,check_head_fully,PASS,frame=516 Head is fully visible,516
103,face_rgb,103_face_rgb.mp4,frame,check_face_size,PASS,frame=516 face=553x681 >= 180x180,516
103,face_rgb,103_face_rgb.mp4,frame,check_eyes_open,PASS,"frame=516 eyes open (L=0.38, R=0.37 > 0.25)",516
103,face_rgb,103_face_rgb.mp4,frame,check_face_blur,PASS,frame=516 blur variance=326.2 >= 90,516
103,face_rgb,103_face_rgb.mp4,frame,check_brightness,PASS,frame=516 brightness=152 status=normal,516
103,face_rgb,103_face_rgb.mp4,frame,check_face_detected,PASS,frame=519 face ok,519
103,face_rgb,103_face_rgb.mp4,frame,check_head_fully,PASS,frame=519 Head is fully visible,519
103,face_rgb,103_face_rgb.mp4,frame,check_face_size,PASS,frame=519 face=552x686 >= 180x180,519
103,face_rgb,103_face_rgb.mp4,frame,check_eyes_open,PASS,"frame=519 eyes open (L=0.39, R=0.38 > 0.25)",519
103,face_rgb,103_face_rgb.mp4,frame,check_face_blur,PASS,frame=519 blur variance=324.2 >= 90,519
103,face_rgb,103_face_rgb.mp4,frame,check_brightness,PASS,frame=519 brightness=151 status=normal,519
103,face_rgb,103_face_rgb.mp4,frame,check_face_detected,PASS,frame=521 face ok,521
103,face_rgb,103_face_rgb.mp4,frame,check_head_fully,PASS,frame=521 Head is fully visible,521
103,face_rgb,103_face_rgb.mp4,frame,check_face_size,PASS,frame=521 face=552x685 >= 180x180,521
103,face_rgb,103_face_rgb.mp4,frame,check_eyes_open,PASS,"frame=521 eyes open (L=0.38, R=0.38 > 0.25)",521
103,face_rgb,103_face_rgb.mp4,frame,check_face_blur,PASS,frame=521 blur variance=329.0 >= 90,521
103,face_rgb,103_face_rgb.mp4,frame,check_brightness,PASS,frame=521 brightness=151 status=normal,521
103,face_rgb,103_face_rgb.mp4,frame,check_face_detected,PASS,frame=524 face ok,524
103,face_rgb,103_face_rgb.mp4,frame,check_head_fully,PASS,frame=524 Head is fully visible,524
103,face_rgb,103_face_rgb.mp4,frame,check_face_size,PASS,frame=524 face=553x686 >= 180x180,524
103,face_rgb,103_face_rgb.mp4,frame,check_eyes_open,PASS,"frame=524 eyes open (L=0.38, R=0.38 > 0.25)",524
103,face_rgb,103_face_rgb.mp4,frame,check_face_blur,PASS,frame=524 blur variance=333.5 >= 90,524
103,face_rgb,103_face_rgb.mp4,frame,check_brightness,PASS,frame=524 brightness=151 status=normal,524
103,face_rgb,103_face_rgb.mp4,frame,check_face_detected,PASS,frame=526 face ok,526
103,face_rgb,103_face_rgb.mp4,frame,check_head_fully,PASS,frame=526 Head is fully visible,526
103,face_rgb,103_face_rgb.mp4,frame,check_face_size,PASS,frame=526 face=552x685 >= 180x180,526
103,face_rgb,103_face_rgb.mp4,frame,check_eyes_open,PASS,"frame=526 eyes open (L=0.39, R=0.38 > 0.25)",526
103,face_rgb,103_face_rgb.mp4,frame,check_face_blur,PASS,frame=526 blur variance=342.2 >= 90,526
103,face_rgb,103_face_rgb.mp4,frame,check_brightness,PASS,frame=526 brightness=151 status=normal,526
103,face_rgb,103_face_rgb.mp4,frame,check_face_detected,PASS,frame=528 face ok,528
103,face_rgb,103_face_rgb.mp4,frame,check_head_fully,PASS,frame=528 Head is fully visible,528
103,face_rgb,103_face_rgb.mp4,frame,check_face_size,PASS,frame=528 face=548x685 >= 180x180,528
103,face_rgb,103_face_rgb.mp4,frame,check_eyes_open,PASS,"frame=528 eyes open (L=0.38, R=0.38 > 0.25)",528
103,face_rgb,103_face_rgb.mp4,frame,check_face_blur,PASS,frame=528 blur variance=336.8 >= 90,528
103,face_rgb,103_face_rgb.mp4,frame,check_brightness,PASS,frame=528 brightness=151 status=normal,528
103,face_rgb,103_face_rgb.mp4,frame,check_face_detected,PASS,frame=531 face ok,531
103,face_rgb,103_face_rgb.mp4,frame,check_head_fully,PASS,frame=531 Head is fully visible,531
103,face_rgb,103_face_rgb.mp4,frame,check_face_size,PASS,frame=531 face=552x684 >= 180x180,531
103,face_rgb,103_face_rgb.mp4,frame,check_eyes_open,PASS,"frame=531 eyes open (L=0.38, R=0.38 > 0.25)",531
103,face_rgb,103_face_rgb.mp4,frame,check_face_blur,PASS,frame=531 blur variance=331.6 >= 90,531
103,face_rgb,103_face_rgb.mp4,frame,check_brightness,PASS,frame=531 brightness=151 status=normal,531
103,face_rgb,103_face_rgb.mp4,frame,check_face_detected,PASS,frame=533 face ok,533
103,face_rgb,103_face_rgb.mp4,frame,check_head_fully,PASS,frame=533 Head is fully visible,533
103,face_rgb,103_face_rgb.mp4,frame,check_face_size,PASS,frame=533 face=548x686 >= 180x180,533
103,face_rgb,103_face_rgb.mp4,frame,check_eyes_open,PASS,"frame=533 eyes open (L=0.38, R=0.38 > 0.25)",533
103,face_rgb,103_face_rgb.mp4,frame,check_face_blur,PASS,frame=533 blur variance=323.3 >= 90,533
103,face_rgb,103_face_rgb.mp4,frame,check_brightness,PASS,frame=533 brightness=151 status=normal,533
103,face_rgb,103_face_rgb.mp4,frame,check_face_detected,PASS,frame=536 face ok,536
103,face_rgb,103_face_rgb.mp4,frame,check_head_fully,PASS,frame=536 Head is fully visible,536
103,face_rgb,103_face_rgb.mp4,frame,check_face_size,PASS,frame=536 face=552x686 >= 180x180,536
103,face_rgb,103_face_rgb.mp4,frame,check_eyes_open,PASS,"frame=536 eyes open (L=0.38, R=0.38 > 0.25)",536
103,face_rgb,103_face_rgb.mp4,frame,check_face_blur,PASS,frame=536 blur variance=302.0 >= 90,536
103,face_rgb,103_face_rgb.mp4,frame,check_brightness,PASS,frame=536 brightness=151 status=normal,536
103,face_rgb,103_face_rgb.mp4,frame,check_face_detected,PASS,frame=538 face ok,538
103,face_rgb,103_face_rgb.mp4,frame,check_head_fully,PASS,frame=538 Head is fully visible,538
103,face_rgb,103_face_rgb.mp4,frame,check_face_size,PASS,frame=538 face=552x681 >= 180x180,538
103,face_rgb,103_face_rgb.mp4,frame,check_eyes_open,PASS,"frame=538 eyes open (L=0.38, R=0.38 > 0.25)",538
103,face_rgb,103_face_rgb.mp4,frame,check_face_blur,PASS,frame=538 blur variance=298.9 >= 90,538
103,face_rgb,103_face_rgb.mp4,frame,check_brightness,PASS,frame=538 brightness=151 status=normal,538
103,face_rgb,103_face_rgb.mp4,frame,check_face_detected,PASS,frame=540 face ok,540
103,face_rgb,103_face_rgb.mp4,frame,check_head_fully,PASS,frame=540 Head is fully visible,540
103,face_rgb,103_face_rgb.mp4,frame,check_face_size,PASS,frame=540 face=552x684 >= 180x180,540
103,face_rgb,103_face_rgb.mp4,frame,check_eyes_open,PASS,"frame=540 eyes open (L=0.39, R=0.38 > 0.25)",540
103,face_rgb,103_face_rgb.mp4,frame,check_face_blur,PASS,frame=540 blur variance=325.4 >= 90,540
103,face_rgb,103_face_rgb.mp4,frame,check_brightness,PASS,frame=540 brightness=151 status=normal,540
103,face_rgb,103_face_rgb.mp4,frame,check_face_detected,PASS,frame=543 face ok,543
103,face_rgb,103_face_rgb.mp4,frame,check_head_fully,PASS,frame=543 Head is fully visible,543
103,face_rgb,103_face_rgb.mp4,frame,check_face_size,PASS,frame=543 face=552x686 >= 180x180,543
103,face_rgb,103_face_rgb.mp4,frame,check_eyes_open,PASS,"frame=543 eyes open (L=0.38, R=0.38 > 0.25)",543
103,face_rgb,103_face_rgb.mp4,frame,check_face_blur,PASS,frame=543 blur variance=292.7 >= 90,543
103,face_rgb,103_face_rgb.mp4,frame,check_brightness,PASS,frame=543 brightness=151 status=normal,543
103,face_rgb,103_face_rgb.mp4,frame,check_face_detected,PASS,frame=545 face ok,545
103,face_rgb,103_face_rgb.mp4,frame,check_head_fully,PASS,frame=545 Head is fully visible,545
103,face_rgb,103_face_rgb.mp4,frame,check_face_size,PASS,frame=545 face=552x687 >= 180x180,545
103,face_rgb,103_face_rgb.mp4,frame,check_eyes_open,PASS,"frame=545 eyes open (L=0.38, R=0.38 > 0.25)",545
103,face_rgb,103_face_rgb.mp4,frame,check_face_blur,PASS,frame=545 blur variance=270.1 >= 90,545
103,face_rgb,103_face_rgb.mp4,frame,check_brightness,PASS,frame=545 brightness=151 status=normal,545
103,face_rgb,103_face_rgb.mp4,frame,check_face_detected,PASS,frame=547 face ok,547
103,face_rgb,103_face_rgb.mp4,frame,check_head_fully,PASS,frame=547 Head is fully visible,547
103,face_rgb,103_face_rgb.mp4,frame,check_face_size,PASS,frame=547 face=548x686 >= 180x180,547
103,face_rgb,103_face_rgb.mp4,frame,check_eyes_open,PASS,"frame=547 eyes open (L=0.38, R=0.38 > 0.25)",547
103,face_rgb,103_face_rgb.mp4,frame,check_face_blur,PASS,frame=547 blur variance=261.7 >= 90,547
103,face_rgb,103_face_rgb.mp4,frame,check_brightness,PASS,frame=547 brightness=151 status=normal,547
103,face_rgb,103_face_rgb.mp4,frame,check_face_detected,PASS,frame=550 face ok,550
103,face_rgb,103_face_rgb.mp4,frame,check_head_fully,PASS,frame=550 Head is fully visible,550
103,face_rgb,103_face_rgb.mp4,frame,check_face_size,PASS,frame=550 face=546x679 >= 180x180,550
103,face_rgb,103_face_rgb.mp4,frame,check_eyes_open,PASS,"frame=550 eyes open (L=0.39, R=0.37 > 0.25)",550
103,face_rgb,103_face_rgb.mp4,frame,check_face_blur,PASS,frame=550 blur variance=280.5 >= 90,550
103,face_rgb,103_face_rgb.mp4,frame,check_brightness,PASS,frame=550 brightness=151 status=normal,550
103,face_rgb,103_face_rgb.mp4,frame,check_face_detected,PASS,frame=552 face ok,552
103,face_rgb,103_face_rgb.mp4,frame,check_head_fully,PASS,frame=552 Head is fully visible,552
103,face_rgb,103_face_rgb.mp4,frame,check_face_size,PASS,frame=552 face=548x681 >= 180x180,552
103,face_rgb,103_face_rgb.mp4,frame,check_eyes_open,PASS,"frame=552 eyes open (L=0.39, R=0.38 > 0.25)",552
103,face_rgb,103_face_rgb.mp4,frame,check_face_blur,PASS,frame=552 blur variance=275.2 >= 90,552
103,face_rgb,103_face_rgb.mp4,frame,check_brightness,PASS,frame=552 brightness=152 status=normal,552
103,face_rgb,103_face_rgb.mp4,frame,check_face_detected,PASS,frame=555 face ok,555
103,face_rgb,103_face_rgb.mp4,frame,check_head_fully,PASS,frame=555 Head is fully visible,555
103,face_rgb,103_face_rgb.mp4,frame,check_face_size,PASS,frame=555 face=547x685 >= 180x180,555
103,face_rgb,103_face_rgb.mp4,frame,check_eyes_open,PASS,"frame=555 eyes open (L=0.38, R=0.37 > 0.25)",555
103,face_rgb,103_face_rgb.mp4,frame,check_face_blur,PASS,frame=555 blur variance=266.2 >= 90,555
103,face_rgb,103_face_rgb.mp4,frame,check_brightness,PASS,frame=555 brightness=151 status=normal,555
103,face_rgb,103_face_rgb.mp4,frame,check_face_detected,PASS,frame=557 face ok,557
103,face_rgb,103_face_rgb.mp4,frame,check_head_fully,PASS,frame=557 Head is fully visible,557
103,face_rgb,103_face_rgb.mp4,frame,check_face_size,PASS,frame=557 face=547x679 >= 180x180,557
103,face_rgb,103_face_rgb.mp4,frame,check_eyes_open,PASS,"frame=557 eyes open (L=0.38, R=0.38 > 0.25)",557
103,face_rgb,103_face_rgb.mp4,frame,check_face_blur,PASS,frame=557 blur variance=251.6 >= 90,557
103,face_rgb,103_face_rgb.mp4,frame,check_brightness,PASS,frame=557 brightness=152 status=normal,557
103,face_rgb,103_face_rgb.mp4,frame,check_face_detected,PASS,frame=559 face ok,559
103,face_rgb,103_face_rgb.mp4,frame,check_head_fully,PASS,frame=559 Head is fully visible,559
103,face_rgb,103_face_rgb.mp4,frame,check_face_size,PASS,frame=559 face=544x681 >= 180x180,559
103,face_rgb,103_face_rgb.mp4,frame,check_eyes_open,PASS,"frame=559 eyes open (L=0.38, R=0.39 > 0.25)",559
103,face_rgb,103_face_rgb.mp4,frame,check_face_blur,PASS,frame=559 blur variance=244.8 >= 90,559
103,face_rgb,103_face_rgb.mp4,frame,check_brightness,PASS,frame=559 brightness=152 status=normal,559
103,face_rgb,103_face_rgb.mp4,frame,check_face_detected,PASS,frame=562 face ok,562
103,face_rgb,103_face_rgb.mp4,frame,check_head_fully,PASS,frame=562 Head is fully visible,562
103,face_rgb,103_face_rgb.mp4,frame,check_face_size,PASS,frame=562 face=545x687 >= 180x180,562
103,face_rgb,103_face_rgb.mp4,frame,check_eyes_open,PASS,"frame=562 eyes open (L=0.38, R=0.38 > 0.25)",562
103,face_rgb,103_face_rgb.mp4,frame,check_face_blur,PASS,frame=562 blur variance=263.4 >= 90,562
103,face_rgb,103_face_rgb.mp4,frame,check_brightness,PASS,frame=562 brightness=151 status=normal,562
103,face_rgb,103_face_rgb.mp4,frame,check_face_detected,PASS,frame=564 face ok,564
103,face_rgb,103_face_rgb.mp4,frame,check_head_fully,PASS,frame=564 Head is fully visible,564
103,face_rgb,103_face_rgb.mp4,frame,check_face_size,PASS,frame=564 face=547x681 >= 180x180,564
103,face_rgb,103_face_rgb.mp4,frame,check_eyes_open,PASS,"frame=564 eyes open (L=0.38, R=0.37 > 0.25)",564
103,face_rgb,103_face_rgb.mp4,frame,check_face_blur,PASS,frame=564 blur variance=277.0 >= 90,564
103,face_rgb,103_face_rgb.mp4,frame,check_brightness,PASS,frame=564 brightness=152 status=normal,564
103,face_rgb,103_face_rgb.mp4,frame,check_face_detected,PASS,frame=567 face ok,567
103,face_rgb,103_face_rgb.mp4,frame,check_head_fully,PASS,frame=567 Head is fully visible,567
103,face_rgb,103_face_rgb.mp4,frame,check_face_size,PASS,frame=567 face=548x688 >= 180x180,567
103,face_rgb,103_face_rgb.mp4,frame,check_eyes_open,PASS,"frame=567 eyes open (L=0.38, R=0.38 > 0.25)",567
103,face_rgb,103_face_rgb.mp4,frame,check_face_blur,PASS,frame=567 blur variance=280.0 >= 90,567
103,face_rgb,103_face_rgb.mp4,frame,check_brightness,PASS,frame=567 brightness=151 status=normal,567
103,face_rgb,103_face_rgb.mp4,frame,check_face_detected,PASS,frame=569 face ok,569
103,face_rgb,103_face_rgb.mp4,frame,check_head_fully,PASS,frame=569 Head is fully visible,569
103,face_rgb,103_face_rgb.mp4,frame,check_face_size,PASS,frame=569 face=549x681 >= 180x180,569
103,face_rgb,103_face_rgb.mp4,frame,check_eyes_open,PASS,"frame=569 eyes open (L=0.37, R=0.37 > 0.25)",569
103,face_rgb,103_face_rgb.mp4,frame,check_face_blur,PASS,frame=569 blur variance=261.3 >= 90,569
103,face_rgb,103_face_rgb.mp4,frame,check_brightness,PASS,frame=569 brightness=152 status=normal,569
103,face_rgb,103_face_rgb.mp4,frame,check_face_detected,PASS,frame=571 face ok,571
103,face_rgb,103_face_rgb.mp4,frame,check_head_fully,PASS,frame=571 Head is fully visible,571
103,face_rgb,103_face_rgb.mp4,frame,check_face_size,PASS,frame=571 face=552x684 >= 180x180,571
103,face_rgb,103_face_rgb.mp4,frame,check_eyes_open,PASS,"frame=571 eyes open (L=0.37, R=0.36 > 0.25)",571
103,face_rgb,103_face_rgb.mp4,frame,check_face_blur,PASS,frame=571 blur variance=263.7 >= 90,571
103,face_rgb,103_face_rgb.mp4,frame,check_brightness,PASS,frame=571 brightness=153 status=normal,571
103,face_rgb,103_face_rgb.mp4,frame,check_face_detected,PASS,frame=574 face ok,574
103,face_rgb,103_face_rgb.mp4,frame,check_head_fully,PASS,frame=574 Head is fully visible,574
103,face_rgb,103_face_rgb.mp4,frame,check_face_size,SKIP,frame=574 non-frontal (label=mid); not judged,574
103,face_rgb,103_face_rgb.mp4,frame,check_eyes_open,SKIP,frame=574 non-frontal (label=mid); not judged,574
103,face_rgb,103_face_rgb.mp4,frame,check_face_blur,SKIP,frame=574 non-frontal (label=mid); not judged,574
103,face_rgb,103_face_rgb.mp4,frame,check_brightness,SKIP,frame=574 non-frontal (label=mid); not judged,574
103,face_rgb,103_face_rgb.mp4,frame,check_face_detected,PASS,frame=576 face ok,576
103,face_rgb,103_face_rgb.mp4,frame,check_head_fully,PASS,frame=576 Head is fully visible,576
103,face_rgb,103_face_rgb.mp4,frame,check_face_size,SKIP,frame=576 non-frontal (label=mid); not judged,576
103,face_rgb,103_face_rgb.mp4,frame,check_eyes_open,SKIP,frame=576 non-frontal (label=mid); not judged,576
103,face_rgb,103_face_rgb.mp4,frame,check_face_blur,SKIP,frame=576 non-frontal (label=mid); not judged,576
103,face_rgb,103_face_rgb.mp4,frame,check_brightness,SKIP,frame=576 non-frontal (label=mid); not judged,576
103,face_rgb,103_face_rgb.mp4,frame,check_face_detected,PASS,frame=579 face ok,579
103,face_rgb,103_face_rgb.mp4,frame,check_head_fully,PASS,frame=579 Head is fully visible,579
103,face_rgb,103_face_rgb.mp4,frame,check_face_size,SKIP,frame=579 non-frontal (label=right); not judged,579
103,face_rgb,103_face_rgb.mp4,frame,check_eyes_open,SKIP,frame=579 non-frontal (label=right); not judged,579
103,face_rgb,103_face_rgb.mp4,frame,check_face_blur,SKIP,frame=579 non-frontal (label=right); not judged,579
103,face_rgb,103_face_rgb.mp4,frame,check_brightness,SKIP,frame=579 non-frontal (label=right); not judged,579
103,face_rgb,103_face_rgb.mp4,frame,check_face_detected,PASS,frame=581 face ok,581
103,face_rgb,103_face_rgb.mp4,frame,check_head_fully,PASS,frame=581 Head is fully visible,581
103,face_rgb,103_face_rgb.mp4,frame,check_face_size,SKIP,frame=581 non-frontal (label=right); not judged,581
103,face_rgb,103_face_rgb.mp4,frame,check_eyes_open,SKIP,frame=581 non-frontal (label=right); not judged,581
103,face_rgb,103_face_rgb.mp4,frame,check_face_blur,SKIP,frame=581 non-frontal (label=right); not judged,581
103,face_rgb,103_face_rgb.mp4,frame,check_brightness,SKIP,frame=581 non-frontal (label=right); not judged,581
103,face_rgb,103_face_rgb.mp4,frame,check_face_detected,PASS,frame=583 face ok,583
103,face_rgb,103_face_rgb.mp4,frame,check_head_fully,PASS,frame=583 Head is fully visible,583
103,face_rgb,103_face_rgb.mp4,frame,check_face_size,SKIP,frame=583 non-frontal (label=right); not judged,583
103,face_rgb,103_face_rgb.mp4,frame,check_eyes_open,SKIP,frame=583 non-frontal (label=right); not judged,583
103,face_rgb,103_face_rgb.mp4,frame,check_face_blur,SKIP,frame=583 non-frontal (label=right); not judged,583
103,face_rgb,103_face_rgb.mp4,frame,check_brightness,SKIP,frame=583 non-frontal (label=right); not judged,583
103,face_rgb,103_face_rgb.mp4,frame,check_face_detected,PASS,frame=586 face ok,586
103,face_rgb,103_face_rgb.mp4,frame,check_head_fully,PASS,frame=586 Head is fully visible,586
103,face_rgb,103_face_rgb.mp4,frame,check_face_size,SKIP,frame=586 non-frontal (label=right); not judged,586
103,face_rgb,103_face_rgb.mp4,frame,check_eyes_open,SKIP,frame=586 non-frontal (label=right); not judged,586
103,face_rgb,103_face_rgb.mp4,frame,check_face_blur,SKIP,frame=586 non-frontal (label=right); not judged,586
103,face_rgb,103_face_rgb.mp4,frame,check_brightness,SKIP,frame=586 non-frontal (label=right); not judged,586
103,face_rgb,103_face_rgb.mp4,frame,check_face_detected,PASS,frame=588 face ok,588
103,face_rgb,103_face_rgb.mp4,frame,check_head_fully,PASS,frame=588 Head is fully visible,588
103,face_rgb,103_face_rgb.mp4,frame,check_face_size,SKIP,frame=588 non-frontal (label=right); not judged,588
103,face_rgb,103_face_rgb.mp4,frame,check_eyes_open,SKIP,frame=588 non-frontal (label=right); not judged,588
103,face_rgb,103_face_rgb.mp4,frame,check_face_blur,SKIP,frame=588 non-frontal (label=right); not judged,588
103,face_rgb,103_face_rgb.mp4,frame,check_brightness,SKIP,frame=588 non-frontal (label=right); not judged,588
103,face_rgb,103_face_rgb.mp4,frame,check_face_detected,PASS,frame=590 face ok,590
103,face_rgb,103_face_rgb.mp4,frame,check_head_fully,PASS,frame=590 Head is fully visible,590
103,face_rgb,103_face_rgb.mp4,frame,check_face_size,SKIP,frame=590 non-frontal (label=right); not judged,590
103,face_rgb,103_face_rgb.mp4,frame,check_eyes_open,SKIP,frame=590 non-frontal (label=right); not judged,590
103,face_rgb,103_face_rgb.mp4,frame,check_face_blur,SKIP,frame=590 non-frontal (label=right); not judged,590
103,face_rgb,103_face_rgb.mp4,frame,check_brightness,SKIP,frame=590 non-frontal (label=right); not judged,590
103,face_rgb,103_face_rgb.mp4,frame,check_face_detected,PASS,frame=593 face ok,593
103,face_rgb,103_face_rgb.mp4,frame,check_head_fully,PASS,frame=593 Head is fully visible,593
103,face_rgb,103_face_rgb.mp4,frame,check_face_size,SKIP,frame=593 non-frontal (label=right); not judged,593
103,face_rgb,103_face_rgb.mp4,frame,check_eyes_open,SKIP,frame=593 non-frontal (label=right); not judged,593
103,face_rgb,103_face_rgb.mp4,frame,check_face_blur,SKIP,frame=593 non-frontal (label=right); not judged,593
103,face_rgb,103_face_rgb.mp4,frame,check_brightness,SKIP,frame=593 non-frontal (label=right); not judged,593
103,face_rgb,103_face_rgb.mp4,frame,check_face_detected,PASS,frame=595 face ok,595
103,face_rgb,103_face_rgb.mp4,frame,check_head_fully,PASS,frame=595 Head is fully visible,595
103,face_rgb,103_face_rgb.mp4,frame,check_face_size,SKIP,frame=595 non-frontal (label=right); not judged,595
103,face_rgb,103_face_rgb.mp4,frame,check_eyes_open,SKIP,frame=595 non-frontal (label=right); not judged,595
103,face_rgb,103_face_rgb.mp4,frame,check_face_blur,SKIP,frame=595 non-frontal (label=right); not judged,595
103,face_rgb,103_face_rgb.mp4,frame,check_brightness,SKIP,frame=595 non-frontal (label=right); not judged,595
103,face_rgb,103_face_rgb.mp4,frame,check_face_detected,SKIP,frame=598 No faces detected; expected gap (peak of right turn),598
103,face_rgb,103_face_rgb.mp4,frame,check_face_detected,SKIP,frame=600 No faces detected; expected gap (peak of right turn),600
103,face_rgb,103_face_rgb.mp4,frame,check_face_detected,SKIP,frame=602 No faces detected; expected gap (peak of right turn),602
103,face_rgb,103_face_rgb.mp4,frame,check_face_detected,SKIP,frame=605 No faces detected; expected gap (peak of right turn),605
103,face_rgb,103_face_rgb.mp4,frame,check_face_detected,SKIP,frame=607 No faces detected; expected gap (peak of right turn),607
103,face_rgb,103_face_rgb.mp4,frame,check_face_detected,SKIP,frame=610 No faces detected; expected gap (peak of right turn),610
103,face_rgb,103_face_rgb.mp4,frame,check_face_detected,SKIP,frame=612 No faces detected; expected gap (peak of right turn),612
103,face_rgb,103_face_rgb.mp4,frame,check_face_detected,SKIP,frame=614 No faces detected; expected gap (peak of right turn),614
103,face_rgb,103_face_rgb.mp4,frame,check_face_detected,SKIP,frame=617 No faces detected; expected gap (peak of right turn),617
103,face_rgb,103_face_rgb.mp4,frame,check_face_detected,SKIP,frame=619 No faces detected; expected gap (peak of right turn),619
103,face_rgb,103_face_rgb.mp4,frame,check_face_detected,SKIP,frame=622 No faces detected; expected gap (peak of right turn),622
103,face_rgb,103_face_rgb.mp4,frame,check_face_detected,SKIP,frame=624 No faces detected; expected gap (peak of right turn),624
103,face_rgb,103_face_rgb.mp4,frame,check_face_detected,SKIP,frame=626 No faces detected; expected gap (peak of right turn),626
103,face_rgb,103_face_rgb.mp4,frame,check_face_detected,SKIP,frame=629 No faces detected; expected gap (peak of right turn),629
103,face_rgb,103_face_rgb.mp4,frame,check_face_detected,SKIP,frame=631 No faces detected; expected gap (peak of right turn),631
103,face_rgb,103_face_rgb.mp4,frame,check_face_detected,SKIP,frame=634 No faces detected; expected gap (peak of right turn),634
103,face_rgb,103_face_rgb.mp4,frame,check_face_detected,SKIP,frame=636 No faces detected; expected gap (peak of right turn),636
103,face_rgb,103_face_rgb.mp4,frame,check_face_detected,SKIP,frame=638 No faces detected; expected gap (peak of right turn),638
103,face_rgb,103_face_rgb.mp4,frame,check_face_detected,SKIP,frame=641 No faces detected; expected gap (peak of right turn),641
103,face_rgb,103_face_rgb.mp4,frame,check_face_detected,SKIP,frame=643 No faces detected; expected gap (peak of right turn),643
103,face_rgb,103_face_rgb.mp4,frame,check_face_detected,SKIP,frame=645 No faces detected; expected gap (peak of right turn),645
103,face_rgb,103_face_rgb.mp4,frame,check_face_detected,SKIP,frame=648 No faces detected; expected gap (peak of right turn),648
103,face_rgb,103_face_rgb.mp4,frame,check_face_detected,SKIP,frame=650 No faces detected; expected gap (peak of right turn),650
103,face_rgb,103_face_rgb.mp4,frame,check_face_detected,SKIP,frame=653 No faces detected; expected gap (peak of right turn),653
103,face_rgb,103_face_rgb.mp4,frame,check_face_detected,SKIP,frame=655 No faces detected; expected gap (peak of right turn),655
103,face_rgb,103_face_rgb.mp4,frame,check_face_detected,SKIP,frame=657 No faces detected; expected gap (peak of right turn),657
103,face_rgb,103_face_rgb.mp4,frame,check_face_detected,SKIP,frame=660 No faces detected; expected gap (peak of right turn),660
103,face_rgb,103_face_rgb.mp4,frame,check_face_detected,SKIP,frame=662 No faces detected; expected gap (peak of right turn),662
103,face_rgb,103_face_rgb.mp4,frame,check_face_detected,SKIP,frame=665 No faces detected; expected gap (peak of right turn),665
103,face_rgb,103_face_rgb.mp4,frame,check_face_detected,SKIP,frame=667 No faces detected; expected gap (peak of right turn),667
103,face_rgb,103_face_rgb.mp4,frame,check_face_detected,SKIP,frame=669 No faces detected; expected gap (peak of right turn),669
103,face_rgb,103_face_rgb.mp4,frame,check_face_detected,SKIP,frame=672 No faces detected; expected gap (peak of right turn),672
103,face_rgb,103_face_rgb.mp4,frame,check_face_detected,SKIP,frame=674 No faces detected; expected gap (peak of right turn),674
103,face_rgb,103_face_rgb.mp4,frame,check_face_detected,SKIP,frame=677 No faces detected; expected gap (peak of right turn),677
103,face_rgb,103_face_rgb.mp4,frame,check_face_detected,SKIP,frame=679 No faces detected; expected gap (peak of right turn),679
103,face_rgb,103_face_rgb.mp4,frame,check_face_detected,SKIP,frame=681 No faces detected; expected gap (peak of right turn),681
103,face_rgb,103_face_rgb.mp4,frame,check_face_detected,SKIP,frame=684 No faces detected; expected gap (peak of right turn),684
103,face_rgb,103_face_rgb.mp4,frame,check_face_detected,SKIP,frame=686 No faces detected; expected gap (peak of right turn),686
103,face_rgb,103_face_rgb.mp4,frame,check_face_detected,SKIP,frame=689 No faces detected; expected gap (peak of right turn),689
103,face_rgb,103_face_rgb.mp4,frame,check_face_detected,SKIP,frame=691 No faces detected; expected gap (peak of right turn),691
103,face_rgb,103_face_rgb.mp4,frame,check_face_detected,SKIP,frame=693 No faces detected; expected gap (peak of right turn),693
103,face_rgb,103_face_rgb.mp4,frame,check_face_detected,SKIP,frame=696 No faces detected; expected gap (peak of right turn),696
103,face_rgb,103_face_rgb.mp4,frame,check_face_detected,SKIP,frame=698 No faces detected; expected gap (peak of right turn),698
103,face_rgb,103_face_rgb.mp4,frame,check_face_detected,SKIP,frame=700 No faces detected; expected gap (peak of right turn),700
103,face_rgb,103_face_rgb.mp4,frame,check_face_detected,SKIP,frame=703 No faces detected; expected gap (peak of right turn),703
103,face_rgb,103_face_rgb.mp4,frame,check_face_detected,SKIP,frame=705 No faces detected; expected gap (peak of right turn),705
103,face_rgb,103_face_rgb.mp4,frame,check_face_detected,SKIP,frame=708 No faces detected; expected gap (peak of right turn),708
103,face_rgb,103_face_rgb.mp4,frame,check_face_detected,SKIP,frame=710 No faces detected; expected gap (peak of right turn),710
103,face_rgb,103_face_rgb.mp4,frame,check_face_detected,SKIP,frame=712 No faces detected; expected gap (peak of right turn),712
103,face_rgb,103_face_rgb.mp4,frame,check_face_detected,PASS,frame=715 face ok,715
103,face_rgb,103_face_rgb.mp4,frame,check_head_fully,PASS,frame=715 Head is fully visible,715
103,face_rgb,103_face_rgb.mp4,frame,check_face_size,SKIP,frame=715 non-frontal (label=right); not judged,715
103,face_rgb,103_face_rgb.mp4,frame,check_eyes_open,SKIP,frame=715 non-frontal (label=right); not judged,715
103,face_rgb,103_face_rgb.mp4,frame,check_face_blur,SKIP,frame=715 non-frontal (label=right); not judged,715
103,face_rgb,103_face_rgb.mp4,frame,check_brightness,SKIP,frame=715 non-frontal (label=right); not judged,715
103,face_rgb,103_face_rgb.mp4,frame,check_face_detected,PASS,frame=717 face ok,717
103,face_rgb,103_face_rgb.mp4,frame,check_head_fully,PASS,frame=717 Head is fully visible,717
103,face_rgb,103_face_rgb.mp4,frame,check_face_size,SKIP,frame=717 non-frontal (label=right); not judged,717
103,face_rgb,103_face_rgb.mp4,frame,check_eyes_open,SKIP,frame=717 non-frontal (label=right); not judged,717
103,face_rgb,103_face_rgb.mp4,frame,check_face_blur,SKIP,frame=717 non-frontal (label=right); not judged,717
103,face_rgb,103_face_rgb.mp4,frame,check_brightness,SKIP,frame=717 non-frontal (label=right); not judged,717
103,face_rgb,103_face_rgb.mp4,frame,check_face_detected,PASS,frame=720 face ok,720
103,face_rgb,103_face_rgb.mp4,frame,check_head_fully,PASS,frame=720 Head is fully visible,720
103,face_rgb,103_face_rgb.mp4,frame,check_face_size,SKIP,frame=720 non-frontal (label=right); not judged,720
103,face_rgb,103_face_rgb.mp4,frame,check_eyes_open,SKIP,frame=720 non-frontal (label=right); not judged,720
103,face_rgb,103_face_rgb.mp4,frame,check_face_blur,SKIP,frame=720 non-frontal (label=right); not judged,720
103,face_rgb,103_face_rgb.mp4,frame,check_brightness,SKIP,frame=720 non-frontal (label=right); not judged,720
103,face_rgb,103_face_rgb.mp4,frame,check_face_detected,PASS,frame=722 face ok,722
103,face_rgb,103_face_rgb.mp4,frame,check_head_fully,PASS,frame=722 Head is fully visible,722
103,face_rgb,103_face_rgb.mp4,frame,check_face_size,SKIP,frame=722 non-frontal (label=right); not judged,722
103,face_rgb,103_face_rgb.mp4,frame,check_eyes_open,SKIP,frame=722 non-frontal (label=right); not judged,722
103,face_rgb,103_face_rgb.mp4,frame,check_face_blur,SKIP,frame=722 non-frontal (label=right); not judged,722
103,face_rgb,103_face_rgb.mp4,frame,check_brightness,SKIP,frame=722 non-frontal (label=right); not judged,722
103,face_rgb,103_face_rgb.mp4,frame,check_face_detected,PASS,frame=724 face ok,724
103,face_rgb,103_face_rgb.mp4,frame,check_head_fully,PASS,frame=724 Head is fully visible,724
103,face_rgb,103_face_rgb.mp4,frame,check_face_size,SKIP,frame=724 non-frontal (label=right); not judged,724
103,face_rgb,103_face_rgb.mp4,frame,check_eyes_open,SKIP,frame=724 non-frontal (label=right); not judged,724
103,face_rgb,103_face_rgb.mp4,frame,check_face_blur,SKIP,frame=724 non-frontal (label=right); not judged,724
103,face_rgb,103_face_rgb.mp4,frame,check_brightness,SKIP,frame=724 non-frontal (label=right); not judged,724
103,face_rgb,103_face_rgb.mp4,frame,check_face_detected,PASS,frame=727 face ok,727
103,face_rgb,103_face_rgb.mp4,frame,check_head_fully,PASS,frame=727 Head is fully visible,727
103,face_rgb,103_face_rgb.mp4,frame,check_face_size,SKIP,frame=727 non-frontal (label=mid); not judged,727
103,face_rgb,103_face_rgb.mp4,frame,check_eyes_open,SKIP,frame=727 non-frontal (label=mid); not judged,727
103,face_rgb,103_face_rgb.mp4,frame,check_face_blur,SKIP,frame=727 non-frontal (label=mid); not judged,727
103,face_rgb,103_face_rgb.mp4,frame,check_brightness,SKIP,frame=727 non-frontal (label=mid); not judged,727
103,face_rgb,103_face_rgb.mp4,frame,check_face_detected,PASS,frame=729 face ok,729
103,face_rgb,103_face_rgb.mp4,frame,check_head_fully,PASS,frame=729 Head is fully visible,729
103,face_rgb,103_face_rgb.mp4,frame,check_face_size,SKIP,frame=729 non-frontal (label=mid); not judged,729
103,face_rgb,103_face_rgb.mp4,frame,check_eyes_open,SKIP,frame=729 non-frontal (label=mid); not judged,729
103,face_rgb,103_face_rgb.mp4,frame,check_face_blur,SKIP,frame=729 non-frontal (label=mid); not judged,729
103,face_rgb,103_face_rgb.mp4,frame,check_brightness,SKIP,frame=729 non-frontal (label=mid); not judged,729
103,face_rgb,103_face_rgb.mp4,frame,check_face_detected,PASS,frame=732 face ok,732
103,face_rgb,103_face_rgb.mp4,frame,check_head_fully,PASS,frame=732 Head is fully visible,732
103,face_rgb,103_face_rgb.mp4,frame,check_face_size,PASS,frame=732 face=544x676 >= 180x180,732
103,face_rgb,103_face_rgb.mp4,frame,check_eyes_open,PASS,"frame=732 eyes open (L=0.39, R=0.37 > 0.25)",732
103,face_rgb,103_face_rgb.mp4,frame,check_face_blur,PASS,frame=732 blur variance=303.7 >= 90,732
103,face_rgb,103_face_rgb.mp4,frame,check_brightness,PASS,frame=732 brightness=156 status=normal,732
103,face_rgb,103_face_rgb.mp4,frame,check_face_detected,PASS,frame=734 face ok,734
103,face_rgb,103_face_rgb.mp4,frame,check_head_fully,PASS,frame=734 Head is fully visible,734
103,face_rgb,103_face_rgb.mp4,frame,check_face_size,PASS,frame=734 face=548x669 >= 180x180,734
103,face_rgb,103_face_rgb.mp4,frame,check_eyes_open,PASS,"frame=734 eyes open (L=0.38, R=0.37 > 0.25)",734
103,face_rgb,103_face_rgb.mp4,frame,check_face_blur,PASS,frame=734 blur variance=286.8 >= 90,734
103,face_rgb,103_face_rgb.mp4,frame,check_brightness,PASS,frame=734 brightness=156 status=normal,734
103,face_rgb,103_face_rgb.mp4,frame,check_face_detected,PASS,frame=736 face ok,736
103,face_rgb,103_face_rgb.mp4,frame,check_head_fully,PASS,frame=736 Head is fully visible,736
103,face_rgb,103_face_rgb.mp4,frame,check_face_size,PASS,frame=736 face=548x666 >= 180x180,736
103,face_rgb,103_face_rgb.mp4,frame,check_eyes_open,PASS,"frame=736 eyes open (L=0.38, R=0.37 > 0.25)",736
103,face_rgb,103_face_rgb.mp4,frame,check_face_blur,PASS,frame=736 blur variance=275.8 >= 90,736
103,face_rgb,103_face_rgb.mp4,frame,check_brightness,PASS,frame=736 brightness=155 status=normal,736
103,face_rgb,103_face_rgb.mp4,frame,check_face_detected,PASS,frame=739 face ok,739
103,face_rgb,103_face_rgb.mp4,frame,check_head_fully,PASS,frame=739 Head is fully visible,739
103,face_rgb,103_face_rgb.mp4,frame,check_face_size,PASS,frame=739 face=545x674 >= 180x180,739
103,face_rgb,103_face_rgb.mp4,frame,check_eyes_open,PASS,"frame=739 eyes open (L=0.37, R=0.39 > 0.25)",739
103,face_rgb,103_face_rgb.mp4,frame,check_face_blur,PASS,frame=739 blur variance=275.8 >= 90,739
103,face_rgb,103_face_rgb.mp4,frame,check_brightness,PASS,frame=739 brightness=155 status=normal,739
103,face_rgb,103_face_rgb.mp4,frame,check_face_detected,PASS,frame=741 face ok,741
103,face_rgb,103_face_rgb.mp4,frame,check_head_fully,PASS,frame=741 Head is fully visible,741
103,face_rgb,103_face_rgb.mp4,frame,check_face_size,PASS,frame=741 face=542x673 >= 180x180,741
103,face_rgb,103_face_rgb.mp4,frame,check_eyes_open,PASS,"frame=741 eyes open (L=0.38, R=0.39 > 0.25)",741
103,face_rgb,103_face_rgb.mp4,frame,check_face_blur,PASS,frame=741 blur variance=279.5 >= 90,741
103,face_rgb,103_face_rgb.mp4,frame,check_brightness,PASS,frame=741 brightness=154 status=normal,741
103,face_rgb,103_face_rgb.mp4,frame,check_face_detected,PASS,frame=743 face ok,743
103,face_rgb,103_face_rgb.mp4,frame,check_head_fully,PASS,frame=743 Head is fully visible,743
103,face_rgb,103_face_rgb.mp4,frame,check_face_size,PASS,frame=743 face=541x676 >= 180x180,743
103,face_rgb,103_face_rgb.mp4,frame,check_eyes_open,PASS,"frame=743 eyes open (L=0.38, R=0.38 > 0.25)",743
103,face_rgb,103_face_rgb.mp4,frame,check_face_blur,PASS,frame=743 blur variance=269.4 >= 90,743
103,face_rgb,103_face_rgb.mp4,frame,check_brightness,PASS,frame=743 brightness=154 status=normal,743
103,face_rgb,103_face_rgb.mp4,frame,check_face_detected,PASS,frame=746 face ok,746
103,face_rgb,103_face_rgb.mp4,frame,check_head_fully,PASS,frame=746 Head is fully visible,746
103,face_rgb,103_face_rgb.mp4,frame,check_face_size,PASS,frame=746 face=536x674 >= 180x180,746
103,face_rgb,103_face_rgb.mp4,frame,check_eyes_open,PASS,"frame=746 eyes open (L=0.38, R=0.38 > 0.25)",746
103,face_rgb,103_face_rgb.mp4,frame,check_face_blur,PASS,frame=746 blur variance=303.6 >= 90,746
103,face_rgb,103_face_rgb.mp4,frame,check_brightness,PASS,frame=746 brightness=153 status=normal,746
103,face_rgb,103_face_rgb.mp4,frame,check_face_detected,PASS,frame=748 face ok,748
103,face_rgb,103_face_rgb.mp4,frame,check_head_fully,PASS,frame=748 Head is fully visible,748
103,face_rgb,103_face_rgb.mp4,frame,check_face_size,PASS,frame=748 face=537x674 >= 180x180,748
103,face_rgb,103_face_rgb.mp4,frame,check_eyes_open,PASS,"frame=748 eyes open (L=0.38, R=0.38 > 0.25)",748
103,face_rgb,103_face_rgb.mp4,frame,check_face_blur,PASS,frame=748 blur variance=251.0 >= 90,748
103,face_rgb,103_face_rgb.mp4,frame,check_brightness,PASS,frame=748 brightness=154 status=normal,748
103,face_rgb,103_face_rgb.mp4,frame,check_face_detected,PASS,frame=751 face ok,751
103,face_rgb,103_face_rgb.mp4,frame,check_head_fully,PASS,frame=751 Head is fully visible,751
103,face_rgb,103_face_rgb.mp4,frame,check_face_size,PASS,frame=751 face=540x674 >= 180x180,751
103,face_rgb,103_face_rgb.mp4,frame,check_eyes_open,PASS,"frame=751 eyes open (L=0.38, R=0.39 > 0.25)",751
103,face_rgb,103_face_rgb.mp4,frame,check_face_blur,PASS,frame=751 blur variance=274.9 >= 90,751
103,face_rgb,103_face_rgb.mp4,frame,check_brightness,PASS,frame=751 brightness=154 status=normal,751
103,face_rgb,103_face_rgb.mp4,frame,check_face_detected,PASS,frame=753 face ok,753
103,face_rgb,103_face_rgb.mp4,frame,check_head_fully,PASS,frame=753 Head is fully visible,753
103,face_rgb,103_face_rgb.mp4,frame,check_face_size,PASS,frame=753 face=542x676 >= 180x180,753
103,face_rgb,103_face_rgb.mp4,frame,check_eyes_open,PASS,"frame=753 eyes open (L=0.38, R=0.39 > 0.25)",753
103,face_rgb,103_face_rgb.mp4,frame,check_face_blur,PASS,frame=753 blur variance=245.9 >= 90,753
103,face_rgb,103_face_rgb.mp4,frame,check_brightness,PASS,frame=753 brightness=153 status=normal,753
103,face_rgb,103_face_rgb.mp4,frame,check_face_detected,PASS,frame=755 face ok,755
103,face_rgb,103_face_rgb.mp4,frame,check_head_fully,PASS,frame=755 Head is fully visible,755
103,face_rgb,103_face_rgb.mp4,frame,check_face_size,PASS,frame=755 face=542x675 >= 180x180,755
103,face_rgb,103_face_rgb.mp4,frame,check_eyes_open,PASS,"frame=755 eyes open (L=0.38, R=0.39 > 0.25)",755
103,face_rgb,103_face_rgb.mp4,frame,check_face_blur,PASS,frame=755 blur variance=254.8 >= 90,755
103,face_rgb,103_face_rgb.mp4,frame,check_brightness,PASS,frame=755 brightness=153 status=normal,755
103,face_rgb,103_face_rgb.mp4,frame,check_face_detected,PASS,frame=758 face ok,758
103,face_rgb,103_face_rgb.mp4,frame,check_head_fully,PASS,frame=758 Head is fully visible,758
103,face_rgb,103_face_rgb.mp4,frame,check_face_size,PASS,frame=758 face=546x679 >= 180x180,758
103,face_rgb,103_face_rgb.mp4,frame,check_eyes_open,PASS,"frame=758 eyes open (L=0.38, R=0.39 > 0.25)",758
103,face_rgb,103_face_rgb.mp4,frame,check_face_blur,PASS,frame=758 blur variance=302.3 >= 90,758
103,face_rgb,103_face_rgb.mp4,frame,check_brightness,PASS,frame=758 brightness=152 status=normal,758
103,face_rgb,103_face_rgb.mp4,frame,check_face_detected,PASS,frame=760 face ok,760
103,face_rgb,103_face_rgb.mp4,frame,check_head_fully,PASS,frame=760 Head is fully visible,760
103,face_rgb,103_face_rgb.mp4,frame,check_face_size,PASS,frame=760 face=546x678 >= 180x180,760
103,face_rgb,103_face_rgb.mp4,frame,check_eyes_open,PASS,"frame=760 eyes open (L=0.38, R=0.39 > 0.25)",760
103,face_rgb,103_face_rgb.mp4,frame,check_face_blur,PASS,frame=760 blur variance=289.4 >= 90,760
103,face_rgb,103_face_rgb.mp4,frame,check_brightness,PASS,frame=760 brightness=152 status=normal,760
103,face_rgb,103_face_rgb.mp4,frame,check_face_detected,PASS,frame=763 face ok,763
103,face_rgb,103_face_rgb.mp4,frame,check_head_fully,PASS,frame=763 Head is fully visible,763
103,face_rgb,103_face_rgb.mp4,frame,check_face_size,PASS,frame=763 face=544x676 >= 180x180,763
103,face_rgb,103_face_rgb.mp4,frame,check_eyes_open,PASS,"frame=763 eyes open (L=0.39, R=0.38 > 0.25)",763
103,face_rgb,103_face_rgb.mp4,frame,check_face_blur,PASS,frame=763 blur variance=278.3 >= 90,763
103,face_rgb,103_face_rgb.mp4,frame,check_brightness,PASS,frame=763 brightness=152 status=normal,763
103,face_rgb,103_face_rgb.mp4,frame,check_face_detected,PASS,frame=765 face ok,765
103,face_rgb,103_face_rgb.mp4,frame,check_head_fully,PASS,frame=765 Head is fully visible,765
103,face_rgb,103_face_rgb.mp4,frame,check_face_size,PASS,frame=765 face=542x678 >= 180x180,765
103,face_rgb,103_face_rgb.mp4,frame,check_eyes_open,PASS,"frame=765 eyes open (L=0.38, R=0.38 > 0.25)",765
103,face_rgb,103_face_rgb.mp4,frame,check_face_blur,PASS,frame=765 blur variance=273.8 >= 90,765
103,face_rgb,103_face_rgb.mp4,frame,check_brightness,PASS,frame=765 brightness=152 status=normal,765
103,face_rgb,103_face_rgb.mp4,frame,check_face_detected,PASS,frame=767 face ok,767
103,face_rgb,103_face_rgb.mp4,frame,check_head_fully,PASS,frame=767 Head is fully visible,767
103,face_rgb,103_face_rgb.mp4,frame,check_face_size,PASS,frame=767 face=540x675 >= 180x180,767
103,face_rgb,103_face_rgb.mp4,frame,check_eyes_open,PASS,"frame=767 eyes open (L=0.36, R=0.37 > 0.25)",767
103,face_rgb,103_face_rgb.mp4,frame,check_face_blur,PASS,frame=767 blur variance=277.1 >= 90,767
103,face_rgb,103_face_rgb.mp4,frame,check_brightness,PASS,frame=767 brightness=152 status=normal,767
103,face_rgb,103_face_rgb.mp4,frame,check_face_detected,PASS,frame=770 face ok,770
103,face_rgb,103_face_rgb.mp4,frame,check_head_fully,PASS,frame=770 Head is fully visible,770
103,face_rgb,103_face_rgb.mp4,frame,check_face_size,PASS,frame=770 face=534x674 >= 180x180,770
103,face_rgb,103_face_rgb.mp4,frame,check_eyes_open,PASS,"frame=770 eyes open (L=0.37, R=0.37 > 0.25)",770
103,face_rgb,103_face_rgb.mp4,frame,check_face_blur,PASS,frame=770 blur variance=252.2 >= 90,770
103,face_rgb,103_face_rgb.mp4,frame,check_brightness,PASS,frame=770 brightness=152 status=normal,770
103,face_rgb,103_face_rgb.mp4,frame,check_face_detected,PASS,frame=772 face ok,772
103,face_rgb,103_face_rgb.mp4,frame,check_head_fully,PASS,frame=772 Head is fully visible,772
103,face_rgb,103_face_rgb.mp4,frame,check_face_size,PASS,frame=772 face=540x673 >= 180x180,772
103,face_rgb,103_face_rgb.mp4,frame,check_eyes_open,PASS,"frame=772 eyes open (L=0.37, R=0.38 > 0.25)",772
103,face_rgb,103_face_rgb.mp4,frame,check_face_blur,PASS,frame=772 blur variance=261.8 >= 90,772
103,face_rgb,103_face_rgb.mp4,frame,check_brightness,PASS,frame=772 brightness=152 status=normal,772
103,face_rgb,103_face_rgb.mp4,frame,check_face_detected,PASS,frame=775 face ok,775
103,face_rgb,103_face_rgb.mp4,frame,check_head_fully,PASS,frame=775 Head is fully visible,775
103,face_rgb,103_face_rgb.mp4,frame,check_face_size,PASS,frame=775 face=536x675 >= 180x180,775
103,face_rgb,103_face_rgb.mp4,frame,check_eyes_open,PASS,"frame=775 eyes open (L=0.38, R=0.38 > 0.25)",775
103,face_rgb,103_face_rgb.mp4,frame,check_face_blur,PASS,frame=775 blur variance=258.0 >= 90,775
103,face_rgb,103_face_rgb.mp4,frame,check_brightness,PASS,frame=775 brightness=152 status=normal,775
103,face_rgb,103_face_rgb.mp4,frame,check_face_detected,PASS,frame=777 face ok,777
103,face_rgb,103_face_rgb.mp4,frame,check_head_fully,PASS,frame=777 Head is fully visible,777
103,face_rgb,103_face_rgb.mp4,frame,check_face_size,PASS,frame=777 face=537x673 >= 180x180,777
103,face_rgb,103_face_rgb.mp4,frame,check_eyes_open,PASS,"frame=777 eyes open (L=0.38, R=0.37 > 0.25)",777
103,face_rgb,103_face_rgb.mp4,frame,check_face_blur,PASS,frame=777 blur variance=240.8 >= 90,777
103,face_rgb,103_face_rgb.mp4,frame,check_brightness,PASS,frame=777 brightness=152 status=normal,777
103,face_rgb,103_face_rgb.mp4,frame,check_face_detected,PASS,frame=779 face ok,779
103,face_rgb,103_face_rgb.mp4,frame,check_head_fully,PASS,frame=779 Head is fully visible,779
103,face_rgb,103_face_rgb.mp4,frame,check_face_size,PASS,frame=779 face=541x674 >= 180x180,779
103,face_rgb,103_face_rgb.mp4,frame,check_eyes_open,PASS,"frame=779 eyes open (L=0.38, R=0.38 > 0.25)",779
103,face_rgb,103_face_rgb.mp4,frame,check_face_blur,PASS,frame=779 blur variance=256.3 >= 90,779
103,face_rgb,103_face_rgb.mp4,frame,check_brightness,PASS,frame=779 brightness=152 status=normal,779
103,face_rgb,103_face_rgb.mp4,frame,check_face_detected,PASS,frame=782 face ok,782
103,face_rgb,103_face_rgb.mp4,frame,check_head_fully,PASS,frame=782 Head is fully visible,782
103,face_rgb,103_face_rgb.mp4,frame,check_face_size,PASS,frame=782 face=540x674 >= 180x180,782
103,face_rgb,103_face_rgb.mp4,frame,check_eyes_open,PASS,"frame=782 eyes open (L=0.38, R=0.37 > 0.25)",782
103,face_rgb,103_face_rgb.mp4,frame,check_face_blur,PASS,frame=782 blur variance=244.4 >= 90,782
103,face_rgb,103_face_rgb.mp4,frame,check_brightness,PASS,frame=782 brightness=152 status=normal,782
103,face_rgb,103_face_rgb.mp4,frame,check_face_detected,PASS,frame=784 face ok,784
103,face_rgb,103_face_rgb.mp4,frame,check_head_fully,PASS,frame=784 Head is fully visible,784
103,face_rgb,103_face_rgb.mp4,frame,check_face_size,PASS,frame=784 face=543x678 >= 180x180,784
103,face_rgb,103_face_rgb.mp4,frame,check_eyes_open,PASS,"frame=784 eyes open (L=0.38, R=0.37 > 0.25)",784
103,face_rgb,103_face_rgb.mp4,frame,check_face_blur,PASS,frame=784 blur variance=245.0 >= 90,784
103,face_rgb,103_face_rgb.mp4,frame,check_brightness,PASS,frame=784 brightness=152 status=normal,784
103,face_rgb,103_face_rgb.mp4,frame,check_face_detected,PASS,frame=787 face ok,787
103,face_rgb,103_face_rgb.mp4,frame,check_head_fully,PASS,frame=787 Head is fully visible,787
103,face_rgb,103_face_rgb.mp4,frame,check_face_size,PASS,frame=787 face=542x677 >= 180x180,787
103,face_rgb,103_face_rgb.mp4,frame,check_eyes_open,PASS,"frame=787 eyes open (L=0.37, R=0.39 > 0.25)",787
103,face_rgb,103_face_rgb.mp4,frame,check_face_blur,PASS,frame=787 blur variance=263.9 >= 90,787
103,face_rgb,103_face_rgb.mp4,frame,check_brightness,PASS,frame=787 brightness=152 status=normal,787
103,face_rgb,103_face_rgb.mp4,frame,check_face_detected,PASS,frame=789 face ok,789
103,face_rgb,103_face_rgb.mp4,frame,check_head_fully,PASS,frame=789 Head is fully visible,789
103,face_rgb,103_face_rgb.mp4,frame,check_face_size,PASS,frame=789 face=542x677 >= 180x180,789
103,face_rgb,103_face_rgb.mp4,frame,check_eyes_open,PASS,"frame=789 eyes open (L=0.39, R=0.38 > 0.25)",789
103,face_rgb,103_face_rgb.mp4,frame,check_face_blur,PASS,frame=789 blur variance=278.9 >= 90,789
103,face_rgb,103_face_rgb.mp4,frame,check_brightness,PASS,frame=789 brightness=152 status=normal,789
103,face_rgb,103_face_rgb.mp4,frame,check_face_detected,PASS,frame=791 face ok,791
103,face_rgb,103_face_rgb.mp4,frame,check_head_fully,PASS,frame=791 Head is fully visible,791
103,face_rgb,103_face_rgb.mp4,frame,check_face_size,PASS,frame=791 face=540x678 >= 180x180,791
103,face_rgb,103_face_rgb.mp4,frame,check_eyes_open,PASS,"frame=791 eyes open (L=0.38, R=0.39 > 0.25)",791
103,face_rgb,103_face_rgb.mp4,frame,check_face_blur,PASS,frame=791 blur variance=259.7 >= 90,791
103,face_rgb,103_face_rgb.mp4,frame,check_brightness,PASS,frame=791 brightness=152 status=normal,791
103,face_rgb,103_face_rgb.mp4,frame,check_face_detected,PASS,frame=794 face ok,794
103,face_rgb,103_face_rgb.mp4,frame,check_head_fully,PASS,frame=794 Head is fully visible,794
103,face_rgb,103_face_rgb.mp4,frame,check_face_size,PASS,frame=794 face=540x684 >= 180x180,794
103,face_rgb,103_face_rgb.mp4,frame,check_eyes_open,PASS,"frame=794 eyes open (L=0.37, R=0.39 > 0.25)",794
103,face_rgb,103_face_rgb.mp4,frame,check_face_blur,PASS,frame=794 blur variance=317.6 >= 90,794
103,face_rgb,103_face_rgb.mp4,frame,check_brightness,PASS,frame=794 brightness=151 status=normal,794
103,face_rgb,103_face_rgb.mp4,frame,check_face_detected,PASS,frame=796 face ok,796
103,face_rgb,103_face_rgb.mp4,frame,check_head_fully,PASS,frame=796 Head is fully visible,796
103,face_rgb,103_face_rgb.mp4,frame,check_face_size,PASS,frame=796 face=536x681 >= 180x180,796
103,face_rgb,103_face_rgb.mp4,frame,check_eyes_open,PASS,"frame=796 eyes open (L=0.38, R=0.38 > 0.25)",796
103,face_rgb,103_face_rgb.mp4,frame,check_face_blur,PASS,frame=796 blur variance=299.0 >= 90,796
103,face_rgb,103_face_rgb.mp4,frame,check_brightness,PASS,frame=796 brightness=151 status=normal,796
103,face_rgb,103_face_rgb.mp4,frame,check_face_detected,PASS,frame=798 face ok,798
103,face_rgb,103_face_rgb.mp4,frame,check_head_fully,PASS,frame=798 Head is fully visible,798
103,face_rgb,103_face_rgb.mp4,frame,check_face_size,PASS,frame=798 face=542x679 >= 180x180,798
103,face_rgb,103_face_rgb.mp4,frame,check_eyes_open,PASS,"frame=798 eyes open (L=0.38, R=0.39 > 0.25)",798
103,face_rgb,103_face_rgb.mp4,frame,check_face_blur,PASS,frame=798 blur variance=301.2 >= 90,798
103,face_rgb,103_face_rgb.mp4,frame,check_brightness,PASS,frame=798 brightness=151 status=normal,798
103,face_rgb,103_face_rgb.mp4,frame,check_face_detected,PASS,frame=801 face ok,801
103,face_rgb,103_face_rgb.mp4,frame,check_head_fully,PASS,frame=801 Head is fully visible,801
103,face_rgb,103_face_rgb.mp4,frame,check_face_size,PASS,frame=801 face=543x679 >= 180x180,801
103,face_rgb,103_face_rgb.mp4,frame,check_eyes_open,PASS,"frame=801 eyes open (L=0.39, R=0.38 > 0.25)",801
103,face_rgb,103_face_rgb.mp4,frame,check_face_blur,PASS,frame=801 blur variance=297.3 >= 90,801
103,face_rgb,103_face_rgb.mp4,frame,check_brightness,PASS,frame=801 brightness=151 status=normal,801
103,face_rgb,103_face_rgb.mp4,frame,check_face_detected,PASS,frame=803 face ok,803
103,face_rgb,103_face_rgb.mp4,frame,check_head_fully,PASS,frame=803 Head is fully visible,803
103,face_rgb,103_face_rgb.mp4,frame,check_face_size,PASS,frame=803 face=537x677 >= 180x180,803
103,face_rgb,103_face_rgb.mp4,frame,check_eyes_open,PASS,"frame=803 eyes open (L=0.38, R=0.38 > 0.25)",803
103,face_rgb,103_face_rgb.mp4,frame,check_face_blur,PASS,frame=803 blur variance=292.3 >= 90,803
103,face_rgb,103_face_rgb.mp4,frame,check_brightness,PASS,frame=803 brightness=152 status=normal,803
103,face_rgb,103_face_rgb.mp4,frame,check_face_detected,PASS,frame=806 face ok,806
103,face_rgb,103_face_rgb.mp4,frame,check_head_fully,PASS,frame=806 Head is fully visible,806
103,face_rgb,103_face_rgb.mp4,frame,check_face_size,PASS,frame=806 face=536x676 >= 180x180,806
103,face_rgb,103_face_rgb.mp4,frame,check_eyes_open,PASS,"frame=806 eyes open (L=0.38, R=0.38 > 0.25)",806
103,face_rgb,103_face_rgb.mp4,frame,check_face_blur,PASS,frame=806 blur variance=305.0 >= 90,806
103,face_rgb,103_face_rgb.mp4,frame,check_brightness,PASS,frame=806 brightness=152 status=normal,806
103,face_rgb,103_face_rgb.mp4,frame,check_face_detected,PASS,frame=808 face ok,808
103,face_rgb,103_face_rgb.mp4,frame,check_head_fully,PASS,frame=808 Head is fully visible,808
103,face_rgb,103_face_rgb.mp4,frame,check_face_size,PASS,frame=808 face=536x678 >= 180x180,808
103,face_rgb,103_face_rgb.mp4,frame,check_eyes_open,PASS,"frame=808 eyes open (L=0.38, R=0.38 > 0.25)",808
103,face_rgb,103_face_rgb.mp4,frame,check_face_blur,PASS,frame=808 blur variance=316.6 >= 90,808
103,face_rgb,103_face_rgb.mp4,frame,check_brightness,PASS,frame=808 brightness=151 status=normal,808
103,face_rgb,103_face_rgb.mp4,frame,check_face_detected,PASS,frame=810 face ok,810
103,face_rgb,103_face_rgb.mp4,frame,check_head_fully,PASS,frame=810 Head is fully visible,810
103,face_rgb,103_face_rgb.mp4,frame,check_face_size,PASS,frame=810 face=540x677 >= 180x180,810
103,face_rgb,103_face_rgb.mp4,frame,check_eyes_open,PASS,"frame=810 eyes open (L=0.38, R=0.38 > 0.25)",810
103,face_rgb,103_face_rgb.mp4,frame,check_face_blur,PASS,frame=810 blur variance=323.8 >= 90,810
103,face_rgb,103_face_rgb.mp4,frame,check_brightness,PASS,frame=810 brightness=152 status=normal,810
103,face_rgb,103_face_rgb.mp4,frame,check_face_detected,PASS,frame=813 face ok,813
103,face_rgb,103_face_rgb.mp4,frame,check_head_fully,PASS,frame=813 Head is fully visible,813
103,face_rgb,103_face_rgb.mp4,frame,check_face_size,PASS,frame=813 face=542x677 >= 180x180,813
103,face_rgb,103_face_rgb.mp4,frame,check_eyes_open,PASS,"frame=813 eyes open (L=0.38, R=0.40 > 0.25)",813
103,face_rgb,103_face_rgb.mp4,frame,check_face_blur,PASS,frame=813 blur variance=314.5 >= 90,813
103,face_rgb,103_face_rgb.mp4,frame,check_brightness,PASS,frame=813 brightness=151 status=normal,813
103,face_rgb,103_face_rgb.mp4,frame,check_face_detected,PASS,frame=815 face ok,815
103,face_rgb,103_face_rgb.mp4,frame,check_head_fully,PASS,frame=815 Head is fully visible,815
103,face_rgb,103_face_rgb.mp4,frame,check_face_size,PASS,frame=815 face=542x675 >= 180x180,815
103,face_rgb,103_face_rgb.mp4,frame,check_eyes_open,PASS,"frame=815 eyes open (L=0.38, R=0.39 > 0.25)",815
103,face_rgb,103_face_rgb.mp4,frame,check_face_blur,PASS,frame=815 blur variance=321.7 >= 90,815
103,face_rgb,103_face_rgb.mp4,frame,check_brightness,PASS,frame=815 brightness=151 status=normal,815
103,face_rgb,103_face_rgb.mp4,frame,check_face_detected,PASS,frame=818 face ok,818
103,face_rgb,103_face_rgb.mp4,frame,check_head_fully,PASS,frame=818 Head is fully visible,818
103,face_rgb,103_face_rgb.mp4,frame,check_face_size,PASS,frame=818 face=540x675 >= 180x180,818
103,face_rgb,103_face_rgb.mp4,frame,check_eyes_open,PASS,"frame=818 eyes open (L=0.38, R=0.39 > 0.25)",818
103,face_rgb,103_face_rgb.mp4,frame,check_face_blur,PASS,frame=818 blur variance=339.8 >= 90,818
103,face_rgb,103_face_rgb.mp4,frame,check_brightness,PASS,frame=818 brightness=151 status=normal,818
103,face_rgb,103_face_rgb.mp4,frame,check_face_detected,PASS,frame=820 face ok,820
103,face_rgb,103_face_rgb.mp4,frame,check_head_fully,PASS,frame=820 Head is fully visible,820
103,face_rgb,103_face_rgb.mp4,frame,check_face_size,PASS,frame=820 face=537x672 >= 180x180,820
103,face_rgb,103_face_rgb.mp4,frame,check_eyes_open,PASS,"frame=820 eyes open (L=0.38, R=0.39 > 0.25)",820
103,face_rgb,103_face_rgb.mp4,frame,check_face_blur,PASS,frame=820 blur variance=326.1 >= 90,820
103,face_rgb,103_face_rgb.mp4,frame,check_brightness,PASS,frame=820 brightness=151 status=normal,820
103,face_rgb,103_face_rgb.mp4,frame,check_face_detected,PASS,frame=822 face ok,822
103,face_rgb,103_face_rgb.mp4,frame,check_head_fully,PASS,frame=822 Head is fully visible,822
103,face_rgb,103_face_rgb.mp4,frame,check_face_size,PASS,frame=822 face=537x674 >= 180x180,822
103,face_rgb,103_face_rgb.mp4,frame,check_eyes_open,PASS,"frame=822 eyes open (L=0.38, R=0.39 > 0.25)",822
103,face_rgb,103_face_rgb.mp4,frame,check_face_blur,PASS,frame=822 blur variance=340.7 >= 90,822
103,face_rgb,103_face_rgb.mp4,frame,check_brightness,PASS,frame=822 brightness=151 status=normal,822
103,face_rgb,103_face_rgb.mp4,frame,check_face_detected,PASS,frame=825 face ok,825
103,face_rgb,103_face_rgb.mp4,frame,check_head_fully,PASS,frame=825 Head is fully visible,825
103,face_rgb,103_face_rgb.mp4,frame,check_face_size,PASS,frame=825 face=542x675 >= 180x180,825
103,face_rgb,103_face_rgb.mp4,frame,check_eyes_open,PASS,"frame=825 eyes open (L=0.38, R=0.39 > 0.25)",825
103,face_rgb,103_face_rgb.mp4,frame,check_face_blur,PASS,frame=825 blur variance=313.3 >= 90,825
103,face_rgb,103_face_rgb.mp4,frame,check_brightness,PASS,frame=825 brightness=151 status=normal,825
103,face_rgb,103_face_rgb.mp4,frame,check_face_detected,PASS,frame=827 face ok,827
103,face_rgb,103_face_rgb.mp4,frame,check_head_fully,PASS,frame=827 Head is fully visible,827
103,face_rgb,103_face_rgb.mp4,frame,check_face_size,PASS,frame=827 face=542x678 >= 180x180,827
103,face_rgb,103_face_rgb.mp4,frame,check_eyes_open,PASS,"frame=827 eyes open (L=0.38, R=0.39 > 0.25)",827
103,face_rgb,103_face_rgb.mp4,frame,check_face_blur,PASS,frame=827 blur variance=321.3 >= 90,827
103,face_rgb,103_face_rgb.mp4,frame,check_brightness,PASS,frame=827 brightness=151 status=normal,827
103,face_rgb,103_face_rgb.mp4,frame,check_face_detected,PASS,frame=830 face ok,830
103,face_rgb,103_face_rgb.mp4,frame,check_head_fully,PASS,frame=830 Head is fully visible,830
103,face_rgb,103_face_rgb.mp4,frame,check_face_size,PASS,frame=830 face=540x684 >= 180x180,830
103,face_rgb,103_face_rgb.mp4,frame,check_eyes_open,PASS,"frame=830 eyes open (L=0.38, R=0.38 > 0.25)",830
103,face_rgb,103_face_rgb.mp4,frame,check_face_blur,PASS,frame=830 blur variance=340.8 >= 90,830
103,face_rgb,103_face_rgb.mp4,frame,check_brightness,PASS,frame=830 brightness=151 status=normal,830
103,face_rgb,103_face_rgb.mp4,frame,check_face_detected,PASS,frame=832 face ok,832
103,face_rgb,103_face_rgb.mp4,frame,check_head_fully,PASS,frame=832 Head is fully visible,832
103,face_rgb,103_face_rgb.mp4,frame,check_face_size,PASS,frame=832 face=543x680 >= 180x180,832
103,face_rgb,103_face_rgb.mp4,frame,check_eyes_open,PASS,"frame=832 eyes open (L=0.38, R=0.38 > 0.25)",832
103,face_rgb,103_face_rgb.mp4,frame,check_face_blur,PASS,frame=832 blur variance=335.8 >= 90,832
103,face_rgb,103_face_rgb.mp4,frame,check_brightness,PASS,frame=832 brightness=151 status=normal,832
103,face_rgb,103_face_rgb.mp4,frame,check_face_detected,PASS,frame=834 face ok,834
103,face_rgb,103_face_rgb.mp4,frame,check_head_fully,PASS,frame=834 Head is fully visible,834
103,face_rgb,103_face_rgb.mp4,frame,check_face_size,PASS,frame=834 face=536x681 >= 180x180,834
103,face_rgb,103_face_rgb.mp4,frame,check_eyes_open,PASS,"frame=834 eyes open (L=0.38, R=0.38 > 0.25)",834
103,face_rgb,103_face_rgb.mp4,frame,check_face_blur,PASS,frame=834 blur variance=312.5 >= 90,834
103,face_rgb,103_face_rgb.mp4,frame,check_brightness,PASS,frame=834 brightness=151 status=normal,834
103,face_rgb,103_face_rgb.mp4,frame,check_face_detected,PASS,frame=837 face ok,837
103,face_rgb,103_face_rgb.mp4,frame,check_head_fully,PASS,frame=837 Head is fully visible,837
103,face_rgb,103_face_rgb.mp4,frame,check_face_size,PASS,frame=837 face=537x684 >= 180x180,837
103,face_rgb,103_face_rgb.mp4,frame,check_eyes_open,PASS,"frame=837 eyes open (L=0.38, R=0.38 > 0.25)",837
103,face_rgb,103_face_rgb.mp4,frame,check_face_blur,PASS,frame=837 blur variance=323.2 >= 90,837
103,face_rgb,103_face_rgb.mp4,frame,check_brightness,PASS,frame=837 brightness=151 status=normal,837
103,face_rgb,103_face_rgb.mp4,frame,check_face_detected,PASS,frame=839 face ok,839
103,face_rgb,103_face_rgb.mp4,frame,check_head_fully,PASS,frame=839 Head is fully visible,839
103,face_rgb,103_face_rgb.mp4,frame,check_face_size,PASS,frame=839 face=542x681 >= 180x180,839
103,face_rgb,103_face_rgb.mp4,frame,check_eyes_open,PASS,"frame=839 eyes open (L=0.38, R=0.39 > 0.25)",839
103,face_rgb,103_face_rgb.mp4,frame,check_face_blur,PASS,frame=839 blur variance=320.9 >= 90,839
103,face_rgb,103_face_rgb.mp4,frame,check_brightness,PASS,frame=839 brightness=151 status=normal,839
103,face_rgb,103_face_rgb.mp4,frame,check_face_detected,PASS,frame=842 face ok,842
103,face_rgb,103_face_rgb.mp4,frame,check_head_fully,PASS,frame=842 Head is fully visible,842
103,face_rgb,103_face_rgb.mp4,frame,check_face_size,PASS,frame=842 face=540x686 >= 180x180,842
103,face_rgb,103_face_rgb.mp4,frame,check_eyes_open,PASS,"frame=842 eyes open (L=0.38, R=0.37 > 0.25)",842
103,face_rgb,103_face_rgb.mp4,frame,check_face_blur,PASS,frame=842 blur variance=325.6 >= 90,842
103,face_rgb,103_face_rgb.mp4,frame,check_brightness,PASS,frame=842 brightness=152 status=normal,842
103,face_rgb,103_face_rgb.mp4,frame,check_face_detected,PASS,frame=844 face ok,844
103,face_rgb,103_face_rgb.mp4,frame,check_head_fully,PASS,frame=844 Head is fully visible,844
103,face_rgb,103_face_rgb.mp4,frame,check_face_size,PASS,frame=844 face=537x666 >= 180x180,844
103,face_rgb,103_face_rgb.mp4,frame,check_eyes_open,PASS,"frame=844 eyes open (L=0.39, R=0.39 > 0.25)",844
103,face_rgb,103_face_rgb.mp4,frame,check_face_blur,PASS,frame=844 blur variance=298.1 >= 90,844
103,face_rgb,103_face_rgb.mp4,frame,check_brightness,PASS,frame=844 brightness=153 status=normal,844
103,face_rgb,103_face_rgb.mp4,frame,check_face_detected,PASS,frame=846 face ok,846
103,face_rgb,103_face_rgb.mp4,frame,check_head_fully,PASS,frame=846 Head is fully visible,846
103,face_rgb,103_face_rgb.mp4,frame,check_face_size,PASS,frame=846 face=535x664 >= 180x180,846
103,face_rgb,103_face_rgb.mp4,frame,check_eyes_open,PASS,"frame=846 eyes open (L=0.39, R=0.39 > 0.25)",846
103,face_rgb,103_face_rgb.mp4,frame,check_face_blur,PASS,frame=846 blur variance=305.6 >= 90,846
103,face_rgb,103_face_rgb.mp4,frame,check_brightness,PASS,frame=846 brightness=152 status=normal,846
103,face_rgb,103_face_rgb.mp4,frame,check_face_detected,PASS,frame=849 face ok,849
103,face_rgb,103_face_rgb.mp4,frame,check_head_fully,PASS,frame=849 Head is fully visible,849
103,face_rgb,103_face_rgb.mp4,frame,check_face_size,PASS,frame=849 face=518x618 >= 180x180,849
103,face_rgb,103_face_rgb.mp4,frame,check_eyes_open,PASS,"frame=849 eyes open (L=0.39, R=0.39 > 0.25)",849
103,face_rgb,103_face_rgb.mp4,frame,check_face_blur,PASS,frame=849 blur variance=289.7 >= 90,849
103,face_rgb,103_face_rgb.mp4,frame,check_brightness,PASS,frame=849 brightness=155 status=normal,849
103,face_rgb,103_face_rgb.mp4,frame,check_face_detected,PASS,frame=851 face ok,851
103,face_rgb,103_face_rgb.mp4,frame,check_head_fully,PASS,frame=851 Head is fully visible,851
103,face_rgb,103_face_rgb.mp4,frame,check_face_size,SKIP,frame=851 non-frontal (label=mid); not judged,851
103,face_rgb,103_face_rgb.mp4,frame,check_eyes_open,SKIP,frame=851 non-frontal (label=mid); not judged,851
103,face_rgb,103_face_rgb.mp4,frame,check_face_blur,SKIP,frame=851 non-frontal (label=mid); not judged,851
103,face_rgb,103_face_rgb.mp4,frame,check_brightness,SKIP,frame=851 non-frontal (label=mid); not judged,851
103,face_rgb,103_face_rgb.mp4,frame,check_face_detected,PASS,frame=853 face ok,853
103,face_rgb,103_face_rgb.mp4,frame,check_head_fully,PASS,frame=853 Head is fully visible,853
103,face_rgb,103_face_rgb.mp4,frame,check_face_size,SKIP,frame=853 non-frontal (label=mid); not judged,853
103,face_rgb,103_face_rgb.mp4,frame,check_eyes_open,SKIP,frame=853 non-frontal (label=mid); not judged,853
103,face_rgb,103_face_rgb.mp4,frame,check_face_blur,SKIP,frame=853 non-frontal (label=mid); not judged,853
103,face_rgb,103_face_rgb.mp4,frame,check_brightness,SKIP,frame=853 non-frontal (label=mid); not judged,853
103,face_rgb,103_face_rgb.mp4,frame,check_face_detected,PASS,frame=856 face ok,856
103,face_rgb,103_face_rgb.mp4,frame,check_head_fully,PASS,frame=856 Head is fully visible,856
103,face_rgb,103_face_rgb.mp4,frame,check_face_size,SKIP,frame=856 non-frontal (label=mid); not judged,856
103,face_rgb,103_face_rgb.mp4,frame,check_eyes_open,SKIP,frame=856 non-frontal (label=mid); not judged,856
103,face_rgb,103_face_rgb.mp4,frame,check_face_blur,SKIP,frame=856 non-frontal (label=mid); not judged,856
103,face_rgb,103_face_rgb.mp4,frame,check_brightness,SKIP,frame=856 non-frontal (label=mid); not judged,856
103,face_rgb,103_face_rgb.mp4,frame,check_face_detected,PASS,frame=858 face ok,858
103,face_rgb,103_face_rgb.mp4,frame,check_head_fully,PASS,frame=858 Head is fully visible,858
103,face_rgb,103_face_rgb.mp4,frame,check_face_size,SKIP,frame=858 non-frontal (label=mid); not judged,858
103,face_rgb,103_face_rgb.mp4,frame,check_eyes_open,SKIP,frame=858 non-frontal (label=mid); not judged,858
103,face_rgb,103_face_rgb.mp4,frame,check_face_blur,SKIP,frame=858 non-frontal (label=mid); not judged,858
103,face_rgb,103_face_rgb.mp4,frame,check_brightness,SKIP,frame=858 non-frontal (label=mid); not judged,858
103,face_rgb,103_face_rgb.mp4,frame,check_face_detected,PASS,frame=861 face ok,861
103,face_rgb,103_face_rgb.mp4,frame,check_head_fully,PASS,frame=861 Head is fully visible,861
103,face_rgb,103_face_rgb.mp4,frame,check_face_size,SKIP,frame=861 non-frontal (label=mid); not judged,861
103,face_rgb,103_face_rgb.mp4,frame,check_eyes_open,SKIP,frame=861 non-frontal (label=mid); not judged,861
103,face_rgb,103_face_rgb.mp4,frame,check_face_blur,SKIP,frame=861 non-frontal (label=mid); not judged,861
103,face_rgb,103_face_rgb.mp4,frame,check_brightness,SKIP,frame=861 non-frontal (label=mid); not judged,861
103,face_rgb,103_face_rgb.mp4,frame,check_face_detected,PASS,frame=863 face ok,863
103,face_rgb,103_face_rgb.mp4,frame,check_head_fully,PASS,frame=863 Head is fully visible,863
103,face_rgb,103_face_rgb.mp4,frame,check_face_size,SKIP,frame=863 non-frontal (label=mid); not judged,863
103,face_rgb,103_face_rgb.mp4,frame,check_eyes_open,SKIP,frame=863 non-frontal (label=mid); not judged,863
103,face_rgb,103_face_rgb.mp4,frame,check_face_blur,SKIP,frame=863 non-frontal (label=mid); not judged,863
103,face_rgb,103_face_rgb.mp4,frame,check_brightness,SKIP,frame=863 non-frontal (label=mid); not judged,863
103,face_rgb,103_face_rgb.mp4,frame,check_face_detected,PASS,frame=865 face ok,865
103,face_rgb,103_face_rgb.mp4,frame,check_head_fully,PASS,frame=865 Head is fully visible,865
103,face_rgb,103_face_rgb.mp4,frame,check_face_size,SKIP,frame=865 non-frontal (label=mid); not judged,865
103,face_rgb,103_face_rgb.mp4,frame,check_eyes_open,SKIP,frame=865 non-frontal (label=mid); not judged,865
103,face_rgb,103_face_rgb.mp4,frame,check_face_blur,SKIP,frame=865 non-frontal (label=mid); not judged,865
103,face_rgb,103_face_rgb.mp4,frame,check_brightness,SKIP,frame=865 non-frontal (label=mid); not judged,865
103,face_rgb,103_face_rgb.mp4,frame,check_face_detected,PASS,frame=868 face ok,868
103,face_rgb,103_face_rgb.mp4,frame,check_head_fully,PASS,frame=868 Head is fully visible,868
103,face_rgb,103_face_rgb.mp4,frame,check_face_size,SKIP,frame=868 non-frontal (label=up); not judged,868
103,face_rgb,103_face_rgb.mp4,frame,check_eyes_open,SKIP,frame=868 non-frontal (label=up); not judged,868
103,face_rgb,103_face_rgb.mp4,frame,check_face_blur,SKIP,frame=868 non-frontal (label=up); not judged,868
103,face_rgb,103_face_rgb.mp4,frame,check_brightness,SKIP,frame=868 non-frontal (label=up); not judged,868
103,face_rgb,103_face_rgb.mp4,frame,check_face_detected,PASS,frame=870 face ok,870
103,face_rgb,103_face_rgb.mp4,frame,check_head_fully,PASS,frame=870 Head is fully visible,870
103,face_rgb,103_face_rgb.mp4,frame,check_face_size,SKIP,frame=870 non-frontal (label=up); not judged,870
103,face_rgb,103_face_rgb.mp4,frame,check_eyes_open,SKIP,frame=870 non-frontal (label=up); not judged,870
103,face_rgb,103_face_rgb.mp4,frame,check_face_blur,SKIP,frame=870 non-frontal (label=up); not judged,870
103,face_rgb,103_face_rgb.mp4,frame,check_brightness,SKIP,frame=870 non-frontal (label=up); not judged,870
103,face_rgb,103_face_rgb.mp4,frame,check_face_detected,PASS,frame=873 face ok,873
103,face_rgb,103_face_rgb.mp4,frame,check_head_fully,PASS,frame=873 Head is fully visible,873
103,face_rgb,103_face_rgb.mp4,frame,check_face_size,SKIP,frame=873 non-frontal (label=up); not judged,873
103,face_rgb,103_face_rgb.mp4,frame,check_eyes_open,SKIP,frame=873 non-frontal (label=up); not judged,873
103,face_rgb,103_face_rgb.mp4,frame,check_face_blur,SKIP,frame=873 non-frontal (label=up); not judged,873
103,face_rgb,103_face_rgb.mp4,frame,check_brightness,SKIP,frame=873 non-frontal (label=up); not judged,873
103,face_rgb,103_face_rgb.mp4,frame,check_face_detected,PASS,frame=875 face ok,875
103,face_rgb,103_face_rgb.mp4,frame,check_head_fully,PASS,frame=875 Head is fully visible,875
103,face_rgb,103_face_rgb.mp4,frame,check_face_size,SKIP,frame=875 non-frontal (label=up); not judged,875
103,face_rgb,103_face_rgb.mp4,frame,check_eyes_open,SKIP,frame=875 non-frontal (label=up); not judged,875
103,face_rgb,103_face_rgb.mp4,frame,check_face_blur,SKIP,frame=875 non-frontal (label=up); not judged,875
103,face_rgb,103_face_rgb.mp4,frame,check_brightness,SKIP,frame=875 non-frontal (label=up); not judged,875
103,face_rgb,103_face_rgb.mp4,frame,check_face_detected,PASS,frame=877 face ok,877
103,face_rgb,103_face_rgb.mp4,frame,check_head_fully,PASS,frame=877 Head is fully visible,877
103,face_rgb,103_face_rgb.mp4,frame,check_face_size,SKIP,frame=877 non-frontal (label=up); not judged,877
103,face_rgb,103_face_rgb.mp4,frame,check_eyes_open,SKIP,frame=877 non-frontal (label=up); not judged,877
103,face_rgb,103_face_rgb.mp4,frame,check_face_blur,SKIP,frame=877 non-frontal (label=up); not judged,877
103,face_rgb,103_face_rgb.mp4,frame,check_brightness,SKIP,frame=877 non-frontal (label=up); not judged,877
103,face_rgb,103_face_rgb.mp4,frame,check_face_detected,PASS,frame=880 face ok,880
103,face_rgb,103_face_rgb.mp4,frame,check_head_fully,PASS,frame=880 Head is fully visible,880
103,face_rgb,103_face_rgb.mp4,frame,check_face_size,SKIP,frame=880 non-frontal (label=up); not judged,880
103,face_rgb,103_face_rgb.mp4,frame,check_eyes_open,SKIP,frame=880 non-frontal (label=up); not judged,880
103,face_rgb,103_face_rgb.mp4,frame,check_face_blur,SKIP,frame=880 non-frontal (label=up); not judged,880
103,face_rgb,103_face_rgb.mp4,frame,check_brightness,SKIP,frame=880 non-frontal (label=up); not judged,880
103,face_rgb,103_face_rgb.mp4,frame,check_face_detected,PASS,frame=882 face ok,882
103,face_rgb,103_face_rgb.mp4,frame,check_head_fully,PASS,frame=882 Head is fully visible,882
103,face_rgb,103_face_rgb.mp4,frame,check_face_size,SKIP,frame=882 non-frontal (label=up); not judged,882
103,face_rgb,103_face_rgb.mp4,frame,check_eyes_open,SKIP,frame=882 non-frontal (label=up); not judged,882
103,face_rgb,103_face_rgb.mp4,frame,check_face_blur,SKIP,frame=882 non-frontal (label=up); not judged,882
103,face_rgb,103_face_rgb.mp4,frame,check_brightness,SKIP,frame=882 non-frontal (label=up); not judged,882
103,face_rgb,103_face_rgb.mp4,frame,check_face_detected,PASS,frame=885 face ok,885
103,face_rgb,103_face_rgb.mp4,frame,check_head_fully,PASS,frame=885 Head is fully visible,885
103,face_rgb,103_face_rgb.mp4,frame,check_face_size,SKIP,frame=885 non-frontal (label=up); not judged,885
103,face_rgb,103_face_rgb.mp4,frame,check_eyes_open,SKIP,frame=885 non-frontal (label=up); not judged,885
103,face_rgb,103_face_rgb.mp4,frame,check_face_blur,SKIP,frame=885 non-frontal (label=up); not judged,885
103,face_rgb,103_face_rgb.mp4,frame,check_brightness,SKIP,frame=885 non-frontal (label=up); not judged,885
103,face_rgb,103_face_rgb.mp4,frame,check_face_detected,PASS,frame=887 face ok,887
103,face_rgb,103_face_rgb.mp4,frame,check_head_fully,PASS,frame=887 Head is fully visible,887
103,face_rgb,103_face_rgb.mp4,frame,check_face_size,SKIP,frame=887 non-frontal (label=up); not judged,887
103,face_rgb,103_face_rgb.mp4,frame,check_eyes_open,SKIP,frame=887 non-frontal (label=up); not judged,887
103,face_rgb,103_face_rgb.mp4,frame,check_face_blur,SKIP,frame=887 non-frontal (label=up); not judged,887
103,face_rgb,103_face_rgb.mp4,frame,check_brightness,SKIP,frame=887 non-frontal (label=up); not judged,887
103,face_rgb,103_face_rgb.mp4,frame,check_face_detected,PASS,frame=889 face ok,889
103,face_rgb,103_face_rgb.mp4,frame,check_head_fully,PASS,frame=889 Head is fully visible,889
103,face_rgb,103_face_rgb.mp4,frame,check_face_size,SKIP,frame=889 non-frontal (label=up); not judged,889
103,face_rgb,103_face_rgb.mp4,frame,check_eyes_open,SKIP,frame=889 non-frontal (label=up); not judged,889
103,face_rgb,103_face_rgb.mp4,frame,check_face_blur,SKIP,frame=889 non-frontal (label=up); not judged,889
103,face_rgb,103_face_rgb.mp4,frame,check_brightness,SKIP,frame=889 non-frontal (label=up); not judged,889
103,face_rgb,103_face_rgb.mp4,frame,check_face_detected,PASS,frame=892 face ok,892
103,face_rgb,103_face_rgb.mp4,frame,check_head_fully,PASS,frame=892 Head is fully visible,892
103,face_rgb,103_face_rgb.mp4,frame,check_face_size,SKIP,frame=892 non-frontal (label=up); not judged,892
103,face_rgb,103_face_rgb.mp4,frame,check_eyes_open,SKIP,frame=892 non-frontal (label=up); not judged,892
103,face_rgb,103_face_rgb.mp4,frame,check_face_blur,SKIP,frame=892 non-frontal (label=up); not judged,892
103,face_rgb,103_face_rgb.mp4,frame,check_brightness,SKIP,frame=892 non-frontal (label=up); not judged,892
103,face_rgb,103_face_rgb.mp4,frame,check_face_detected,PASS,frame=894 face ok,894
103,face_rgb,103_face_rgb.mp4,frame,check_head_fully,PASS,frame=894 Head is fully visible,894
103,face_rgb,103_face_rgb.mp4,frame,check_face_size,SKIP,frame=894 non-frontal (label=up); not judged,894
103,face_rgb,103_face_rgb.mp4,frame,check_eyes_open,SKIP,frame=894 non-frontal (label=up); not judged,894
103,face_rgb,103_face_rgb.mp4,frame,check_face_blur,SKIP,frame=894 non-frontal (label=up); not judged,894
103,face_rgb,103_face_rgb.mp4,frame,check_brightness,SKIP,frame=894 non-frontal (label=up); not judged,894
103,face_rgb,103_face_rgb.mp4,frame,check_face_detected,PASS,frame=896 face ok,896
103,face_rgb,103_face_rgb.mp4,frame,check_head_fully,PASS,frame=896 Head is fully visible,896
103,face_rgb,103_face_rgb.mp4,frame,check_face_size,SKIP,frame=896 non-frontal (label=up); not judged,896
103,face_rgb,103_face_rgb.mp4,frame,check_eyes_open,SKIP,frame=896 non-frontal (label=up); not judged,896
103,face_rgb,103_face_rgb.mp4,frame,check_face_blur,SKIP,frame=896 non-frontal (label=up); not judged,896
103,face_rgb,103_face_rgb.mp4,frame,check_brightness,SKIP,frame=896 non-frontal (label=up); not judged,896
103,face_rgb,103_face_rgb.mp4,frame,check_face_detected,PASS,frame=899 face ok,899
103,face_rgb,103_face_rgb.mp4,frame,check_head_fully,PASS,frame=899 Head is fully visible,899
103,face_rgb,103_face_rgb.mp4,frame,check_face_size,SKIP,frame=899 non-frontal (label=up); not judged,899
103,face_rgb,103_face_rgb.mp4,frame,check_eyes_open,SKIP,frame=899 non-frontal (label=up); not judged,899
103,face_rgb,103_face_rgb.mp4,frame,check_face_blur,SKIP,frame=899 non-frontal (label=up); not judged,899
103,face_rgb,103_face_rgb.mp4,frame,check_brightness,SKIP,frame=899 non-frontal (label=up); not judged,899
103,face_rgb,103_face_rgb.mp4,frame,check_face_detected,PASS,frame=901 face ok,901
103,face_rgb,103_face_rgb.mp4,frame,check_head_fully,PASS,frame=901 Head is fully visible,901
103,face_rgb,103_face_rgb.mp4,frame,check_face_size,SKIP,frame=901 non-frontal (label=up); not judged,901
103,face_rgb,103_face_rgb.mp4,frame,check_eyes_open,SKIP,frame=901 non-frontal (label=up); not judged,901
103,face_rgb,103_face_rgb.mp4,frame,check_face_blur,SKIP,frame=901 non-frontal (label=up); not judged,901
103,face_rgb,103_face_rgb.mp4,frame,check_brightness,SKIP,frame=901 non-frontal (label=up); not judged,901
103,face_rgb,103_face_rgb.mp4,frame,check_face_detected,PASS,frame=904 face ok,904
103,face_rgb,103_face_rgb.mp4,frame,check_head_fully,PASS,frame=904 Head is fully visible,904
103,face_rgb,103_face_rgb.mp4,frame,check_face_size,SKIP,frame=904 non-frontal (label=up); not judged,904
103,face_rgb,103_face_rgb.mp4,frame,check_eyes_open,SKIP,frame=904 non-frontal (label=up); not judged,904
103,face_rgb,103_face_rgb.mp4,frame,check_face_blur,SKIP,frame=904 non-frontal (label=up); not judged,904
103,face_rgb,103_face_rgb.mp4,frame,check_brightness,SKIP,frame=904 non-frontal (label=up); not judged,904
103,face_rgb,103_face_rgb.mp4,frame,check_face_detected,PASS,frame=906 face ok,906
103,face_rgb,103_face_rgb.mp4,frame,check_head_fully,PASS,frame=906 Head is fully visible,906
103,face_rgb,103_face_rgb.mp4,frame,check_face_size,SKIP,frame=906 non-frontal (label=up); not judged,906
103,face_rgb,103_face_rgb.mp4,frame,check_eyes_open,SKIP,frame=906 non-frontal (label=up); not judged,906
103,face_rgb,103_face_rgb.mp4,frame,check_face_blur,SKIP,frame=906 non-frontal (label=up); not judged,906
103,face_rgb,103_face_rgb.mp4,frame,check_brightness,SKIP,frame=906 non-frontal (label=up); not judged,906
103,face_rgb,103_face_rgb.mp4,frame,check_face_detected,PASS,frame=908 face ok,908
103,face_rgb,103_face_rgb.mp4,frame,check_head_fully,PASS,frame=908 Head is fully visible,908
103,face_rgb,103_face_rgb.mp4,frame,check_face_size,SKIP,frame=908 non-frontal (label=up); not judged,908
103,face_rgb,103_face_rgb.mp4,frame,check_eyes_open,SKIP,frame=908 non-frontal (label=up); not judged,908
103,face_rgb,103_face_rgb.mp4,frame,check_face_blur,SKIP,frame=908 non-frontal (label=up); not judged,908
103,face_rgb,103_face_rgb.mp4,frame,check_brightness,SKIP,frame=908 non-frontal (label=up); not judged,908
103,face_rgb,103_face_rgb.mp4,frame,check_face_detected,PASS,frame=911 face ok,911
103,face_rgb,103_face_rgb.mp4,frame,check_head_fully,PASS,frame=911 Head is fully visible,911
103,face_rgb,103_face_rgb.mp4,frame,check_face_size,SKIP,frame=911 non-frontal (label=up); not judged,911
103,face_rgb,103_face_rgb.mp4,frame,check_eyes_open,SKIP,frame=911 non-frontal (label=up); not judged,911
103,face_rgb,103_face_rgb.mp4,frame,check_face_blur,SKIP,frame=911 non-frontal (label=up); not judged,911
103,face_rgb,103_face_rgb.mp4,frame,check_brightness,SKIP,frame=911 non-frontal (label=up); not judged,911
103,face_rgb,103_face_rgb.mp4,frame,check_face_detected,PASS,frame=913 face ok,913
103,face_rgb,103_face_rgb.mp4,frame,check_head_fully,PASS,frame=913 Head is fully visible,913
103,face_rgb,103_face_rgb.mp4,frame,check_face_size,SKIP,frame=913 non-frontal (label=up); not judged,913
103,face_rgb,103_face_rgb.mp4,frame,check_eyes_open,SKIP,frame=913 non-frontal (label=up); not judged,913
103,face_rgb,103_face_rgb.mp4,frame,check_face_blur,SKIP,frame=913 non-frontal (label=up); not judged,913
103,face_rgb,103_face_rgb.mp4,frame,check_brightness,SKIP,frame=913 non-frontal (label=up); not judged,913
103,face_rgb,103_face_rgb.mp4,frame,check_face_detected,PASS,frame=916 face ok,916
103,face_rgb,103_face_rgb.mp4,frame,check_head_fully,PASS,frame=916 Head is fully visible,916
103,face_rgb,103_face_rgb.mp4,frame,check_face_size,SKIP,frame=916 non-frontal (label=up); not judged,916
103,face_rgb,103_face_rgb.mp4,frame,check_eyes_open,SKIP,frame=916 non-frontal (label=up); not judged,916
103,face_rgb,103_face_rgb.mp4,frame,check_face_blur,SKIP,frame=916 non-frontal (label=up); not judged,916
103,face_rgb,103_face_rgb.mp4,frame,check_brightness,SKIP,frame=916 non-frontal (label=up); not judged,916
103,face_rgb,103_face_rgb.mp4,frame,check_face_detected,PASS,frame=918 face ok,918
103,face_rgb,103_face_rgb.mp4,frame,check_head_fully,PASS,frame=918 Head is fully visible,918
103,face_rgb,103_face_rgb.mp4,frame,check_face_size,SKIP,frame=918 non-frontal (label=up); not judged,918
103,face_rgb,103_face_rgb.mp4,frame,check_eyes_open,SKIP,frame=918 non-frontal (label=up); not judged,918
103,face_rgb,103_face_rgb.mp4,frame,check_face_blur,SKIP,frame=918 non-frontal (label=up); not judged,918
103,face_rgb,103_face_rgb.mp4,frame,check_brightness,SKIP,frame=918 non-frontal (label=up); not judged,918
103,face_rgb,103_face_rgb.mp4,frame,check_face_detected,PASS,frame=920 face ok,920
103,face_rgb,103_face_rgb.mp4,frame,check_head_fully,PASS,frame=920 Head is fully visible,920
103,face_rgb,103_face_rgb.mp4,frame,check_face_size,SKIP,frame=920 non-frontal (label=up); not judged,920
103,face_rgb,103_face_rgb.mp4,frame,check_eyes_open,SKIP,frame=920 non-frontal (label=up); not judged,920
103,face_rgb,103_face_rgb.mp4,frame,check_face_blur,SKIP,frame=920 non-frontal (label=up); not judged,920
103,face_rgb,103_face_rgb.mp4,frame,check_brightness,SKIP,frame=920 non-frontal (label=up); not judged,920
103,face_rgb,103_face_rgb.mp4,frame,check_face_detected,PASS,frame=923 face ok,923
103,face_rgb,103_face_rgb.mp4,frame,check_head_fully,PASS,frame=923 Head is fully visible,923
103,face_rgb,103_face_rgb.mp4,frame,check_face_size,SKIP,frame=923 non-frontal (label=up); not judged,923
103,face_rgb,103_face_rgb.mp4,frame,check_eyes_open,SKIP,frame=923 non-frontal (label=up); not judged,923
103,face_rgb,103_face_rgb.mp4,frame,check_face_blur,SKIP,frame=923 non-frontal (label=up); not judged,923
103,face_rgb,103_face_rgb.mp4,frame,check_brightness,SKIP,frame=923 non-frontal (label=up); not judged,923
103,face_rgb,103_face_rgb.mp4,frame,check_face_detected,PASS,frame=925 face ok,925
103,face_rgb,103_face_rgb.mp4,frame,check_head_fully,PASS,frame=925 Head is fully visible,925
103,face_rgb,103_face_rgb.mp4,frame,check_face_size,SKIP,frame=925 non-frontal (label=up); not judged,925
103,face_rgb,103_face_rgb.mp4,frame,check_eyes_open,SKIP,frame=925 non-frontal (label=up); not judged,925
103,face_rgb,103_face_rgb.mp4,frame,check_face_blur,SKIP,frame=925 non-frontal (label=up); not judged,925
103,face_rgb,103_face_rgb.mp4,frame,check_brightness,SKIP,frame=925 non-frontal (label=up); not judged,925
103,face_rgb,103_face_rgb.mp4,frame,check_face_detected,PASS,frame=928 face ok,928
103,face_rgb,103_face_rgb.mp4,frame,check_head_fully,PASS,frame=928 Head is fully visible,928
103,face_rgb,103_face_rgb.mp4,frame,check_face_size,SKIP,frame=928 non-frontal (label=up); not judged,928
103,face_rgb,103_face_rgb.mp4,frame,check_eyes_open,SKIP,frame=928 non-frontal (label=up); not judged,928
103,face_rgb,103_face_rgb.mp4,frame,check_face_blur,SKIP,frame=928 non-frontal (label=up); not judged,928
103,face_rgb,103_face_rgb.mp4,frame,check_brightness,SKIP,frame=928 non-frontal (label=up); not judged,928
103,face_rgb,103_face_rgb.mp4,frame,check_face_detected,PASS,frame=930 face ok,930
103,face_rgb,103_face_rgb.mp4,frame,check_head_fully,PASS,frame=930 Head is fully visible,930
103,face_rgb,103_face_rgb.mp4,frame,check_face_size,SKIP,frame=930 non-frontal (label=up); not judged,930
103,face_rgb,103_face_rgb.mp4,frame,check_eyes_open,SKIP,frame=930 non-frontal (label=up); not judged,930
103,face_rgb,103_face_rgb.mp4,frame,check_face_blur,SKIP,frame=930 non-frontal (label=up); not judged,930
103,face_rgb,103_face_rgb.mp4,frame,check_brightness,SKIP,frame=930 non-frontal (label=up); not judged,930
103,face_rgb,103_face_rgb.mp4,frame,check_face_detected,PASS,frame=932 face ok,932
103,face_rgb,103_face_rgb.mp4,frame,check_head_fully,PASS,frame=932 Head is fully visible,932
103,face_rgb,103_face_rgb.mp4,frame,check_face_size,SKIP,frame=932 non-frontal (label=up); not judged,932
103,face_rgb,103_face_rgb.mp4,frame,check_eyes_open,SKIP,frame=932 non-frontal (label=up); not judged,932
103,face_rgb,103_face_rgb.mp4,frame,check_face_blur,SKIP,frame=932 non-frontal (label=up); not judged,932
103,face_rgb,103_face_rgb.mp4,frame,check_brightness,SKIP,frame=932 non-frontal (label=up); not judged,932
103,face_rgb,103_face_rgb.mp4,frame,check_face_detected,PASS,frame=935 face ok,935
103,face_rgb,103_face_rgb.mp4,frame,check_head_fully,PASS,frame=935 Head is fully visible,935
103,face_rgb,103_face_rgb.mp4,frame,check_face_size,SKIP,frame=935 non-frontal (label=up); not judged,935
103,face_rgb,103_face_rgb.mp4,frame,check_eyes_open,SKIP,frame=935 non-frontal (label=up); not judged,935
103,face_rgb,103_face_rgb.mp4,frame,check_face_blur,SKIP,frame=935 non-frontal (label=up); not judged,935
103,face_rgb,103_face_rgb.mp4,frame,check_brightness,SKIP,frame=935 non-frontal (label=up); not judged,935
103,face_rgb,103_face_rgb.mp4,frame,check_face_detected,PASS,frame=937 face ok,937
103,face_rgb,103_face_rgb.mp4,frame,check_head_fully,PASS,frame=937 Head is fully visible,937
103,face_rgb,103_face_rgb.mp4,frame,check_face_size,SKIP,frame=937 non-frontal (label=up); not judged,937
103,face_rgb,103_face_rgb.mp4,frame,check_eyes_open,SKIP,frame=937 non-frontal (label=up); not judged,937
103,face_rgb,103_face_rgb.mp4,frame,check_face_blur,SKIP,frame=937 non-frontal (label=up); not judged,937
103,face_rgb,103_face_rgb.mp4,frame,check_brightness,SKIP,frame=937 non-frontal (label=up); not judged,937
103,face_rgb,103_face_rgb.mp4,frame,check_face_detected,PASS,frame=940 face ok,940
103,face_rgb,103_face_rgb.mp4,frame,check_head_fully,PASS,frame=940 Head is fully visible,940
103,face_rgb,103_face_rgb.mp4,frame,check_face_size,SKIP,frame=940 non-frontal (label=up); not judged,940
103,face_rgb,103_face_rgb.mp4,frame,check_eyes_open,SKIP,frame=940 non-frontal (label=up); not judged,940
103,face_rgb,103_face_rgb.mp4,frame,check_face_blur,SKIP,frame=940 non-frontal (label=up); not judged,940
103,face_rgb,103_face_rgb.mp4,frame,check_brightness,SKIP,frame=940 non-frontal (label=up); not judged,940
103,face_rgb,103_face_rgb.mp4,frame,check_face_detected,PASS,frame=942 face ok,942
103,face_rgb,103_face_rgb.mp4,frame,check_head_fully,PASS,frame=942 Head is fully visible,942
103,face_rgb,103_face_rgb.mp4,frame,check_face_size,SKIP,frame=942 non-frontal (label=up); not judged,942
103,face_rgb,103_face_rgb.mp4,frame,check_eyes_open,SKIP,frame=942 non-frontal (label=up); not judged,942
103,face_rgb,103_face_rgb.mp4,frame,check_face_blur,SKIP,frame=942 non-frontal (label=up); not judged,942
103,face_rgb,103_face_rgb.mp4,frame,check_brightness,SKIP,frame=942 non-frontal (label=up); not judged,942
103,face_rgb,103_face_rgb.mp4,frame,check_face_detected,PASS,frame=944 face ok,944
103,face_rgb,103_face_rgb.mp4,frame,check_head_fully,PASS,frame=944 Head is fully visible,944
103,face_rgb,103_face_rgb.mp4,frame,check_face_size,SKIP,frame=944 non-frontal (label=up); not judged,944
103,face_rgb,103_face_rgb.mp4,frame,check_eyes_open,SKIP,frame=944 non-frontal (label=up); not judged,944
103,face_rgb,103_face_rgb.mp4,frame,check_face_blur,SKIP,frame=944 non-frontal (label=up); not judged,944
103,face_rgb,103_face_rgb.mp4,frame,check_brightness,SKIP,frame=944 non-frontal (label=up); not judged,944
103,face_rgb,103_face_rgb.mp4,frame,check_face_detected,PASS,frame=947 face ok,947
103,face_rgb,103_face_rgb.mp4,frame,check_head_fully,PASS,frame=947 Head is fully visible,947
103,face_rgb,103_face_rgb.mp4,frame,check_face_size,SKIP,frame=947 non-frontal (label=up); not judged,947
103,face_rgb,103_face_rgb.mp4,frame,check_eyes_open,SKIP,frame=947 non-frontal (label=up); not judged,947
103,face_rgb,103_face_rgb.mp4,frame,check_face_blur,SKIP,frame=947 non-frontal (label=up); not judged,947
103,face_rgb,103_face_rgb.mp4,frame,check_brightness,SKIP,frame=947 non-frontal (label=up); not judged,947
103,face_rgb,103_face_rgb.mp4,frame,check_face_detected,PASS,frame=949 face ok,949
103,face_rgb,103_face_rgb.mp4,frame,check_head_fully,PASS,frame=949 Head is fully visible,949
103,face_rgb,103_face_rgb.mp4,frame,check_face_size,SKIP,frame=949 non-frontal (label=up); not judged,949
103,face_rgb,103_face_rgb.mp4,frame,check_eyes_open,SKIP,frame=949 non-frontal (label=up); not judged,949
103,face_rgb,103_face_rgb.mp4,frame,check_face_blur,SKIP,frame=949 non-frontal (label=up); not judged,949
103,face_rgb,103_face_rgb.mp4,frame,check_brightness,SKIP,frame=949 non-frontal (label=up); not judged,949
103,face_rgb,103_face_rgb.mp4,frame,check_face_detected,PASS,frame=951 face ok,951
103,face_rgb,103_face_rgb.mp4,frame,check_head_fully,PASS,frame=951 Head is fully visible,951
103,face_rgb,103_face_rgb.mp4,frame,check_face_size,SKIP,frame=951 non-frontal (label=up); not judged,951
103,face_rgb,103_face_rgb.mp4,frame,check_eyes_open,SKIP,frame=951 non-frontal (label=up); not judged,951
103,face_rgb,103_face_rgb.mp4,frame,check_face_blur,SKIP,frame=951 non-frontal (label=up); not judged,951
103,face_rgb,103_face_rgb.mp4,frame,check_brightness,SKIP,frame=951 non-frontal (label=up); not judged,951
103,face_rgb,103_face_rgb.mp4,frame,check_face_detected,PASS,frame=954 face ok,954
103,face_rgb,103_face_rgb.mp4,frame,check_head_fully,PASS,frame=954 Head is fully visible,954
103,face_rgb,103_face_rgb.mp4,frame,check_face_size,SKIP,frame=954 non-frontal (label=up); not judged,954
103,face_rgb,103_face_rgb.mp4,frame,check_eyes_open,SKIP,frame=954 non-frontal (label=up); not judged,954
103,face_rgb,103_face_rgb.mp4,frame,check_face_blur,SKIP,frame=954 non-frontal (label=up); not judged,954
103,face_rgb,103_face_rgb.mp4,frame,check_brightness,SKIP,frame=954 non-frontal (label=up); not judged,954
103,face_rgb,103_face_rgb.mp4,frame,check_face_detected,PASS,frame=956 face ok,956
103,face_rgb,103_face_rgb.mp4,frame,check_head_fully,PASS,frame=956 Head is fully visible,956
103,face_rgb,103_face_rgb.mp4,frame,check_face_size,SKIP,frame=956 non-frontal (label=up); not judged,956
103,face_rgb,103_face_rgb.mp4,frame,check_eyes_open,SKIP,frame=956 non-frontal (label=up); not judged,956
103,face_rgb,103_face_rgb.mp4,frame,check_face_blur,SKIP,frame=956 non-frontal (label=up); not judged,956
103,face_rgb,103_face_rgb.mp4,frame,check_brightness,SKIP,frame=956 non-frontal (label=up); not judged,956
103,face_rgb,103_face_rgb.mp4,frame,check_face_detected,PASS,frame=959 face ok,959
103,face_rgb,103_face_rgb.mp4,frame,check_head_fully,PASS,frame=959 Head is fully visible,959
103,face_rgb,103_face_rgb.mp4,frame,check_face_size,SKIP,frame=959 non-frontal (label=up); not judged,959
103,face_rgb,103_face_rgb.mp4,frame,check_eyes_open,SKIP,frame=959 non-frontal (label=up); not judged,959
103,face_rgb,103_face_rgb.mp4,frame,check_face_blur,SKIP,frame=959 non-frontal (label=up); not judged,959
103,face_rgb,103_face_rgb.mp4,frame,check_brightness,SKIP,frame=959 non-frontal (label=up); not judged,959
103,face_rgb,103_face_rgb.mp4,frame,check_face_detected,PASS,frame=961 face ok,961
103,face_rgb,103_face_rgb.mp4,frame,check_head_fully,PASS,frame=961 Head is fully visible,961
103,face_rgb,103_face_rgb.mp4,frame,check_face_size,SKIP,frame=961 non-frontal (label=up); not judged,961
103,face_rgb,103_face_rgb.mp4,frame,check_eyes_open,SKIP,frame=961 non-frontal (label=up); not judged,961
103,face_rgb,103_face_rgb.mp4,frame,check_face_blur,SKIP,frame=961 non-frontal (label=up); not judged,961
103,face_rgb,103_face_rgb.mp4,frame,check_brightness,SKIP,frame=961 non-frontal (label=up); not judged,961
103,face_rgb,103_face_rgb.mp4,frame,check_face_detected,PASS,frame=963 face ok,963
103,face_rgb,103_face_rgb.mp4,frame,check_head_fully,PASS,frame=963 Head is fully visible,963
103,face_rgb,103_face_rgb.mp4,frame,check_face_size,SKIP,frame=963 non-frontal (label=up); not judged,963
103,face_rgb,103_face_rgb.mp4,frame,check_eyes_open,SKIP,frame=963 non-frontal (label=up); not judged,963
103,face_rgb,103_face_rgb.mp4,frame,check_face_blur,SKIP,frame=963 non-frontal (label=up); not judged,963
103,face_rgb,103_face_rgb.mp4,frame,check_brightness,SKIP,frame=963 non-frontal (label=up); not judged,963
103,face_rgb,103_face_rgb.mp4,frame,check_face_detected,PASS,frame=966 face ok,966
103,face_rgb,103_face_rgb.mp4,frame,check_head_fully,PASS,frame=966 Head is fully visible,966
103,face_rgb,103_face_rgb.mp4,frame,check_face_size,SKIP,frame=966 non-frontal (label=up); not judged,966
103,face_rgb,103_face_rgb.mp4,frame,check_eyes_open,SKIP,frame=966 non-frontal (label=up); not judged,966
103,face_rgb,103_face_rgb.mp4,frame,check_face_blur,SKIP,frame=966 non-frontal (label=up); not judged,966
103,face_rgb,103_face_rgb.mp4,frame,check_brightness,SKIP,frame=966 non-frontal (label=up); not judged,966
103,face_rgb,103_face_rgb.mp4,frame,check_face_detected,PASS,frame=968 face ok,968
103,face_rgb,103_face_rgb.mp4,frame,check_head_fully,PASS,frame=968 Head is fully visible,968
103,face_rgb,103_face_rgb.mp4,frame,check_face_size,SKIP,frame=968 non-frontal (label=up); not judged,968
103,face_rgb,103_face_rgb.mp4,frame,check_eyes_open,SKIP,frame=968 non-frontal (label=up); not judged,968
103,face_rgb,103_face_rgb.mp4,frame,check_face_blur,SKIP,frame=968 non-frontal (label=up); not judged,968
103,face_rgb,103_face_rgb.mp4,frame,check_brightness,SKIP,frame=968 non-frontal (label=up); not judged,968
103,face_rgb,103_face_rgb.mp4,frame,check_face_detected,PASS,frame=971 face ok,971
103,face_rgb,103_face_rgb.mp4,frame,check_head_fully,PASS,frame=971 Head is fully visible,971
103,face_rgb,103_face_rgb.mp4,frame,check_face_size,SKIP,frame=971 non-frontal (label=mid); not judged,971
103,face_rgb,103_face_rgb.mp4,frame,check_eyes_open,SKIP,frame=971 non-frontal (label=mid); not judged,971
103,face_rgb,103_face_rgb.mp4,frame,check_face_blur,SKIP,frame=971 non-frontal (label=mid); not judged,971
103,face_rgb,103_face_rgb.mp4,frame,check_brightness,SKIP,frame=971 non-frontal (label=mid); not judged,971
103,face_rgb,103_face_rgb.mp4,frame,check_face_detected,PASS,frame=973 face ok,973
103,face_rgb,103_face_rgb.mp4,frame,check_head_fully,PASS,frame=973 Head is fully visible,973
103,face_rgb,103_face_rgb.mp4,frame,check_face_size,SKIP,frame=973 non-frontal (label=mid); not judged,973
103,face_rgb,103_face_rgb.mp4,frame,check_eyes_open,SKIP,frame=973 non-frontal (label=mid); not judged,973
103,face_rgb,103_face_rgb.mp4,frame,check_face_blur,SKIP,frame=973 non-frontal (label=mid); not judged,973
103,face_rgb,103_face_rgb.mp4,frame,check_brightness,SKIP,frame=973 non-frontal (label=mid); not judged,973
103,face_rgb,103_face_rgb.mp4,frame,check_face_detected,PASS,frame=975 face ok,975
103,face_rgb,103_face_rgb.mp4,frame,check_head_fully,PASS,frame=975 Head is fully visible,975
103,face_rgb,103_face_rgb.mp4,frame,check_face_size,SKIP,frame=975 non-frontal (label=mid); not judged,975
103,face_rgb,103_face_rgb.mp4,frame,check_eyes_open,SKIP,frame=975 non-frontal (label=mid); not judged,975
103,face_rgb,103_face_rgb.mp4,frame,check_face_blur,SKIP,frame=975 non-frontal (label=mid); not judged,975
103,face_rgb,103_face_rgb.mp4,frame,check_brightness,SKIP,frame=975 non-frontal (label=mid); not judged,975
103,face_rgb,103_face_rgb.mp4,frame,check_face_detected,PASS,frame=978 face ok,978
103,face_rgb,103_face_rgb.mp4,frame,check_head_fully,PASS,frame=978 Head is fully visible,978
103,face_rgb,103_face_rgb.mp4,frame,check_face_size,SKIP,frame=978 non-frontal (label=mid); not judged,978
103,face_rgb,103_face_rgb.mp4,frame,check_eyes_open,SKIP,frame=978 non-frontal (label=mid); not judged,978
103,face_rgb,103_face_rgb.mp4,frame,check_face_blur,SKIP,frame=978 non-frontal (label=mid); not judged,978
103,face_rgb,103_face_rgb.mp4,frame,check_brightness,SKIP,frame=978 non-frontal (label=mid); not judged,978
103,face_rgb,103_face_rgb.mp4,frame,check_face_detected,PASS,frame=980 face ok,980
103,face_rgb,103_face_rgb.mp4,frame,check_head_fully,PASS,frame=980 Head is fully visible,980
103,face_rgb,103_face_rgb.mp4,frame,check_face_size,PASS,frame=980 face=507x594 >= 180x180,980
103,face_rgb,103_face_rgb.mp4,frame,check_eyes_open,PASS,"frame=980 eyes open (L=0.37, R=0.36 > 0.25)",980
103,face_rgb,103_face_rgb.mp4,frame,check_face_blur,PASS,frame=980 blur variance=205.2 >= 90,980
103,face_rgb,103_face_rgb.mp4,frame,check_brightness,PASS,frame=980 brightness=153 status=normal,980
103,face_rgb,103_face_rgb.mp4,frame,check_face_detected,PASS,frame=983 face ok,983
103,face_rgb,103_face_rgb.mp4,frame,check_head_fully,PASS,frame=983 Head is fully visible,983
103,face_rgb,103_face_rgb.mp4,frame,check_face_size,PASS,frame=983 face=517x616 >= 180x180,983
103,face_rgb,103_face_rgb.mp4,frame,check_eyes_open,PASS,"frame=983 eyes open (L=0.37, R=0.37 > 0.25)",983
103,face_rgb,103_face_rgb.mp4,frame,check_face_blur,PASS,frame=983 blur variance=240.2 >= 90,983
103,face_rgb,103_face_rgb.mp4,frame,check_brightness,PASS,frame=983 brightness=152 status=normal,983
103,face_rgb,103_face_rgb.mp4,frame,check_face_detected,PASS,frame=985 face ok,985
103,face_rgb,103_face_rgb.mp4,frame,check_head_fully,PASS,frame=985 Head is fully visible,985
103,face_rgb,103_face_rgb.mp4,frame,check_face_size,PASS,frame=985 face=529x640 >= 180x180,985
103,face_rgb,103_face_rgb.mp4,frame,check_eyes_open,PASS,"frame=985 eyes open (L=0.36, R=0.38 > 0.25)",985
103,face_rgb,103_face_rgb.mp4,frame,check_face_blur,PASS,frame=985 blur variance=250.5 >= 90,985
103,face_rgb,103_face_rgb.mp4,frame,check_brightness,PASS,frame=985 brightness=152 status=normal,985
103,face_rgb,103_face_rgb.mp4,frame,check_face_detected,PASS,frame=987 face ok,987
103,face_rgb,103_face_rgb.mp4,frame,check_head_fully,PASS,frame=987 Head is fully visible,987
103,face_rgb,103_face_rgb.mp4,frame,check_face_size,PASS,frame=987 face=532x650 >= 180x180,987
103,face_rgb,103_face_rgb.mp4,frame,check_eyes_open,PASS,"frame=987 eyes open (L=0.37, R=0.38 > 0.25)",987
103,face_rgb,103_face_rgb.mp4,frame,check_face_blur,PASS,frame=987 blur variance=255.0 >= 90,987
103,face_rgb,103_face_rgb.mp4,frame,check_brightness,PASS,frame=987 brightness=151 status=normal,987
103,face_rgb,103_face_rgb.mp4,frame,check_face_detected,PASS,frame=990 face ok,990
103,face_rgb,103_face_rgb.mp4,frame,check_head_fully,PASS,frame=990 Head is fully visible,990
103,face_rgb,103_face_rgb.mp4,frame,check_face_size,PASS,frame=990 face=537x660 >= 180x180,990
103,face_rgb,103_face_rgb.mp4,frame,check_eyes_open,PASS,"frame=990 eyes open (L=0.38, R=0.37 > 0.25)",990
103,face_rgb,103_face_rgb.mp4,frame,check_face_blur,PASS,frame=990 blur variance=259.8 >= 90,990
103,face_rgb,103_face_rgb.mp4,frame,check_brightness,PASS,frame=990 brightness=152 status=normal,990
103,face_rgb,103_face_rgb.mp4,frame,check_face_detected,PASS,frame=992 face ok,992
103,face_rgb,103_face_rgb.mp4,frame,check_head_fully,PASS,frame=992 Head is fully visible,992
103,face_rgb,103_face_rgb.mp4,frame,check_face_size,PASS,frame=992 face=542x672 >= 180x180,992
103,face_rgb,103_face_rgb.mp4,frame,check_eyes_open,PASS,"frame=992 eyes open (L=0.38, R=0.37 > 0.25)",992
103,face_rgb,103_face_rgb.mp4,frame,check_face_blur,PASS,frame=992 blur variance=297.0 >= 90,992
103,face_rgb,103_face_rgb.mp4,frame,check_brightness,PASS,frame=992 brightness=151 status=normal,992
103,face_rgb,103_face_rgb.mp4,frame,check_face_detected,PASS,frame=995 face ok,995
103,face_rgb,103_face_rgb.mp4,frame,check_head_fully,PASS,frame=995 Head is fully visible,995
103,face_rgb,103_face_rgb.mp4,frame,check_face_size,PASS,frame=995 face=537x674 >= 180x180,995
103,face_rgb,103_face_rgb.mp4,frame,check_eyes_open,PASS,"frame=995 eyes open (L=0.38, R=0.37 > 0.25)",995
103,face_rgb,103_face_rgb.mp4,frame,check_face_blur,PASS,frame=995 blur variance=274.9 >= 90,995
103,face_rgb,103_face_rgb.mp4,frame,check_brightness,PASS,frame=995 brightness=151 status=normal,995
103,face_rgb,103_face_rgb.mp4,frame,check_face_detected,PASS,frame=997 face ok,997
103,face_rgb,103_face_rgb.mp4,frame,check_head_fully,PASS,frame=997 Head is fully visible,997
103,face_rgb,103_face_rgb.mp4,frame,check_face_size,PASS,frame=997 face=543x675 >= 180x180,997
103,face_rgb,103_face_rgb.mp4,frame,check_eyes_open,PASS,"frame=997 eyes open (L=0.37, R=0.38 > 0.25)",997
103,face_rgb,103_face_rgb.mp4,frame,check_face_blur,PASS,frame=997 blur variance=269.4 >= 90,997
103,face_rgb,103_face_rgb.mp4,frame,check_brightness,PASS,frame=997 brightness=152 status=normal,997
103,face_rgb,103_face_rgb.mp4,frame,check_face_detected,PASS,frame=999 face ok,999
103,face_rgb,103_face_rgb.mp4,frame,check_head_fully,PASS,frame=999 Head is fully visible,999
103,face_rgb,103_face_rgb.mp4,frame,check_face_size,PASS,frame=999 face=543x676 >= 180x180,999
103,face_rgb,103_face_rgb.mp4,frame,check_eyes_open,PASS,"frame=999 eyes open (L=0.38, R=0.38 > 0.25)",999
103,face_rgb,103_face_rgb.mp4,frame,check_face_blur,PASS,frame=999 blur variance=259.5 >= 90,999
103,face_rgb,103_face_rgb.mp4,frame,check_brightness,PASS,frame=999 brightness=152 status=normal,999
103,face_rgb,103_face_rgb.mp4,frame,check_face_detected,PASS,frame=1002 face ok,1002
103,face_rgb,103_face_rgb.mp4,frame,check_head_fully,PASS,frame=1002 Head is fully visible,1002
103,face_rgb,103_face_rgb.mp4,frame,check_face_size,PASS,frame=1002 face=552x677 >= 180x180,1002
103,face_rgb,103_face_rgb.mp4,frame,check_eyes_open,PASS,"frame=1002 eyes open (L=0.38, R=0.37 > 0.25)",1002
103,face_rgb,103_face_rgb.mp4,frame,check_face_blur,PASS,frame=1002 blur variance=274.9 >= 90,1002
103,face_rgb,103_face_rgb.mp4,frame,check_brightness,PASS,frame=1002 brightness=153 status=normal,1002
103,face_rgb,103_face_rgb.mp4,frame,check_face_detected,PASS,frame=1004 face ok,1004
103,face_rgb,103_face_rgb.mp4,frame,check_head_fully,PASS,frame=1004 Head is fully visible,1004
103,face_rgb,103_face_rgb.mp4,frame,check_face_size,PASS,frame=1004 face=547x679 >= 180x180,1004
103,face_rgb,103_face_rgb.mp4,frame,check_eyes_open,PASS,"frame=1004 eyes open (L=0.39, R=0.38 > 0.25)",1004
103,face_rgb,103_face_rgb.mp4,frame,check_face_blur,PASS,frame=1004 blur variance=290.2 >= 90,1004
103,face_rgb,103_face_rgb.mp4,frame,check_brightness,PASS,frame=1004 brightness=153 status=normal,1004
103,face_rgb,103_face_rgb.mp4,frame,check_face_detected,PASS,frame=1006 face ok,1006
103,face_rgb,103_face_rgb.mp4,frame,check_head_fully,PASS,frame=1006 Head is fully visible,1006
103,face_rgb,103_face_rgb.mp4,frame,check_face_size,PASS,frame=1006 face=548x676 >= 180x180,1006
103,face_rgb,103_face_rgb.mp4,frame,check_eyes_open,PASS,"frame=1006 eyes open (L=0.38, R=0.38 > 0.25)",1006
103,face_rgb,103_face_rgb.mp4,frame,check_face_blur,PASS,frame=1006 blur variance=291.1 >= 90,1006
103,face_rgb,103_face_rgb.mp4,frame,check_brightness,PASS,frame=1006 brightness=153 status=normal,1006
103,face_rgb,103_face_rgb.mp4,frame,check_face_detected,PASS,frame=1009 face ok,1009
103,face_rgb,103_face_rgb.mp4,frame,check_head_fully,PASS,frame=1009 Head is fully visible,1009
103,face_rgb,103_face_rgb.mp4,frame,check_face_size,PASS,frame=1009 face=544x677 >= 180x180,1009
103,face_rgb,103_face_rgb.mp4,frame,check_eyes_open,PASS,"frame=1009 eyes open (L=0.38, R=0.38 > 0.25)",1009
103,face_rgb,103_face_rgb.mp4,frame,check_face_blur,PASS,frame=1009 blur variance=252.4 >= 90,1009
103,face_rgb,103_face_rgb.mp4,frame,check_brightness,PASS,frame=1009 brightness=154 status=normal,1009
103,face_rgb,103_face_rgb.mp4,frame,check_face_detected,PASS,frame=1011 face ok,1011
103,face_rgb,103_face_rgb.mp4,frame,check_head_fully,PASS,frame=1011 Head is fully visible,1011
103,face_rgb,103_face_rgb.mp4,frame,check_face_size,PASS,frame=1011 face=547x677 >= 180x180,1011
103,face_rgb,103_face_rgb.mp4,frame,check_eyes_open,PASS,"frame=1011 eyes open (L=0.39, R=0.38 > 0.25)",1011
103,face_rgb,103_face_rgb.mp4,frame,check_face_blur,PASS,frame=1011 blur variance=240.2 >= 90,1011
103,face_rgb,103_face_rgb.mp4,frame,check_brightness,PASS,frame=1011 brightness=154 status=normal,1011
103,face_rgb,103_face_rgb.mp4,frame,check_face_detected,PASS,frame=1014 face ok,1014
103,face_rgb,103_face_rgb.mp4,frame,check_head_fully,PASS,frame=1014 Head is fully visible,1014
103,face_rgb,103_face_rgb.mp4,frame,check_face_size,PASS,frame=1014 face=546x676 >= 180x180,1014
103,face_rgb,103_face_rgb.mp4,frame,check_eyes_open,PASS,"frame=1014 eyes open (L=0.38, R=0.37 > 0.25)",1014
103,face_rgb,103_face_rgb.mp4,frame,check_face_blur,PASS,frame=1014 blur variance=216.5 >= 90,1014
103,face_rgb,103_face_rgb.mp4,frame,check_brightness,PASS,frame=1014 brightness=154 status=normal,1014
103,face_rgb,103_face_rgb.mp4,frame,check_face_detected,PASS,frame=1016 face ok,1016
103,face_rgb,103_face_rgb.mp4,frame,check_head_fully,PASS,frame=1016 Head is fully visible,1016
103,face_rgb,103_face_rgb.mp4,frame,check_face_size,PASS,frame=1016 face=547x675 >= 180x180,1016
103,face_rgb,103_face_rgb.mp4,frame,check_eyes_open,PASS,"frame=1016 eyes open (L=0.38, R=0.40 > 0.25)",1016
103,face_rgb,103_face_rgb.mp4,frame,check_face_blur,PASS,frame=1016 blur variance=211.3 >= 90,1016
103,face_rgb,103_face_rgb.mp4,frame,check_brightness,PASS,frame=1016 brightness=155 status=normal,1016
103,face_rgb,103_face_rgb.mp4,frame,check_face_detected,PASS,frame=1018 face ok,1018
103,face_rgb,103_face_rgb.mp4,frame,check_head_fully,PASS,frame=1018 Head is fully visible,1018
103,face_rgb,103_face_rgb.mp4,frame,check_face_size,PASS,frame=1018 face=548x675 >= 180x180,1018
103,face_rgb,103_face_rgb.mp4,frame,check_eyes_open,PASS,"frame=1018 eyes open (L=0.38, R=0.38 > 0.25)",1018
103,face_rgb,103_face_rgb.mp4,frame,check_face_blur,PASS,frame=1018 blur variance=203.1 >= 90,1018
103,face_rgb,103_face_rgb.mp4,frame,check_brightness,PASS,frame=1018 brightness=155 status=normal,1018
103,face_rgb,103_face_rgb.mp4,frame,check_face_detected,PASS,frame=1021 face ok,1021
103,face_rgb,103_face_rgb.mp4,frame,check_head_fully,PASS,frame=1021 Head is fully visible,1021
103,face_rgb,103_face_rgb.mp4,frame,check_face_size,PASS,frame=1021 face=546x674 >= 180x180,1021
103,face_rgb,103_face_rgb.mp4,frame,check_eyes_open,PASS,"frame=1021 eyes open (L=0.37, R=0.39 > 0.25)",1021
103,face_rgb,103_face_rgb.mp4,frame,check_face_blur,PASS,frame=1021 blur variance=222.2 >= 90,1021
103,face_rgb,103_face_rgb.mp4,frame,check_brightness,PASS,frame=1021 brightness=155 status=normal,1021
103,face_rgb,103_face_rgb.mp4,frame,check_face_detected,PASS,frame=1023 face ok,1023
103,face_rgb,103_face_rgb.mp4,frame,check_head_fully,PASS,frame=1023 Head is fully visible,1023
103,face_rgb,103_face_rgb.mp4,frame,check_face_size,PASS,frame=1023 face=546x674 >= 180x180,1023
103,face_rgb,103_face_rgb.mp4,frame,check_eyes_open,PASS,"frame=1023 eyes open (L=0.38, R=0.39 > 0.25)",1023
103,face_rgb,103_face_rgb.mp4,frame,check_face_blur,PASS,frame=1023 blur variance=224.9 >= 90,1023
103,face_rgb,103_face_rgb.mp4,frame,check_brightness,PASS,frame=1023 brightness=155 status=normal,1023
103,face_rgb,103_face_rgb.mp4,frame,check_face_detected,PASS,frame=1026 face ok,1026
103,face_rgb,103_face_rgb.mp4,frame,check_head_fully,PASS,frame=1026 Head is fully visible,1026
103,face_rgb,103_face_rgb.mp4,frame,check_face_size,PASS,frame=1026 face=547x675 >= 180x180,1026
103,face_rgb,103_face_rgb.mp4,frame,check_eyes_open,PASS,"frame=1026 eyes open (L=0.38, R=0.39 > 0.25)",1026
103,face_rgb,103_face_rgb.mp4,frame,check_face_blur,PASS,frame=1026 blur variance=227.0 >= 90,1026
103,face_rgb,103_face_rgb.mp4,frame,check_brightness,PASS,frame=1026 brightness=155 status=normal,1026
103,face_rgb,103_face_rgb.mp4,frame,check_face_detected,PASS,frame=1028 face ok,1028
103,face_rgb,103_face_rgb.mp4,frame,check_head_fully,PASS,frame=1028 Head is fully visible,1028
103,face_rgb,103_face_rgb.mp4,frame,check_face_size,PASS,frame=1028 face=547x673 >= 180x180,1028
103,face_rgb,103_face_rgb.mp4,frame,check_eyes_open,PASS,"frame=1028 eyes open (L=0.38, R=0.39 > 0.25)",1028
103,face_rgb,103_face_rgb.mp4,frame,check_face_blur,PASS,frame=1028 blur variance=207.7 >= 90,1028
103,face_rgb,103_face_rgb.mp4,frame,check_brightness,PASS,frame=1028 brightness=155 status=normal,1028
103,face_rgb,103_face_rgb.mp4,frame,check_face_detected,PASS,frame=1030 face ok,1030
103,face_rgb,103_face_rgb.mp4,frame,check_head_fully,PASS,frame=1030 Head is fully visible,1030
103,face_rgb,103_face_rgb.mp4,frame,check_face_size,PASS,frame=1030 face=547x672 >= 180x180,1030
103,face_rgb,103_face_rgb.mp4,frame,check_eyes_open,PASS,"frame=1030 eyes open (L=0.38, R=0.39 > 0.25)",1030
103,face_rgb,103_face_rgb.mp4,frame,check_face_blur,PASS,frame=1030 blur variance=210.1 >= 90,1030
103,face_rgb,103_face_rgb.mp4,frame,check_brightness,PASS,frame=1030 brightness=155 status=normal,1030
103,face_rgb,103_face_rgb.mp4,frame,check_face_detected,PASS,frame=1033 face ok,1033
103,face_rgb,103_face_rgb.mp4,frame,check_head_fully,PASS,frame=1033 Head is fully visible,1033
103,face_rgb,103_face_rgb.mp4,frame,check_face_size,PASS,frame=1033 face=545x674 >= 180x180,1033
103,face_rgb,103_face_rgb.mp4,frame,check_eyes_open,PASS,"frame=1033 eyes open (L=0.38, R=0.38 > 0.25)",1033
103,face_rgb,103_face_rgb.mp4,frame,check_face_blur,PASS,frame=1033 blur variance=196.9 >= 90,1033
103,face_rgb,103_face_rgb.mp4,frame,check_brightness,PASS,frame=1033 brightness=156 status=normal,1033
103,face_rgb,103_face_rgb.mp4,frame,check_face_detected,PASS,frame=1035 face ok,1035
103,face_rgb,103_face_rgb.mp4,frame,check_head_fully,PASS,frame=1035 Head is fully visible,1035
103,face_rgb,103_face_rgb.mp4,frame,check_face_size,PASS,frame=1035 face=547x673 >= 180x180,1035
103,face_rgb,103_face_rgb.mp4,frame,check_eyes_open,PASS,"frame=1035 eyes open (L=0.38, R=0.38 > 0.25)",1035
103,face_rgb,103_face_rgb.mp4,frame,check_face_blur,PASS,frame=1035 blur variance=187.1 >= 90,1035
103,face_rgb,103_face_rgb.mp4,frame,check_brightness,PASS,frame=1035 brightness=156 status=normal,1035
103,face_rgb,103_face_rgb.mp4,frame,check_face_detected,PASS,frame=1038 face ok,1038
103,face_rgb,103_face_rgb.mp4,frame,check_head_fully,PASS,frame=1038 Head is fully visible,1038
103,face_rgb,103_face_rgb.mp4,frame,check_face_size,PASS,frame=1038 face=548x672 >= 180x180,1038
103,face_rgb,103_face_rgb.mp4,frame,check_eyes_open,PASS,"frame=1038 eyes open (L=0.38, R=0.37 > 0.25)",1038
103,face_rgb,103_face_rgb.mp4,frame,check_face_blur,PASS,frame=1038 blur variance=193.9 >= 90,1038
103,face_rgb,103_face_rgb.mp4,frame,check_brightness,PASS,frame=1038 brightness=156 status=normal,1038
103,face_rgb,103_face_rgb.mp4,frame,check_face_detected,PASS,frame=1040 face ok,1040
103,face_rgb,103_face_rgb.mp4,frame,check_head_fully,PASS,frame=1040 Head is fully visible,1040
103,face_rgb,103_face_rgb.mp4,frame,check_face_size,PASS,frame=1040 face=547x672 >= 180x180,1040
103,face_rgb,103_face_rgb.mp4,frame,check_eyes_open,PASS,"frame=1040 eyes open (L=0.38, R=0.38 > 0.25)",1040
103,face_rgb,103_face_rgb.mp4,frame,check_face_blur,PASS,frame=1040 blur variance=194.3 >= 90,1040
103,face_rgb,103_face_rgb.mp4,frame,check_brightness,PASS,frame=1040 brightness=156 status=normal,1040
103,face_rgb,103_face_rgb.mp4,frame,check_face_detected,PASS,frame=1042 face ok,1042
103,face_rgb,103_face_rgb.mp4,frame,check_head_fully,PASS,frame=1042 Head is fully visible,1042
103,face_rgb,103_face_rgb.mp4,frame,check_face_size,PASS,frame=1042 face=547x674 >= 180x180,1042
103,face_rgb,103_face_rgb.mp4,frame,check_eyes_open,PASS,"frame=1042 eyes open (L=0.37, R=0.38 > 0.25)",1042
103,face_rgb,103_face_rgb.mp4,frame,check_face_blur,PASS,frame=1042 blur variance=206.2 >= 90,1042
103,face_rgb,103_face_rgb.mp4,frame,check_brightness,PASS,frame=1042 brightness=155 status=normal,1042
103,face_rgb,103_face_rgb.mp4,frame,check_face_detected,PASS,frame=1045 face ok,1045
103,face_rgb,103_face_rgb.mp4,frame,check_head_fully,PASS,frame=1045 Head is fully visible,1045
103,face_rgb,103_face_rgb.mp4,frame,check_face_size,PASS,frame=1045 face=546x673 >= 180x180,1045
103,face_rgb,103_face_rgb.mp4,frame,check_eyes_open,PASS,"frame=1045 eyes open (L=0.38, R=0.38 > 0.25)",1045
103,face_rgb,103_face_rgb.mp4,frame,check_face_blur,PASS,frame=1045 blur variance=211.5 >= 90,1045
103,face_rgb,103_face_rgb.mp4,frame,check_brightness,PASS,frame=1045 brightness=155 status=normal,1045
103,face_rgb,103_face_rgb.mp4,frame,check_face_detected,PASS,frame=1047 face ok,1047
103,face_rgb,103_face_rgb.mp4,frame,check_head_fully,PASS,frame=1047 Head is fully visible,1047
103,face_rgb,103_face_rgb.mp4,frame,check_face_size,PASS,frame=1047 face=546x675 >= 180x180,1047
103,face_rgb,103_face_rgb.mp4,frame,check_eyes_open,PASS,"frame=1047 eyes open (L=0.38, R=0.38 > 0.25)",1047
103,face_rgb,103_face_rgb.mp4,frame,check_face_blur,PASS,frame=1047 blur variance=221.7 >= 90,1047
103,face_rgb,103_face_rgb.mp4,frame,check_brightness,PASS,frame=1047 brightness=155 status=normal,1047
103,face_rgb,103_face_rgb.mp4,frame,check_face_detected,PASS,frame=1049 face ok,1049
103,face_rgb,103_face_rgb.mp4,frame,check_head_fully,PASS,frame=1049 Head is fully visible,1049
103,face_rgb,103_face_rgb.mp4,frame,check_face_size,PASS,frame=1049 face=549x673 >= 180x180,1049
103,face_rgb,103_face_rgb.mp4,frame,check_eyes_open,PASS,"frame=1049 eyes open (L=0.38, R=0.38 > 0.25)",1049
103,face_rgb,103_face_rgb.mp4,frame,check_face_blur,PASS,frame=1049 blur variance=212.3 >= 90,1049
103,face_rgb,103_face_rgb.mp4,frame,check_brightness,PASS,frame=1049 brightness=155 status=normal,1049
103,face_rgb,103_face_rgb.mp4,frame,check_face_detected,PASS,frame=1052 face ok,1052
103,face_rgb,103_face_rgb.mp4,frame,check_head_fully,PASS,frame=1052 Head is fully visible,1052
103,face_rgb,103_face_rgb.mp4,frame,check_face_size,PASS,frame=1052 face=548x675 >= 180x180,1052
103,face_rgb,103_face_rgb.mp4,frame,check_eyes_open,PASS,"frame=1052 eyes open (L=0.38, R=0.39 > 0.25)",1052
103,face_rgb,103_face_rgb.mp4,frame,check_face_blur,PASS,frame=1052 blur variance=208.7 >= 90,1052
103,face_rgb,103_face_rgb.mp4,frame,check_brightness,PASS,frame=1052 brightness=156 status=normal,1052
103,face_rgb,103_face_rgb.mp4,frame,check_face_detected,PASS,frame=1054 face ok,1054
103,face_rgb,103_face_rgb.mp4,frame,check_head_fully,PASS,frame=1054 Head is fully visible,1054
103,face_rgb,103_face_rgb.mp4,frame,check_face_size,PASS,frame=1054 face=546x674 >= 180x180,1054
103,face_rgb,103_face_rgb.mp4,frame,check_eyes_open,PASS,"frame=1054 eyes open (L=0.39, R=0.38 > 0.25)",1054
103,face_rgb,103_face_rgb.mp4,frame,check_face_blur,PASS,frame=1054 blur variance=226.7 >= 90,1054
103,face_rgb,103_face_rgb.mp4,frame,check_brightness,PASS,frame=1054 brightness=155 status=normal,1054
103,face_rgb,103_face_rgb.mp4,frame,check_face_detected,PASS,frame=1057 face ok,1057
103,face_rgb,103_face_rgb.mp4,frame,check_head_fully,PASS,frame=1057 Head is fully visible,1057
103,face_rgb,103_face_rgb.mp4,frame,check_face_size,PASS,frame=1057 face=549x677 >= 180x180,1057
103,face_rgb,103_face_rgb.mp4,frame,check_eyes_open,PASS,"frame=1057 eyes open (L=0.38, R=0.38 > 0.25)",1057
103,face_rgb,103_face_rgb.mp4,frame,check_face_blur,PASS,frame=1057 blur variance=233.1 >= 90,1057
103,face_rgb,103_face_rgb.mp4,frame,check_brightness,PASS,frame=1057 brightness=155 status=normal,1057
103,face_rgb,103_face_rgb.mp4,frame,check_face_detected,PASS,frame=1059 face ok,1059
103,face_rgb,103_face_rgb.mp4,frame,check_head_fully,PASS,frame=1059 Head is fully visible,1059
103,face_rgb,103_face_rgb.mp4,frame,check_face_size,PASS,frame=1059 face=554x675 >= 180x180,1059
103,face_rgb,103_face_rgb.mp4,frame,check_eyes_open,PASS,"frame=1059 eyes open (L=0.38, R=0.38 > 0.25)",1059
103,face_rgb,103_face_rgb.mp4,frame,check_face_blur,PASS,frame=1059 blur variance=236.7 >= 90,1059
103,face_rgb,103_face_rgb.mp4,frame,check_brightness,PASS,frame=1059 brightness=155 status=normal,1059
103,face_rgb,103_face_rgb.mp4,frame,check_face_detected,PASS,frame=1061 face ok,1061
103,face_rgb,103_face_rgb.mp4,frame,check_head_fully,PASS,frame=1061 Head is fully visible,1061
103,face_rgb,103_face_rgb.mp4,frame,check_face_size,PASS,frame=1061 face=547x674 >= 180x180,1061
103,face_rgb,103_face_rgb.mp4,frame,check_eyes_open,PASS,"frame=1061 eyes open (L=0.38, R=0.38 > 0.25)",1061
103,face_rgb,103_face_rgb.mp4,frame,check_face_blur,PASS,frame=1061 blur variance=217.2 >= 90,1061
103,face_rgb,103_face_rgb.mp4,frame,check_brightness,PASS,frame=1061 brightness=155 status=normal,1061
103,face_rgb,103_face_rgb.mp4,frame,check_face_detected,PASS,frame=1064 face ok,1064
103,face_rgb,103_face_rgb.mp4,frame,check_head_fully,PASS,frame=1064 Head is fully visible,1064
103,face_rgb,103_face_rgb.mp4,frame,check_face_size,PASS,frame=1064 face=547x674 >= 180x180,1064
103,face_rgb,103_face_rgb.mp4,frame,check_eyes_open,PASS,"frame=1064 eyes open (L=0.38, R=0.38 > 0.25)",1064
103,face_rgb,103_face_rgb.mp4,frame,check_face_blur,PASS,frame=1064 blur variance=241.7 >= 90,1064
103,face_rgb,103_face_rgb.mp4,frame,check_brightness,PASS,frame=1064 brightness=154 status=normal,1064
103,face_rgb,103_face_rgb.mp4,frame,check_face_detected,PASS,frame=1066 face ok,1066
103,face_rgb,103_face_rgb.mp4,frame,check_head_fully,PASS,frame=1066 Head is fully visible,1066
103,face_rgb,103_face_rgb.mp4,frame,check_face_size,PASS,frame=1066 face=547x669 >= 180x180,1066
103,face_rgb,103_face_rgb.mp4,frame,check_eyes_open,PASS,"frame=1066 eyes open (L=0.38, R=0.38 > 0.25)",1066
103,face_rgb,103_face_rgb.mp4,frame,check_face_blur,PASS,frame=1066 blur variance=234.9 >= 90,1066
103,face_rgb,103_face_rgb.mp4,frame,check_brightness,PASS,frame=1066 brightness=154 status=normal,1066
103,face_rgb,103_face_rgb.mp4,frame,check_face_detected,PASS,frame=1069 face ok,1069
103,face_rgb,103_face_rgb.mp4,frame,check_head_fully,PASS,frame=1069 Head is fully visible,1069
103,face_rgb,103_face_rgb.mp4,frame,check_face_size,PASS,frame=1069 face=546x669 >= 180x180,1069
103,face_rgb,103_face_rgb.mp4,frame,check_eyes_open,PASS,"frame=1069 eyes open (L=0.37, R=0.39 > 0.25)",1069
103,face_rgb,103_face_rgb.mp4,frame,check_face_blur,PASS,frame=1069 blur variance=229.3 >= 90,1069
103,face_rgb,103_face_rgb.mp4,frame,check_brightness,PASS,frame=1069 brightness=154 status=normal,1069
103,face_rgb,103_face_rgb.mp4,frame,check_face_detected,PASS,frame=1071 face ok,1071
103,face_rgb,103_face_rgb.mp4,frame,check_head_fully,PASS,frame=1071 Head is fully visible,1071
103,face_rgb,103_face_rgb.mp4,frame,check_face_size,PASS,frame=1071 face=546x672 >= 180x180,1071
103,face_rgb,103_face_rgb.mp4,frame,check_eyes_open,PASS,"frame=1071 eyes open (L=0.38, R=0.38 > 0.25)",1071
103,face_rgb,103_face_rgb.mp4,frame,check_face_blur,PASS,frame=1071 blur variance=235.5 >= 90,1071
103,face_rgb,103_face_rgb.mp4,frame,check_brightness,PASS,frame=1071 brightness=154 status=normal,1071
103,face_rgb,103_face_rgb.mp4,frame,check_face_detected,PASS,frame=1073 face ok,1073
103,face_rgb,103_face_rgb.mp4,frame,check_head_fully,PASS,frame=1073 Head is fully visible,1073
103,face_rgb,103_face_rgb.mp4,frame,check_face_size,PASS,frame=1073 face=548x672 >= 180x180,1073
103,face_rgb,103_face_rgb.mp4,frame,check_eyes_open,PASS,"frame=1073 eyes open (L=0.38, R=0.38 > 0.25)",1073
103,face_rgb,103_face_rgb.mp4,frame,check_face_blur,PASS,frame=1073 blur variance=224.7 >= 90,1073
103,face_rgb,103_face_rgb.mp4,frame,check_brightness,PASS,frame=1073 brightness=155 status=normal,1073
103,face_rgb,103_face_rgb.mp4,frame,check_face_detected,PASS,frame=1076 face ok,1076
103,face_rgb,103_face_rgb.mp4,frame,check_head_fully,PASS,frame=1076 Head is fully visible,1076
103,face_rgb,103_face_rgb.mp4,frame,check_face_size,PASS,frame=1076 face=548x672 >= 180x180,1076
103,face_rgb,103_face_rgb.mp4,frame,check_eyes_open,PASS,"frame=1076 eyes open (L=0.37, R=0.38 > 0.25)",1076
103,face_rgb,103_face_rgb.mp4,frame,check_face_blur,PASS,frame=1076 blur variance=227.9 >= 90,1076
103,face_rgb,103_face_rgb.mp4,frame,check_brightness,PASS,frame=1076 brightness=155 status=normal,1076
103,face_rgb,103_face_rgb.mp4,frame,check_face_detected,PASS,frame=1078 face ok,1078
103,face_rgb,103_face_rgb.mp4,frame,check_head_fully,PASS,frame=1078 Head is fully visible,1078
103,face_rgb,103_face_rgb.mp4,frame,check_face_size,PASS,frame=1078 face=548x672 >= 180x180,1078
103,face_rgb,103_face_rgb.mp4,frame,check_eyes_open,PASS,"frame=1078 eyes open (L=0.37, R=0.38 > 0.25)",1078
103,face_rgb,103_face_rgb.mp4,frame,check_face_blur,PASS,frame=1078 blur variance=224.0 >= 90,1078
103,face_rgb,103_face_rgb.mp4,frame,check_brightness,PASS,frame=1078 brightness=155 status=normal,1078
103,face_rgb,103_face_rgb.mp4,frame,check_face_detected,PASS,frame=1081 face ok,1081
103,face_rgb,103_face_rgb.mp4,frame,check_head_fully,PASS,frame=1081 Head is fully visible,1081
103,face_rgb,103_face_rgb.mp4,frame,check_face_size,PASS,frame=1081 face=546x673 >= 180x180,1081
103,face_rgb,103_face_rgb.mp4,frame,check_eyes_open,PASS,"frame=1081 eyes open (L=0.37, R=0.38 > 0.25)",1081
103,face_rgb,103_face_rgb.mp4,frame,check_face_blur,PASS,frame=1081 blur variance=248.0 >= 90,1081
103,face_rgb,103_face_rgb.mp4,frame,check_brightness,PASS,frame=1081 brightness=155 status=normal,1081
103,face_rgb,103_face_rgb.mp4,frame,check_face_detected,PASS,frame=1083 face ok,1083
103,face_rgb,103_face_rgb.mp4,frame,check_head_fully,PASS,frame=1083 Head is fully visible,1083
103,face_rgb,103_face_rgb.mp4,frame,check_face_size,PASS,frame=1083 face=547x669 >= 180x180,1083
103,face_rgb,103_face_rgb.mp4,frame,check_eyes_open,PASS,"frame=1083 eyes open (L=0.38, R=0.37 > 0.25)",1083
103,face_rgb,103_face_rgb.mp4,frame,check_face_blur,PASS,frame=1083 blur variance=232.3 >= 90,1083
103,face_rgb,103_face_rgb.mp4,frame,check_brightness,PASS,frame=1083 brightness=155 status=normal,1083
103,face_rgb,103_face_rgb.mp4,frame,check_face_detected,PASS,frame=1085 face ok,1085
103,face_rgb,103_face_rgb.mp4,frame,check_head_fully,PASS,frame=1085 Head is fully visible,1085
103,face_rgb,103_face_rgb.mp4,frame,check_face_size,PASS,frame=1085 face=543x665 >= 180x180,1085
103,face_rgb,103_face_rgb.mp4,frame,check_eyes_open,PASS,"frame=1085 eyes open (L=0.37, R=0.36 > 0.25)",1085
103,face_rgb,103_face_rgb.mp4,frame,check_face_blur,PASS,frame=1085 blur variance=213.3 >= 90,1085
103,face_rgb,103_face_rgb.mp4,frame,check_brightness,PASS,frame=1085 brightness=155 status=normal,1085
103,face_rgb,103_face_rgb.mp4,frame,check_face_detected,PASS,frame=1088 face ok,1088
103,face_rgb,103_face_rgb.mp4,frame,check_head_fully,PASS,frame=1088 Head is fully visible,1088
103,face_rgb,103_face_rgb.mp4,frame,check_face_size,PASS,frame=1088 face=548x672 >= 180x180,1088
103,face_rgb,103_face_rgb.mp4,frame,check_eyes_open,PASS,"frame=1088 eyes open (L=0.37, R=0.37 > 0.25)",1088
103,face_rgb,103_face_rgb.mp4,frame,check_face_blur,PASS,frame=1088 blur variance=234.1 >= 90,1088
103,face_rgb,103_face_rgb.mp4,frame,check_brightness,PASS,frame=1088 brightness=155 status=normal,1088
103,face_rgb,103_face_rgb.mp4,frame,check_face_detected,PASS,frame=1090 face ok,1090
103,face_rgb,103_face_rgb.mp4,frame,check_head_fully,PASS,frame=1090 Head is fully visible,1090
103,face_rgb,103_face_rgb.mp4,frame,check_face_size,PASS,frame=1090 face=552x675 >= 180x180,1090
103,face_rgb,103_face_rgb.mp4,frame,check_eyes_open,PASS,"frame=1090 eyes open (L=0.38, R=0.38 > 0.25)",1090
103,face_rgb,103_face_rgb.mp4,frame,check_face_blur,PASS,frame=1090 blur variance=239.2 >= 90,1090
103,face_rgb,103_face_rgb.mp4,frame,check_brightness,PASS,frame=1090 brightness=155 status=normal,1090
103,face_rgb,103_face_rgb.mp4,frame,check_face_detected,PASS,frame=1093 face ok,1093
103,face_rgb,103_face_rgb.mp4,frame,check_head_fully,PASS,frame=1093 Head is fully visible,1093
103,face_rgb,103_face_rgb.mp4,frame,check_face_size,PASS,frame=1093 face=547x678 >= 180x180,1093
103,face_rgb,103_face_rgb.mp4,frame,check_eyes_open,PASS,"frame=1093 eyes open (L=0.38, R=0.38 > 0.25)",1093
103,face_rgb,103_face_rgb.mp4,frame,check_face_blur,PASS,frame=1093 blur variance=256.2 >= 90,1093
103,face_rgb,103_face_rgb.mp4,frame,check_brightness,PASS,frame=1093 brightness=154 status=normal,1093
103,face_rgb,103_face_rgb.mp4,frame,check_face_detected,PASS,frame=1095 face ok,1095
103,face_rgb,103_face_rgb.mp4,frame,check_head_fully,PASS,frame=1095 Head is fully visible,1095
103,face_rgb,103_face_rgb.mp4,frame,check_face_size,PASS,frame=1095 face=547x677 >= 180x180,1095
103,face_rgb,103_face_rgb.mp4,frame,check_eyes_open,PASS,"frame=1095 eyes open (L=0.38, R=0.39 > 0.25)",1095
103,face_rgb,103_face_rgb.mp4,frame,check_face_blur,PASS,frame=1095 blur variance=231.2 >= 90,1095
103,face_rgb,103_face_rgb.mp4,frame,check_brightness,PASS,frame=1095 brightness=154 status=normal,1095
103,face_rgb,103_face_rgb.mp4,frame,check_face_detected,PASS,frame=1097 face ok,1097
103,face_rgb,103_face_rgb.mp4,frame,check_head_fully,PASS,frame=1097 Head is fully visible,1097
103,face_rgb,103_face_rgb.mp4,frame,check_face_size,PASS,frame=1097 face=547x676 >= 180x180,1097
103,face_rgb,103_face_rgb.mp4,frame,check_eyes_open,PASS,"frame=1097 eyes open (L=0.38, R=0.38 > 0.25)",1097
103,face_rgb,103_face_rgb.mp4,frame,check_face_blur,PASS,frame=1097 blur variance=249.4 >= 90,1097
103,face_rgb,103_face_rgb.mp4,frame,check_brightness,PASS,frame=1097 brightness=154 status=normal,1097
103,face_rgb,103_face_rgb.mp4,frame,check_face_detected,PASS,frame=1100 face ok,1100
103,face_rgb,103_face_rgb.mp4,frame,check_head_fully,PASS,frame=1100 Head is fully visible,1100
103,face_rgb,103_face_rgb.mp4,frame,check_face_size,PASS,frame=1100 face=547x674 >= 180x180,1100
103,face_rgb,103_face_rgb.mp4,frame,check_eyes_open,PASS,"frame=1100 eyes open (L=0.37, R=0.39 > 0.25)",1100
103,face_rgb,103_face_rgb.mp4,frame,check_face_blur,PASS,frame=1100 blur variance=260.9 >= 90,1100
103,face_rgb,103_face_rgb.mp4,frame,check_brightness,PASS,frame=1100 brightness=154 status=normal,1100
103,face_rgb,103_face_rgb.mp4,frame,check_face_detected,PASS,frame=1102 face ok,1102
103,face_rgb,103_face_rgb.mp4,frame,check_head_fully,PASS,frame=1102 Head is fully visible,1102
103,face_rgb,103_face_rgb.mp4,frame,check_face_size,PASS,frame=1102 face=547x676 >= 180x180,1102
103,face_rgb,103_face_rgb.mp4,frame,check_eyes_open,PASS,"frame=1102 eyes open (L=0.38, R=0.38 > 0.25)",1102
103,face_rgb,103_face_rgb.mp4,frame,check_face_blur,PASS,frame=1102 blur variance=259.3 >= 90,1102
103,face_rgb,103_face_rgb.mp4,frame,check_brightness,PASS,frame=1102 brightness=154 status=normal,1102
103,face_rgb,103_face_rgb.mp4,frame,check_face_detected,PASS,frame=1104 face ok,1104
103,face_rgb,103_face_rgb.mp4,frame,check_head_fully,PASS,frame=1104 Head is fully visible,1104
103,face_rgb,103_face_rgb.mp4,frame,check_face_size,PASS,frame=1104 face=546x674 >= 180x180,1104
103,face_rgb,103_face_rgb.mp4,frame,check_eyes_open,PASS,"frame=1104 eyes open (L=0.38, R=0.38 > 0.25)",1104
103,face_rgb,103_face_rgb.mp4,frame,check_face_blur,PASS,frame=1104 blur variance=280.8 >= 90,1104
103,face_rgb,103_face_rgb.mp4,frame,check_brightness,PASS,frame=1104 brightness=155 status=normal,1104
103,face_rgb,103_face_rgb.mp4,frame,check_face_detected,PASS,frame=1107 face ok,1107
103,face_rgb,103_face_rgb.mp4,frame,check_head_fully,PASS,frame=1107 Head is fully visible,1107
103,face_rgb,103_face_rgb.mp4,frame,check_face_size,PASS,frame=1107 face=546x669 >= 180x180,1107
103,face_rgb,103_face_rgb.mp4,frame,check_eyes_open,PASS,"frame=1107 eyes open (L=0.37, R=0.39 > 0.25)",1107
103,face_rgb,103_face_rgb.mp4,frame,check_face_blur,PASS,frame=1107 blur variance=243.4 >= 90,1107
103,face_rgb,103_face_rgb.mp4,frame,check_brightness,PASS,frame=1107 brightness=155 status=normal,1107
103,face_rgb,103_face_rgb.mp4,frame,check_face_detected,PASS,frame=1109 face ok,1109
103,face_rgb,103_face_rgb.mp4,frame,check_head_fully,PASS,frame=1109 Head is fully visible,1109
103,face_rgb,103_face_rgb.mp4,frame,check_face_size,PASS,frame=1109 face=546x666 >= 180x180,1109
103,face_rgb,103_face_rgb.mp4,frame,check_eyes_open,PASS,"frame=1109 eyes open (L=0.38, R=0.37 > 0.25)",1109
103,face_rgb,103_face_rgb.mp4,frame,check_face_blur,PASS,frame=1109 blur variance=227.5 >= 90,1109
103,face_rgb,103_face_rgb.mp4,frame,check_brightness,PASS,frame=1109 brightness=154 status=normal,1109
103,face_rgb,103_face_rgb.mp4,frame,check_face_detected,PASS,frame=1112 face ok,1112
103,face_rgb,103_face_rgb.mp4,frame,check_head_fully,PASS,frame=1112 Head is fully visible,1112
103,face_rgb,103_face_rgb.mp4,frame,check_face_size,PASS,frame=1112 face=547x653 >= 180x180,1112
103,face_rgb,103_face_rgb.mp4,frame,check_eyes_open,PASS,"frame=1112 eyes open (L=0.38, R=0.38 > 0.25)",1112
103,face_rgb,103_face_rgb.mp4,frame,check_face_blur,PASS,frame=1112 blur variance=239.5 >= 90,1112
103,face_rgb,103_face_rgb.mp4,frame,check_brightness,PASS,frame=1112 brightness=152 status=normal,1112
103,face_rgb,103_face_rgb.mp4,frame,check_face_detected,PASS,frame=1114 face ok,1114
103,face_rgb,103_face_rgb.mp4,frame,check_head_fully,PASS,frame=1114 Head is fully visible,1114
103,face_rgb,103_face_rgb.mp4,frame,check_face_size,PASS,frame=1114 face=554x642 >= 180x180,1114
103,face_rgb,103_face_rgb.mp4,frame,check_eyes_open,PASS,"frame=1114 eyes open (L=0.38, R=0.37 > 0.25)",1114
103,face_rgb,103_face_rgb.mp4,frame,check_face_blur,PASS,frame=1114 blur variance=205.3 >= 90,1114
103,face_rgb,103_face_rgb.mp4,frame,check_brightness,PASS,frame=1114 brightness=152 status=normal,1114
103,face_rgb,103_face_rgb.mp4,frame,check_face_detected,PASS,frame=1116 face ok,1116
103,face_rgb,103_face_rgb.mp4,frame,check_head_fully,PASS,frame=1116 Head is fully visible,1116
103,face_rgb,103_face_rgb.mp4,frame,check_face_size,SKIP,frame=1116 non-frontal (label=mid); not judged,1116
103,face_rgb,103_face_rgb.mp4,frame,check_eyes_open,SKIP,frame=1116 non-frontal (label=mid); not judged,1116
103,face_rgb,103_face_rgb.mp4,frame,check_face_blur,SKIP,frame=1116 non-frontal (label=mid); not judged,1116
103,face_rgb,103_face_rgb.mp4,frame,check_brightness,SKIP,frame=1116 non-frontal (label=mid); not judged,1116
103,face_rgb,103_face_rgb.mp4,frame,check_face_detected,PASS,frame=1119 face ok,1119
103,face_rgb,103_face_rgb.mp4,frame,check_head_fully,PASS,frame=1119 Head is fully visible,1119
103,face_rgb,103_face_rgb.mp4,frame,check_face_size,SKIP,frame=1119 non-frontal (label=mid); not judged,1119
103,face_rgb,103_face_rgb.mp4,frame,check_eyes_open,SKIP,frame=1119 non-frontal (label=mid); not judged,1119
103,face_rgb,103_face_rgb.mp4,frame,check_face_blur,SKIP,frame=1119 non-frontal (label=mid); not judged,1119
103,face_rgb,103_face_rgb.mp4,frame,check_brightness,SKIP,frame=1119 non-frontal (label=mid); not judged,1119
103,face_rgb,103_face_rgb.mp4,frame,check_face_detected,PASS,frame=1121 face ok,1121
103,face_rgb,103_face_rgb.mp4,frame,check_head_fully,PASS,frame=1121 Head is fully visible,1121
103,face_rgb,103_face_rgb.mp4,frame,check_face_size,SKIP,frame=1121 non-frontal (label=mid); not judged,1121
103,face_rgb,103_face_rgb.mp4,frame,check_eyes_open,SKIP,frame=1121 non-frontal (label=mid); not judged,1121
103,face_rgb,103_face_rgb.mp4,frame,check_face_blur,SKIP,frame=1121 non-frontal (label=mid); not judged,1121
103,face_rgb,103_face_rgb.mp4,frame,check_brightness,SKIP,frame=1121 non-frontal (label=mid); not judged,1121
103,face_rgb,103_face_rgb.mp4,frame,check_face_detected,PASS,frame=1124 face ok,1124
103,face_rgb,103_face_rgb.mp4,frame,check_head_fully,PASS,frame=1124 Head is fully visible,1124
103,face_rgb,103_face_rgb.mp4,frame,check_face_size,SKIP,frame=1124 non-frontal (label=mid); not judged,1124
103,face_rgb,103_face_rgb.mp4,frame,check_eyes_open,SKIP,frame=1124 non-frontal (label=mid); not judged,1124
103,face_rgb,103_face_rgb.mp4,frame,check_face_blur,SKIP,frame=1124 non-frontal (label=mid); not judged,1124
103,face_rgb,103_face_rgb.mp4,frame,check_brightness,SKIP,frame=1124 non-frontal (label=mid); not judged,1124
103,face_rgb,103_face_rgb.mp4,frame,check_face_detected,PASS,frame=1126 face ok,1126
103,face_rgb,103_face_rgb.mp4,frame,check_head_fully,PASS,frame=1126 Head is fully visible,1126
103,face_rgb,103_face_rgb.mp4,frame,check_face_size,SKIP,frame=1126 non-frontal (label=mid); not judged,1126
103,face_rgb,103_face_rgb.mp4,frame,check_eyes_open,SKIP,frame=1126 non-frontal (label=mid); not judged,1126
103,face_rgb,103_face_rgb.mp4,frame,check_face_blur,SKIP,frame=1126 non-frontal (label=mid); not judged,1126
103,face_rgb,103_face_rgb.mp4,frame,check_brightness,SKIP,frame=1126 non-frontal (label=mid); not judged,1126
103,face_rgb,103_face_rgb.mp4,frame,check_face_detected,PASS,frame=1128 face ok,1128
103,face_rgb,103_face_rgb.mp4,frame,check_head_fully,PASS,frame=1128 Head is fully visible,1128
103,face_rgb,103_face_rgb.mp4,frame,check_face_size,SKIP,frame=1128 non-frontal (label=mid); not judged,1128
103,face_rgb,103_face_rgb.mp4,frame,check_eyes_open,SKIP,frame=1128 non-frontal (label=mid); not judged,1128
103,face_rgb,103_face_rgb.mp4,frame,check_face_blur,SKIP,frame=1128 non-frontal (label=mid); not judged,1128
103,face_rgb,103_face_rgb.mp4,frame,check_brightness,SKIP,frame=1128 non-frontal (label=mid); not judged,1128
103,face_rgb,103_face_rgb.mp4,frame,check_face_detected,PASS,frame=1131 face ok,1131
103,face_rgb,103_face_rgb.mp4,frame,check_head_fully,PASS,frame=1131 Head is fully visible,1131
103,face_rgb,103_face_rgb.mp4,frame,check_face_size,SKIP,frame=1131 non-frontal (label=mid); not judged,1131
103,face_rgb,103_face_rgb.mp4,frame,check_eyes_open,SKIP,frame=1131 non-frontal (label=mid); not judged,1131
103,face_rgb,103_face_rgb.mp4,frame,check_face_blur,SKIP,frame=1131 non-frontal (label=mid); not judged,1131
103,face_rgb,103_face_rgb.mp4,frame,check_brightness,SKIP,frame=1131 non-frontal (label=mid); not judged,1131
103,face_rgb,103_face_rgb.mp4,frame,check_face_detected,PASS,frame=1133 face ok,1133
103,face_rgb,103_face_rgb.mp4,frame,check_head_fully,PASS,frame=1133 Head is fully visible,1133
103,face_rgb,103_face_rgb.mp4,frame,check_face_size,SKIP,frame=1133 non-frontal (label=mid); not judged,1133
103,face_rgb,103_face_rgb.mp4,frame,check_eyes_open,SKIP,frame=1133 non-frontal (label=mid); not judged,1133
103,face_rgb,103_face_rgb.mp4,frame,check_face_blur,SKIP,frame=1133 non-frontal (label=mid); not judged,1133
103,face_rgb,103_face_rgb.mp4,frame,check_brightness,SKIP,frame=1133 non-frontal (label=mid); not judged,1133
103,face_rgb,103_face_rgb.mp4,frame,check_face_detected,PASS,frame=1136 face ok,1136
103,face_rgb,103_face_rgb.mp4,frame,check_head_fully,PASS,frame=1136 Head is fully visible,1136
103,face_rgb,103_face_rgb.mp4,frame,check_face_size,SKIP,frame=1136 non-frontal (label=mid); not judged,1136
103,face_rgb,103_face_rgb.mp4,frame,check_eyes_open,SKIP,frame=1136 non-frontal (label=mid); not judged,1136
103,face_rgb,103_face_rgb.mp4,frame,check_face_blur,SKIP,frame=1136 non-frontal (label=mid); not judged,1136
103,face_rgb,103_face_rgb.mp4,frame,check_brightness,SKIP,frame=1136 non-frontal (label=mid); not judged,1136
103,face_rgb,103_face_rgb.mp4,frame,check_face_detected,PASS,frame=1138 face ok,1138
103,face_rgb,103_face_rgb.mp4,frame,check_head_fully,PASS,frame=1138 Head is fully visible,1138
103,face_rgb,103_face_rgb.mp4,frame,check_face_size,SKIP,frame=1138 non-frontal (label=mid); not judged,1138
103,face_rgb,103_face_rgb.mp4,frame,check_eyes_open,SKIP,frame=1138 non-frontal (label=mid); not judged,1138
103,face_rgb,103_face_rgb.mp4,frame,check_face_blur,SKIP,frame=1138 non-frontal (label=mid); not judged,1138
103,face_rgb,103_face_rgb.mp4,frame,check_brightness,SKIP,frame=1138 non-frontal (label=mid); not judged,1138
103,face_rgb,103_face_rgb.mp4,frame,check_face_detected,PASS,frame=1140 face ok,1140
103,face_rgb,103_face_rgb.mp4,frame,check_head_fully,PASS,frame=1140 Head is fully visible,1140
103,face_rgb,103_face_rgb.mp4,frame,check_face_size,SKIP,frame=1140 non-frontal (label=mid); not judged,1140
103,face_rgb,103_face_rgb.mp4,frame,check_eyes_open,SKIP,frame=1140 non-frontal (label=mid); not judged,1140
103,face_rgb,103_face_rgb.mp4,frame,check_face_blur,SKIP,frame=1140 non-frontal (label=mid); not judged,1140
103,face_rgb,103_face_rgb.mp4,frame,check_brightness,SKIP,frame=1140 non-frontal (label=mid); not judged,1140
103,face_rgb,103_face_rgb.mp4,frame,check_face_detected,PASS,frame=1143 face ok,1143
103,face_rgb,103_face_rgb.mp4,frame,check_head_fully,PASS,frame=1143 Head is fully visible,1143
103,face_rgb,103_face_rgb.mp4,frame,check_face_size,SKIP,frame=1143 non-frontal (label=down); not judged,1143
103,face_rgb,103_face_rgb.mp4,frame,check_eyes_open,SKIP,frame=1143 non-frontal (label=down); not judged,1143
103,face_rgb,103_face_rgb.mp4,frame,check_face_blur,SKIP,frame=1143 non-frontal (label=down); not judged,1143
103,face_rgb,103_face_rgb.mp4,frame,check_brightness,SKIP,frame=1143 non-frontal (label=down); not judged,1143
103,face_rgb,103_face_rgb.mp4,frame,check_face_detected,PASS,frame=1145 face ok,1145
103,face_rgb,103_face_rgb.mp4,frame,check_head_fully,PASS,frame=1145 Head is fully visible,1145
103,face_rgb,103_face_rgb.mp4,frame,check_face_size,SKIP,frame=1145 non-frontal (label=down); not judged,1145
103,face_rgb,103_face_rgb.mp4,frame,check_eyes_open,SKIP,frame=1145 non-frontal (label=down); not judged,1145
103,face_rgb,103_face_rgb.mp4,frame,check_face_blur,SKIP,frame=1145 non-frontal (label=down); not judged,1145
103,face_rgb,103_face_rgb.mp4,frame,check_brightness,SKIP,frame=1145 non-frontal (label=down); not judged,1145
103,face_rgb,103_face_rgb.mp4,frame,check_face_detected,PASS,frame=1148 face ok,1148
103,face_rgb,103_face_rgb.mp4,frame,check_head_fully,PASS,frame=1148 Head is fully visible,1148
103,face_rgb,103_face_rgb.mp4,frame,check_face_size,SKIP,frame=1148 non-frontal (label=down); not judged,1148
103,face_rgb,103_face_rgb.mp4,frame,check_eyes_open,SKIP,frame=1148 non-frontal (label=down); not judged,1148
103,face_rgb,103_face_rgb.mp4,frame,check_face_blur,SKIP,frame=1148 non-frontal (label=down); not judged,1148
103,face_rgb,103_face_rgb.mp4,frame,check_brightness,SKIP,frame=1148 non-frontal (label=down); not judged,1148
103,face_rgb,103_face_rgb.mp4,frame,check_face_detected,PASS,frame=1150 face ok,1150
103,face_rgb,103_face_rgb.mp4,frame,check_head_fully,PASS,frame=1150 Head is fully visible,1150
103,face_rgb,103_face_rgb.mp4,frame,check_face_size,SKIP,frame=1150 non-frontal (label=down); not judged,1150
103,face_rgb,103_face_rgb.mp4,frame,check_eyes_open,SKIP,frame=1150 non-frontal (label=down); not judged,1150
103,face_rgb,103_face_rgb.mp4,frame,check_face_blur,SKIP,frame=1150 non-frontal (label=down); not judged,1150
103,face_rgb,103_face_rgb.mp4,frame,check_brightness,SKIP,frame=1150 non-frontal (label=down); not judged,1150
103,face_rgb,103_face_rgb.mp4,frame,check_face_detected,PASS,frame=1152 face ok,1152
103,face_rgb,103_face_rgb.mp4,frame,check_head_fully,PASS,frame=1152 Head is fully visible,1152
103,face_rgb,103_face_rgb.mp4,frame,check_face_size,SKIP,frame=1152 non-frontal (label=down); not judged,1152
103,face_rgb,103_face_rgb.mp4,frame,check_eyes_open,SKIP,frame=1152 non-frontal (label=down); not judged,1152
103,face_rgb,103_face_rgb.mp4,frame,check_face_blur,SKIP,frame=1152 non-frontal (label=down); not judged,1152
103,face_rgb,103_face_rgb.mp4,frame,check_brightness,SKIP,frame=1152 non-frontal (label=down); not judged,1152
103,face_rgb,103_face_rgb.mp4,frame,check_face_detected,PASS,frame=1155 face ok,1155
103,face_rgb,103_face_rgb.mp4,frame,check_head_fully,PASS,frame=1155 Head is fully visible,1155
103,face_rgb,103_face_rgb.mp4,frame,check_face_size,SKIP,frame=1155 non-frontal (label=down); not judged,1155
103,face_rgb,103_face_rgb.mp4,frame,check_eyes_open,SKIP,frame=1155 non-frontal (label=down); not judged,1155
103,face_rgb,103_face_rgb.mp4,frame,check_face_blur,SKIP,frame=1155 non-frontal (label=down); not judged,1155
103,face_rgb,103_face_rgb.mp4,frame,check_brightness,SKIP,frame=1155 non-frontal (label=down); not judged,1155
103,face_rgb,103_face_rgb.mp4,frame,check_face_detected,PASS,frame=1157 face ok,1157
103,face_rgb,103_face_rgb.mp4,frame,check_head_fully,PASS,frame=1157 Head is fully visible,1157
103,face_rgb,103_face_rgb.mp4,frame,check_face_size,SKIP,frame=1157 non-frontal (label=down); not judged,1157
103,face_rgb,103_face_rgb.mp4,frame,check_eyes_open,SKIP,frame=1157 non-frontal (label=down); not judged,1157
103,face_rgb,103_face_rgb.mp4,frame,check_face_blur,SKIP,frame=1157 non-frontal (label=down); not judged,1157
103,face_rgb,103_face_rgb.mp4,frame,check_brightness,SKIP,frame=1157 non-frontal (label=down); not judged,1157
103,face_rgb,103_face_rgb.mp4,frame,check_face_detected,PASS,frame=1159 face ok,1159
103,face_rgb,103_face_rgb.mp4,frame,check_head_fully,PASS,frame=1159 Head is fully visible,1159
103,face_rgb,103_face_rgb.mp4,frame,check_face_size,SKIP,frame=1159 non-frontal (label=down); not judged,1159
103,face_rgb,103_face_rgb.mp4,frame,check_eyes_open,SKIP,frame=1159 non-frontal (label=down); not judged,1159
103,face_rgb,103_face_rgb.mp4,frame,check_face_blur,SKIP,frame=1159 non-frontal (label=down); not judged,1159
103,face_rgb,103_face_rgb.mp4,frame,check_brightness,SKIP,frame=1159 non-frontal (label=down); not judged,1159
103,face_rgb,103_face_rgb.mp4,frame,check_face_detected,PASS,frame=1162 face ok,1162
103,face_rgb,103_face_rgb.mp4,frame,check_head_fully,PASS,frame=1162 Head is fully visible,1162
103,face_rgb,103_face_rgb.mp4,frame,check_face_size,SKIP,frame=1162 non-frontal (label=down); not judged,1162
103,face_rgb,103_face_rgb.mp4,frame,check_eyes_open,SKIP,frame=1162 non-frontal (label=down); not judged,1162
103,face_rgb,103_face_rgb.mp4,frame,check_face_blur,SKIP,frame=1162 non-frontal (label=down); not judged,1162
103,face_rgb,103_face_rgb.mp4,frame,check_brightness,SKIP,frame=1162 non-frontal (label=down); not judged,1162
103,face_rgb,103_face_rgb.mp4,frame,check_face_detected,PASS,frame=1164 face ok,1164
103,face_rgb,103_face_rgb.mp4,frame,check_head_fully,PASS,frame=1164 Head is fully visible,1164
103,face_rgb,103_face_rgb.mp4,frame,check_face_size,SKIP,frame=1164 non-frontal (label=down); not judged,1164
103,face_rgb,103_face_rgb.mp4,frame,check_eyes_open,SKIP,frame=1164 non-frontal (label=down); not judged,1164
103,face_rgb,103_face_rgb.mp4,frame,check_face_blur,SKIP,frame=1164 non-frontal (label=down); not judged,1164
103,face_rgb,103_face_rgb.mp4,frame,check_brightness,SKIP,frame=1164 non-frontal (label=down); not judged,1164
103,face_rgb,103_face_rgb.mp4,frame,check_face_detected,PASS,frame=1167 face ok,1167
103,face_rgb,103_face_rgb.mp4,frame,check_head_fully,PASS,frame=1167 Head is fully visible,1167
103,face_rgb,103_face_rgb.mp4,frame,check_face_size,SKIP,frame=1167 non-frontal (label=down); not judged,1167
103,face_rgb,103_face_rgb.mp4,frame,check_eyes_open,SKIP,frame=1167 non-frontal (label=down); not judged,1167
103,face_rgb,103_face_rgb.mp4,frame,check_face_blur,SKIP,frame=1167 non-frontal (label=down); not judged,1167
103,face_rgb,103_face_rgb.mp4,frame,check_brightness,SKIP,frame=1167 non-frontal (label=down); not judged,1167
103,face_rgb,103_face_rgb.mp4,frame,check_face_detected,PASS,frame=1169 face ok,1169
103,face_rgb,103_face_rgb.mp4,frame,check_head_fully,PASS,frame=1169 Head is fully visible,1169
103,face_rgb,103_face_rgb.mp4,frame,check_face_size,SKIP,frame=1169 non-frontal (label=down); not judged,1169
103,face_rgb,103_face_rgb.mp4,frame,check_eyes_open,SKIP,frame=1169 non-frontal (label=down); not judged,1169
103,face_rgb,103_face_rgb.mp4,frame,check_face_blur,SKIP,frame=1169 non-frontal (label=down); not judged,1169
103,face_rgb,103_face_rgb.mp4,frame,check_brightness,SKIP,frame=1169 non-frontal (label=down); not judged,1169
103,face_rgb,103_face_rgb.mp4,frame,check_face_detected,PASS,frame=1171 face ok,1171
103,face_rgb,103_face_rgb.mp4,frame,check_head_fully,PASS,frame=1171 Head is fully visible,1171
103,face_rgb,103_face_rgb.mp4,frame,check_face_size,SKIP,frame=1171 non-frontal (label=down); not judged,1171
103,face_rgb,103_face_rgb.mp4,frame,check_eyes_open,SKIP,frame=1171 non-frontal (label=down); not judged,1171
103,face_rgb,103_face_rgb.mp4,frame,check_face_blur,SKIP,frame=1171 non-frontal (label=down); not judged,1171
103,face_rgb,103_face_rgb.mp4,frame,check_brightness,SKIP,frame=1171 non-frontal (label=down); not judged,1171
103,face_rgb,103_face_rgb.mp4,frame,check_face_detected,PASS,frame=1174 face ok,1174
103,face_rgb,103_face_rgb.mp4,frame,check_head_fully,PASS,frame=1174 Head is fully visible,1174
103,face_rgb,103_face_rgb.mp4,frame,check_face_size,SKIP,frame=1174 non-frontal (label=down); not judged,1174
103,face_rgb,103_face_rgb.mp4,frame,check_eyes_open,SKIP,frame=1174 non-frontal (label=down); not judged,1174
103,face_rgb,103_face_rgb.mp4,frame,check_face_blur,SKIP,frame=1174 non-frontal (label=down); not judged,1174
103,face_rgb,103_face_rgb.mp4,frame,check_brightness,SKIP,frame=1174 non-frontal (label=down); not judged,1174
103,face_rgb,103_face_rgb.mp4,frame,check_face_detected,PASS,frame=1176 face ok,1176
103,face_rgb,103_face_rgb.mp4,frame,check_head_fully,PASS,frame=1176 Head is fully visible,1176
103,face_rgb,103_face_rgb.mp4,frame,check_face_size,SKIP,frame=1176 non-frontal (label=down); not judged,1176
103,face_rgb,103_face_rgb.mp4,frame,check_eyes_open,SKIP,frame=1176 non-frontal (label=down); not judged,1176
103,face_rgb,103_face_rgb.mp4,frame,check_face_blur,SKIP,frame=1176 non-frontal (label=down); not judged,1176
103,face_rgb,103_face_rgb.mp4,frame,check_brightness,SKIP,frame=1176 non-frontal (label=down); not judged,1176
103,face_rgb,103_face_rgb.mp4,frame,check_face_detected,PASS,frame=1179 face ok,1179
103,face_rgb,103_face_rgb.mp4,frame,check_head_fully,PASS,frame=1179 Head is fully visible,1179
103,face_rgb,103_face_rgb.mp4,frame,check_face_size,SKIP,frame=1179 non-frontal (label=down); not judged,1179
103,face_rgb,103_face_rgb.mp4,frame,check_eyes_open,SKIP,frame=1179 non-frontal (label=down); not judged,1179
103,face_rgb,103_face_rgb.mp4,frame,check_face_blur,SKIP,frame=1179 non-frontal (label=down); not judged,1179
103,face_rgb,103_face_rgb.mp4,frame,check_brightness,SKIP,frame=1179 non-frontal (label=down); not judged,1179
103,face_rgb,103_face_rgb.mp4,frame,check_face_detected,PASS,frame=1181 face ok,1181
103,face_rgb,103_face_rgb.mp4,frame,check_head_fully,PASS,frame=1181 Head is fully visible,1181
103,face_rgb,103_face_rgb.mp4,frame,check_face_size,SKIP,frame=1181 non-frontal (label=down); not judged,1181
103,face_rgb,103_face_rgb.mp4,frame,check_eyes_open,SKIP,frame=1181 non-frontal (label=down); not judged,1181
103,face_rgb,103_face_rgb.mp4,frame,check_face_blur,SKIP,frame=1181 non-frontal (label=down); not judged,1181
103,face_rgb,103_face_rgb.mp4,frame,check_brightness,SKIP,frame=1181 non-frontal (label=down); not judged,1181
103,face_rgb,103_face_rgb.mp4,frame,check_face_detected,PASS,frame=1183 face ok,1183
103,face_rgb,103_face_rgb.mp4,frame,check_head_fully,PASS,frame=1183 Head is fully visible,1183
103,face_rgb,103_face_rgb.mp4,frame,check_face_size,SKIP,frame=1183 non-frontal (label=down); not judged,1183
103,face_rgb,103_face_rgb.mp4,frame,check_eyes_open,SKIP,frame=1183 non-frontal (label=down); not judged,1183
103,face_rgb,103_face_rgb.mp4,frame,check_face_blur,SKIP,frame=1183 non-frontal (label=down); not judged,1183
103,face_rgb,103_face_rgb.mp4,frame,check_brightness,SKIP,frame=1183 non-frontal (label=down); not judged,1183
103,face_rgb,103_face_rgb.mp4,frame,check_face_detected,PASS,frame=1186 face ok,1186
103,face_rgb,103_face_rgb.mp4,frame,check_head_fully,PASS,frame=1186 Head is fully visible,1186
103,face_rgb,103_face_rgb.mp4,frame,check_face_size,SKIP,frame=1186 non-frontal (label=down); not judged,1186
103,face_rgb,103_face_rgb.mp4,frame,check_eyes_open,SKIP,frame=1186 non-frontal (label=down); not judged,1186
103,face_rgb,103_face_rgb.mp4,frame,check_face_blur,SKIP,frame=1186 non-frontal (label=down); not judged,1186
103,face_rgb,103_face_rgb.mp4,frame,check_brightness,SKIP,frame=1186 non-frontal (label=down); not judged,1186
103,face_rgb,103_face_rgb.mp4,frame,check_face_detected,PASS,frame=1188 face ok,1188
103,face_rgb,103_face_rgb.mp4,frame,check_head_fully,PASS,frame=1188 Head is fully visible,1188
103,face_rgb,103_face_rgb.mp4,frame,check_face_size,SKIP,frame=1188 non-frontal (label=down); not judged,1188
103,face_rgb,103_face_rgb.mp4,frame,check_eyes_open,SKIP,frame=1188 non-frontal (label=down); not judged,1188
103,face_rgb,103_face_rgb.mp4,frame,check_face_blur,SKIP,frame=1188 non-frontal (label=down); not judged,1188
103,face_rgb,103_face_rgb.mp4,frame,check_brightness,SKIP,frame=1188 non-frontal (label=down); not judged,1188
103,face_rgb,103_face_rgb.mp4,frame,check_face_detected,PASS,frame=1191 face ok,1191
103,face_rgb,103_face_rgb.mp4,frame,check_head_fully,PASS,frame=1191 Head is fully visible,1191
103,face_rgb,103_face_rgb.mp4,frame,check_face_size,SKIP,frame=1191 non-frontal (label=mid); not judged,1191
103,face_rgb,103_face_rgb.mp4,frame,check_eyes_open,SKIP,frame=1191 non-frontal (label=mid); not judged,1191
103,face_rgb,103_face_rgb.mp4,frame,check_face_blur,SKIP,frame=1191 non-frontal (label=mid); not judged,1191
103,face_rgb,103_face_rgb.mp4,frame,check_brightness,SKIP,frame=1191 non-frontal (label=mid); not judged,1191
103,face_rgb,103_face_rgb.mp4,frame,check_face_detected,PASS,frame=1193 face ok,1193
103,face_rgb,103_face_rgb.mp4,frame,check_head_fully,PASS,frame=1193 Head is fully visible,1193
103,face_rgb,103_face_rgb.mp4,frame,check_face_size,SKIP,frame=1193 non-frontal (label=mid); not judged,1193
103,face_rgb,103_face_rgb.mp4,frame,check_eyes_open,SKIP,frame=1193 non-frontal (label=mid); not judged,1193
103,face_rgb,103_face_rgb.mp4,frame,check_face_blur,SKIP,frame=1193 non-frontal (label=mid); not judged,1193
103,face_rgb,103_face_rgb.mp4,frame,check_brightness,SKIP,frame=1193 non-frontal (label=mid); not judged,1193
103,face_rgb,103_face_rgb.mp4,frame,check_face_detected,PASS,frame=1195 face ok,1195
103,face_rgb,103_face_rgb.mp4,frame,check_head_fully,PASS,frame=1195 Head is fully visible,1195
103,face_rgb,103_face_rgb.mp4,frame,check_face_size,SKIP,frame=1195 non-frontal (label=mid); not judged,1195
103,face_rgb,103_face_rgb.mp4,frame,check_eyes_open,SKIP,frame=1195 non-frontal (label=mid); not judged,1195
103,face_rgb,103_face_rgb.mp4,frame,check_face_blur,SKIP,frame=1195 non-frontal (label=mid); not judged,1195
103,face_rgb,103_face_rgb.mp4,frame,check_brightness,SKIP,frame=1195 non-frontal (label=mid); not judged,1195
103,face_rgb,103_face_rgb.mp4,frame,check_face_detected,PASS,frame=1198 face ok,1198
103,face_rgb,103_face_rgb.mp4,frame,check_head_fully,PASS,frame=1198 Head is fully visible,1198
103,face_rgb,103_face_rgb.mp4,frame,check_face_size,SKIP,frame=1198 non-frontal (label=down); not judged,1198
103,face_rgb,103_face_rgb.mp4,frame,check_eyes_open,SKIP,frame=1198 non-frontal (label=down); not judged,1198
103,face_rgb,103_face_rgb.mp4,frame,check_face_blur,SKIP,frame=1198 non-frontal (label=down); not judged,1198
103,face_rgb,103_face_rgb.mp4,frame,check_brightness,SKIP,frame=1198 non-frontal (label=down); not judged,1198
103,face_rgb,103_face_rgb.mp4,frame,check_face_detected,PASS,frame=1200 face ok,1200
103,face_rgb,103_face_rgb.mp4,frame,check_head_fully,PASS,frame=1200 Head is fully visible,1200
103,face_rgb,103_face_rgb.mp4,frame,check_face_size,SKIP,frame=1200 non-frontal (label=down); not judged,1200
103,face_rgb,103_face_rgb.mp4,frame,check_eyes_open,SKIP,frame=1200 non-frontal (label=down); not judged,1200
103,face_rgb,103_face_rgb.mp4,frame,check_face_blur,SKIP,frame=1200 non-frontal (label=down); not judged,1200
103,face_rgb,103_face_rgb.mp4,frame,check_brightness,SKIP,frame=1200 non-frontal (label=down); not judged,1200
103,face_rgb,103_face_rgb.mp4,frame,check_face_detected,PASS,frame=1202 face ok,1202
103,face_rgb,103_face_rgb.mp4,frame,check_head_fully,PASS,frame=1202 Head is fully visible,1202
103,face_rgb,103_face_rgb.mp4,frame,check_face_size,SKIP,frame=1202 non-frontal (label=down); not judged,1202
103,face_rgb,103_face_rgb.mp4,frame,check_eyes_open,SKIP,frame=1202 non-frontal (label=down); not judged,1202
103,face_rgb,103_face_rgb.mp4,frame,check_face_blur,SKIP,frame=1202 non-frontal (label=down); not judged,1202
103,face_rgb,103_face_rgb.mp4,frame,check_brightness,SKIP,frame=1202 non-frontal (label=down); not judged,1202
103,face_rgb,103_face_rgb.mp4,frame,check_face_detected,PASS,frame=1205 face ok,1205
103,face_rgb,103_face_rgb.mp4,frame,check_head_fully,PASS,frame=1205 Head is fully visible,1205
103,face_rgb,103_face_rgb.mp4,frame,check_face_size,SKIP,frame=1205 non-frontal (label=mid); not judged,1205
103,face_rgb,103_face_rgb.mp4,frame,check_eyes_open,SKIP,frame=1205 non-frontal (label=mid); not judged,1205
103,face_rgb,103_face_rgb.mp4,frame,check_face_blur,SKIP,frame=1205 non-frontal (label=mid); not judged,1205
103,face_rgb,103_face_rgb.mp4,frame,check_brightness,SKIP,frame=1205 non-frontal (label=mid); not judged,1205
103,face_rgb,103_face_rgb.mp4,frame,check_face_detected,PASS,frame=1207 face ok,1207
103,face_rgb,103_face_rgb.mp4,frame,check_head_fully,PASS,frame=1207 Head is fully visible,1207
103,face_rgb,103_face_rgb.mp4,frame,check_face_size,SKIP,frame=1207 non-frontal (label=down); not judged,1207
103,face_rgb,103_face_rgb.mp4,frame,check_eyes_open,SKIP,frame=1207 non-frontal (label=down); not judged,1207
103,face_rgb,103_face_rgb.mp4,frame,check_face_blur,SKIP,frame=1207 non-frontal (label=down); not judged,1207
103,face_rgb,103_face_rgb.mp4,frame,check_brightness,SKIP,frame=1207 non-frontal (label=down); not judged,1207
103,face_rgb,103_face_rgb.mp4,frame,check_face_detected,PASS,frame=1210 face ok,1210
103,face_rgb,103_face_rgb.mp4,frame,check_head_fully,PASS,frame=1210 Head is fully visible,1210
103,face_rgb,103_face_rgb.mp4,frame,check_face_size,SKIP,frame=1210 non-frontal (label=down); not judged,1210
103,face_rgb,103_face_rgb.mp4,frame,check_eyes_open,SKIP,frame=1210 non-frontal (label=down); not judged,1210
103,face_rgb,103_face_rgb.mp4,frame,check_face_blur,SKIP,frame=1210 non-frontal (label=down); not judged,1210
103,face_rgb,103_face_rgb.mp4,frame,check_brightness,SKIP,frame=1210 non-frontal (label=down); not judged,1210
103,face_rgb,103_face_rgb.mp4,frame,check_face_detected,PASS,frame=1212 face ok,1212
103,face_rgb,103_face_rgb.mp4,frame,check_head_fully,PASS,frame=1212 Head is fully visible,1212
103,face_rgb,103_face_rgb.mp4,frame,check_face_size,SKIP,frame=1212 non-frontal (label=down); not judged,1212
103,face_rgb,103_face_rgb.mp4,frame,check_eyes_open,SKIP,frame=1212 non-frontal (label=down); not judged,1212
103,face_rgb,103_face_rgb.mp4,frame,check_face_blur,SKIP,frame=1212 non-frontal (label=down); not judged,1212
103,face_rgb,103_face_rgb.mp4,frame,check_brightness,SKIP,frame=1212 non-frontal (label=down); not judged,1212
103,face_rgb,103_face_rgb.mp4,frame,check_face_detected,PASS,frame=1214 face ok,1214
103,face_rgb,103_face_rgb.mp4,frame,check_head_fully,PASS,frame=1214 Head is fully visible,1214
103,face_rgb,103_face_rgb.mp4,frame,check_face_size,SKIP,frame=1214 non-frontal (label=down); not judged,1214
103,face_rgb,103_face_rgb.mp4,frame,check_eyes_open,SKIP,frame=1214 non-frontal (label=down); not judged,1214
103,face_rgb,103_face_rgb.mp4,frame,check_face_blur,SKIP,frame=1214 non-frontal (label=down); not judged,1214
103,face_rgb,103_face_rgb.mp4,frame,check_brightness,SKIP,frame=1214 non-frontal (label=down); not judged,1214
103,face_rgb,103_face_rgb.mp4,frame,check_face_detected,PASS,frame=1217 face ok,1217
103,face_rgb,103_face_rgb.mp4,frame,check_head_fully,PASS,frame=1217 Head is fully visible,1217
103,face_rgb,103_face_rgb.mp4,frame,check_face_size,SKIP,frame=1217 non-frontal (label=down); not judged,1217
103,face_rgb,103_face_rgb.mp4,frame,check_eyes_open,SKIP,frame=1217 non-frontal (label=down); not judged,1217
103,face_rgb,103_face_rgb.mp4,frame,check_face_blur,SKIP,frame=1217 non-frontal (label=down); not judged,1217
103,face_rgb,103_face_rgb.mp4,frame,check_brightness,SKIP,frame=1217 non-frontal (label=down); not judged,1217
103,face_rgb,103_face_rgb.mp4,frame,check_face_detected,PASS,frame=1219 face ok,1219
103,face_rgb,103_face_rgb.mp4,frame,check_head_fully,PASS,frame=1219 Head is fully visible,1219
103,face_rgb,103_face_rgb.mp4,frame,check_face_size,SKIP,frame=1219 non-frontal (label=down); not judged,1219
103,face_rgb,103_face_rgb.mp4,frame,check_eyes_open,SKIP,frame=1219 non-frontal (label=down); not judged,1219
103,face_rgb,103_face_rgb.mp4,frame,check_face_blur,SKIP,frame=1219 non-frontal (label=down); not judged,1219
103,face_rgb,103_face_rgb.mp4,frame,check_brightness,SKIP,frame=1219 non-frontal (label=down); not judged,1219
103,face_rgb,103_face_rgb.mp4,frame,check_face_detected,PASS,frame=1222 face ok,1222
103,face_rgb,103_face_rgb.mp4,frame,check_head_fully,PASS,frame=1222 Head is fully visible,1222
103,face_rgb,103_face_rgb.mp4,frame,check_face_size,SKIP,frame=1222 non-frontal (label=down); not judged,1222
103,face_rgb,103_face_rgb.mp4,frame,check_eyes_open,SKIP,frame=1222 non-frontal (label=down); not judged,1222
103,face_rgb,103_face_rgb.mp4,frame,check_face_blur,SKIP,frame=1222 non-frontal (label=down); not judged,1222
103,face_rgb,103_face_rgb.mp4,frame,check_brightness,SKIP,frame=1222 non-frontal (label=down); not judged,1222
103,face_rgb,103_face_rgb.mp4,frame,check_face_detected,PASS,frame=1224 face ok,1224
103,face_rgb,103_face_rgb.mp4,frame,check_head_fully,PASS,frame=1224 Head is fully visible,1224
103,face_rgb,103_face_rgb.mp4,frame,check_face_size,SKIP,frame=1224 non-frontal (label=down); not judged,1224
103,face_rgb,103_face_rgb.mp4,frame,check_eyes_open,SKIP,frame=1224 non-frontal (label=down); not judged,1224
103,face_rgb,103_face_rgb.mp4,frame,check_face_blur,SKIP,frame=1224 non-frontal (label=down); not judged,1224
103,face_rgb,103_face_rgb.mp4,frame,check_brightness,SKIP,frame=1224 non-frontal (label=down); not judged,1224
103,face_rgb,103_face_rgb.mp4,frame,check_face_detected,PASS,frame=1226 face ok,1226
103,face_rgb,103_face_rgb.mp4,frame,check_head_fully,PASS,frame=1226 Head is fully visible,1226
103,face_rgb,103_face_rgb.mp4,frame,check_face_size,SKIP,frame=1226 non-frontal (label=down); not judged,1226
103,face_rgb,103_face_rgb.mp4,frame,check_eyes_open,SKIP,frame=1226 non-frontal (label=down); not judged,1226
103,face_rgb,103_face_rgb.mp4,frame,check_face_blur,SKIP,frame=1226 non-frontal (label=down); not judged,1226
103,face_rgb,103_face_rgb.mp4,frame,check_brightness,SKIP,frame=1226 non-frontal (label=down); not judged,1226
103,face_rgb,103_face_rgb.mp4,frame,check_face_detected,PASS,frame=1229 face ok,1229
103,face_rgb,103_face_rgb.mp4,frame,check_head_fully,PASS,frame=1229 Head is fully visible,1229
103,face_rgb,103_face_rgb.mp4,frame,check_face_size,SKIP,frame=1229 non-frontal (label=down); not judged,1229
103,face_rgb,103_face_rgb.mp4,frame,check_eyes_open,SKIP,frame=1229 non-frontal (label=down); not judged,1229
103,face_rgb,103_face_rgb.mp4,frame,check_face_blur,SKIP,frame=1229 non-frontal (label=down); not judged,1229
103,face_rgb,103_face_rgb.mp4,frame,check_brightness,SKIP,frame=1229 non-frontal (label=down); not judged,1229
103,face_rgb,103_face_rgb.mp4,frame,check_face_detected,PASS,frame=1231 face ok,1231
103,face_rgb,103_face_rgb.mp4,frame,check_head_fully,PASS,frame=1231 Head is fully visible,1231
103,face_rgb,103_face_rgb.mp4,frame,check_face_size,SKIP,frame=1231 non-frontal (label=down); not judged,1231
103,face_rgb,103_face_rgb.mp4,frame,check_eyes_open,SKIP,frame=1231 non-frontal (label=down); not judged,1231
103,face_rgb,103_face_rgb.mp4,frame,check_face_blur,SKIP,frame=1231 non-frontal (label=down); not judged,1231
103,face_rgb,103_face_rgb.mp4,frame,check_brightness,SKIP,frame=1231 non-frontal (label=down); not judged,1231
103,face_rgb,103_face_rgb.mp4,frame,check_face_detected,PASS,frame=1234 face ok,1234
103,face_rgb,103_face_rgb.mp4,frame,check_head_fully,PASS,frame=1234 Head is fully visible,1234
103,face_rgb,103_face_rgb.mp4,frame,check_face_size,SKIP,frame=1234 non-frontal (label=mid); not judged,1234
103,face_rgb,103_face_rgb.mp4,frame,check_eyes_open,SKIP,frame=1234 non-frontal (label=mid); not judged,1234
103,face_rgb,103_face_rgb.mp4,frame,check_face_blur,SKIP,frame=1234 non-frontal (label=mid); not judged,1234
103,face_rgb,103_face_rgb.mp4,frame,check_brightness,SKIP,frame=1234 non-frontal (label=mid); not judged,1234
103,face_rgb,103_face_rgb.mp4,frame,check_face_detected,PASS,frame=1236 face ok,1236
103,face_rgb,103_face_rgb.mp4,frame,check_head_fully,PASS,frame=1236 Head is fully visible,1236
103,face_rgb,103_face_rgb.mp4,frame,check_face_size,SKIP,frame=1236 non-frontal (label=mid); not judged,1236
103,face_rgb,103_face_rgb.mp4,frame,check_eyes_open,SKIP,frame=1236 non-frontal (label=mid); not judged,1236
103,face_rgb,103_face_rgb.mp4,frame,check_face_blur,SKIP,frame=1236 non-frontal (label=mid); not judged,1236
103,face_rgb,103_face_rgb.mp4,frame,check_brightness,SKIP,frame=1236 non-frontal (label=mid); not judged,1236
103,face_rgb,103_face_rgb.mp4,frame,check_face_detected,PASS,frame=1238 face ok,1238
103,face_rgb,103_face_rgb.mp4,frame,check_head_fully,PASS,frame=1238 Head is fully visible,1238
103,face_rgb,103_face_rgb.mp4,frame,check_face_size,SKIP,frame=1238 non-frontal (label=mid); not judged,1238
103,face_rgb,103_face_rgb.mp4,frame,check_eyes_open,SKIP,frame=1238 non-frontal (label=mid); not judged,1238
103,face_rgb,103_face_rgb.mp4,frame,check_face_blur,SKIP,frame=1238 non-frontal (label=mid); not judged,1238
103,face_rgb,103_face_rgb.mp4,frame,check_brightness,SKIP,frame=1238 non-frontal (label=mid); not judged,1238
103,face_rgb,103_face_rgb.mp4,frame,check_face_detected,PASS,frame=1241 face ok,1241
103,face_rgb,103_face_rgb.mp4,frame,check_head_fully,PASS,frame=1241 Head is fully visible,1241
103,face_rgb,103_face_rgb.mp4,frame,check_face_size,PASS,frame=1241 face=590x684 >= 180x180,1241
103,face_rgb,103_face_rgb.mp4,frame,check_eyes_open,PASS,"frame=1241 eyes open (L=0.39, R=0.39 > 0.25)",1241
103,face_rgb,103_face_rgb.mp4,frame,check_face_blur,PASS,frame=1241 blur variance=194.0 >= 90,1241
103,face_rgb,103_face_rgb.mp4,frame,check_brightness,PASS,frame=1241 brightness=160 status=normal,1241
103,face_rgb,103_face_rgb.mp4,frame,check_face_detected,PASS,frame=1243 face ok,1243
103,face_rgb,103_face_rgb.mp4,frame,check_head_fully,PASS,frame=1243 Head is fully visible,1243
103,face_rgb,103_face_rgb.mp4,frame,check_face_size,PASS,frame=1243 face=581x691 >= 180x180,1243
103,face_rgb,103_face_rgb.mp4,frame,check_eyes_open,PASS,"frame=1243 eyes open (L=0.38, R=0.39 > 0.25)",1243
103,face_rgb,103_face_rgb.mp4,frame,check_face_blur,PASS,frame=1243 blur variance=218.4 >= 90,1243
103,face_rgb,103_face_rgb.mp4,frame,check_brightness,PASS,frame=1243 brightness=161 status=normal,1243
103,face_rgb,103_face_rgb.mp4,frame,check_face_detected,PASS,frame=1246 face ok,1246
103,face_rgb,103_face_rgb.mp4,frame,check_head_fully,PASS,frame=1246 Head is fully visible,1246
103,face_rgb,103_face_rgb.mp4,frame,check_face_size,PASS,frame=1246 face=576x699 >= 180x180,1246
103,face_rgb,103_face_rgb.mp4,frame,check_eyes_open,PASS,"frame=1246 eyes open (L=0.39, R=0.39 > 0.25)",1246
103,face_rgb,103_face_rgb.mp4,frame,check_face_blur,PASS,frame=1246 blur variance=241.6 >= 90,1246
103,face_rgb,103_face_rgb.mp4,frame,check_brightness,PASS,frame=1246 brightness=162 status=normal,1246
103,face_rgb,103_face_rgb.mp4,frame,check_face_detected,PASS,frame=1248 face ok,1248
103,face_rgb,103_face_rgb.mp4,frame,check_head_fully,PASS,frame=1248 Head is fully visible,1248
103,face_rgb,103_face_rgb.mp4,frame,check_face_size,PASS,frame=1248 face=571x701 >= 180x180,1248
103,face_rgb,103_face_rgb.mp4,frame,check_eyes_open,PASS,"frame=1248 eyes open (L=0.38, R=0.38 > 0.25)",1248
103,face_rgb,103_face_rgb.mp4,frame,check_face_blur,PASS,frame=1248 blur variance=276.6 >= 90,1248
103,face_rgb,103_face_rgb.mp4,frame,check_brightness,PASS,frame=1248 brightness=163 status=normal,1248
103,face_rgb,103_face_rgb.mp4,frame,check_face_detected,PASS,frame=1250 face ok,1250
103,face_rgb,103_face_rgb.mp4,frame,check_head_fully,PASS,frame=1250 Head is fully visible,1250
103,face_rgb,103_face_rgb.mp4,frame,check_face_size,PASS,frame=1250 face=568x708 >= 180x180,1250
103,face_rgb,103_face_rgb.mp4,frame,check_eyes_open,PASS,"frame=1250 eyes open (L=0.38, R=0.38 > 0.25)",1250
103,face_rgb,103_face_rgb.mp4,frame,check_face_blur,PASS,frame=1250 blur variance=314.2 >= 90,1250
103,face_rgb,103_face_rgb.mp4,frame,check_brightness,PASS,frame=1250 brightness=163 status=normal,1250
103,face_rgb,103_face_rgb.mp4,frame,check_face_detected,PASS,frame=1253 face ok,1253
103,face_rgb,103_face_rgb.mp4,frame,check_head_fully,PASS,frame=1253 Head is fully visible,1253
103,face_rgb,103_face_rgb.mp4,frame,check_face_size,PASS,frame=1253 face=565x702 >= 180x180,1253
103,face_rgb,103_face_rgb.mp4,frame,check_eyes_open,PASS,"frame=1253 eyes open (L=0.38, R=0.38 > 0.25)",1253
103,face_rgb,103_face_rgb.mp4,frame,check_face_blur,PASS,frame=1253 blur variance=255.3 >= 90,1253
103,face_rgb,103_face_rgb.mp4,frame,check_brightness,PASS,frame=1253 brightness=163 status=normal,1253
103,face_rgb,103_face_rgb.mp4,frame,check_face_detected,PASS,frame=1255 face ok,1255
103,face_rgb,103_face_rgb.mp4,frame,check_head_fully,PASS,frame=1255 Head is fully visible,1255
103,face_rgb,103_face_rgb.mp4,frame,check_face_size,PASS,frame=1255 face=560x696 >= 180x180,1255
103,face_rgb,103_face_rgb.mp4,frame,check_eyes_open,PASS,"frame=1255 eyes open (L=0.38, R=0.38 > 0.25)",1255
103,face_rgb,103_face_rgb.mp4,frame,check_face_blur,PASS,frame=1255 blur variance=251.5 >= 90,1255
103,face_rgb,103_face_rgb.mp4,frame,check_brightness,PASS,frame=1255 brightness=162 status=normal,1255
103,face_rgb,103_face_rgb.mp4,frame,check_face_detected,PASS,frame=1257 face ok,1257
103,face_rgb,103_face_rgb.mp4,frame,check_head_fully,PASS,frame=1257 Head is fully visible,1257
103,face_rgb,103_face_rgb.mp4,frame,check_face_size,PASS,frame=1257 face=558x690 >= 180x180,1257
103,face_rgb,103_face_rgb.mp4,frame,check_eyes_open,PASS,"frame=1257 eyes open (L=0.38, R=0.38 > 0.25)",1257
103,face_rgb,103_face_rgb.mp4,frame,check_face_blur,PASS,frame=1257 blur variance=293.1 >= 90,1257
103,face_rgb,103_face_rgb.mp4,frame,check_brightness,PASS,frame=1257 brightness=161 status=normal,1257
103,face_rgb,103_face_rgb.mp4,frame,check_face_detected,PASS,frame=1260 face ok,1260
103,face_rgb,103_face_rgb.mp4,frame,check_head_fully,PASS,frame=1260 Head is fully visible,1260
103,face_rgb,103_face_rgb.mp4,frame,check_face_size,PASS,frame=1260 face=554x686 >= 180x180,1260
103,face_rgb,103_face_rgb.mp4,frame,check_eyes_open,PASS,"frame=1260 eyes open (L=0.38, R=0.38 > 0.25)",1260
103,face_rgb,103_face_rgb.mp4,frame,check_face_blur,PASS,frame=1260 blur variance=309.2 >= 90,1260
103,face_rgb,103_face_rgb.mp4,frame,check_brightness,PASS,frame=1260 brightness=160 status=normal,1260
103,face_rgb,103_face_rgb.mp4,frame,check_face_detected,PASS,frame=1262 face ok,1262
103,face_rgb,103_face_rgb.mp4,frame,check_head_fully,PASS,frame=1262 Head is fully visible,1262
103,face_rgb,103_face_rgb.mp4,frame,check_face_size,PASS,frame=1262 face=555x686 >= 180x180,1262
103,face_rgb,103_face_rgb.mp4,frame,check_eyes_open,PASS,"frame=1262 eyes open (L=0.37, R=0.37 > 0.25)",1262
103,face_rgb,103_face_rgb.mp4,frame,check_face_blur,PASS,frame=1262 blur variance=260.2 >= 90,1262
103,face_rgb,103_face_rgb.mp4,frame,check_brightness,PASS,frame=1262 brightness=159 status=normal,1262
103,face_rgb,103_face_rgb.mp4,frame,check_face_detected,PASS,frame=1265 face ok,1265
103,face_rgb,103_face_rgb.mp4,frame,check_head_fully,PASS,frame=1265 Head is fully visible,1265
103,face_rgb,103_face_rgb.mp4,frame,check_face_size,PASS,frame=1265 face=547x680 >= 180x180,1265
103,face_rgb,103_face_rgb.mp4,frame,check_eyes_open,PASS,"frame=1265 eyes open (L=0.38, R=0.38 > 0.25)",1265
103,face_rgb,103_face_rgb.mp4,frame,check_face_blur,PASS,frame=1265 blur variance=270.8 >= 90,1265
103,face_rgb,103_face_rgb.mp4,frame,check_brightness,PASS,frame=1265 brightness=158 status=normal,1265
103,face_rgb,103_face_rgb.mp4,frame,check_face_detected,PASS,frame=1267 face ok,1267
103,face_rgb,103_face_rgb.mp4,frame,check_head_fully,PASS,frame=1267 Head is fully visible,1267
103,face_rgb,103_face_rgb.mp4,frame,check_face_size,PASS,frame=1267 face=546x678 >= 180x180,1267
103,face_rgb,103_face_rgb.mp4,frame,check_eyes_open,PASS,"frame=1267 eyes open (L=0.38, R=0.37 > 0.25)",1267
103,face_rgb,103_face_rgb.mp4,frame,check_face_blur,PASS,frame=1267 blur variance=261.7 >= 90,1267
103,face_rgb,103_face_rgb.mp4,frame,check_brightness,PASS,frame=1267 brightness=158 status=normal,1267
103,face_rgb,103_face_rgb.mp4,frame,check_face_detected,PASS,frame=1269 face ok,1269
103,face_rgb,103_face_rgb.mp4,frame,check_head_fully,PASS,frame=1269 Head is fully visible,1269
103,face_rgb,103_face_rgb.mp4,frame,check_face_size,PASS,frame=1269 face=545x677 >= 180x180,1269
103,face_rgb,103_face_rgb.mp4,frame,check_eyes_open,PASS,"frame=1269 eyes open (L=0.38, R=0.38 > 0.25)",1269
103,face_rgb,103_face_rgb.mp4,frame,check_face_blur,PASS,frame=1269 blur variance=255.3 >= 90,1269
103,face_rgb,103_face_rgb.mp4,frame,check_brightness,PASS,frame=1269 brightness=157 status=normal,1269
103,face_rgb,103_face_rgb.mp4,frame,check_face_detected,PASS,frame=1272 face ok,1272
103,face_rgb,103_face_rgb.mp4,frame,check_head_fully,PASS,frame=1272 Head is fully visible,1272
103,face_rgb,103_face_rgb.mp4,frame,check_face_size,PASS,frame=1272 face=544x673 >= 180x180,1272
103,face_rgb,103_face_rgb.mp4,frame,check_eyes_open,PASS,"frame=1272 eyes open (L=0.35, R=0.35 > 0.25)",1272
103,face_rgb,103_face_rgb.mp4,frame,check_face_blur,PASS,frame=1272 blur variance=281.2 >= 90,1272
103,face_rgb,103_face_rgb.mp4,frame,check_brightness,PASS,frame=1272 brightness=157 status=normal,1272
103,face_rgb,103_face_rgb.mp4,frame,check_face_detected,PASS,frame=1274 face ok,1274
103,face_rgb,103_face_rgb.mp4,frame,check_head_fully,PASS,frame=1274 Head is fully visible,1274
103,face_rgb,103_face_rgb.mp4,frame,check_face_size,PASS,frame=1274 face=542x669 >= 180x180,1274
103,face_rgb,103_face_rgb.mp4,frame,check_eyes_open,PASS,"frame=1274 eyes open (L=0.37, R=0.36 > 0.25)",1274
103,face_rgb,103_face_rgb.mp4,frame,check_face_blur,PASS,frame=1274 blur variance=275.9 >= 90,1274
103,face_rgb,103_face_rgb.mp4,frame,check_brightness,PASS,frame=1274 brightness=156 status=normal,1274
103,face_rgb,103_face_rgb.mp4,frame,check_face_detected,PASS,frame=1277 face ok,1277
103,face_rgb,103_face_rgb.mp4,frame,check_head_fully,PASS,frame=1277 Head is fully visible,1277
103,face_rgb,103_face_rgb.mp4,frame,check_face_size,PASS,frame=1277 face=545x668 >= 180x180,1277
103,face_rgb,103_face_rgb.mp4,frame,check_eyes_open,PASS,"frame=1277 eyes open (L=0.37, R=0.37 > 0.25)",1277
103,face_rgb,103_face_rgb.mp4,frame,check_face_blur,PASS,frame=1277 blur variance=262.7 >= 90,1277
103,face_rgb,103_face_rgb.mp4,frame,check_brightness,PASS,frame=1277 brightness=155 status=normal,1277
103,face_rgb,103_face_rgb.mp4,frame,check_face_detected,PASS,frame=1279 face ok,1279
103,face_rgb,103_face_rgb.mp4,frame,check_head_fully,PASS,frame=1279 Head is fully visible,1279
103,face_rgb,103_face_rgb.mp4,frame,check_face_size,PASS,frame=1279 face=542x669 >= 180x180,1279
103,face_rgb,103_face_rgb.mp4,frame,check_eyes_open,PASS,"frame=1279 eyes open (L=0.38, R=0.36 > 0.25)",1279
103,face_rgb,103_face_rgb.mp4,frame,check_face_blur,PASS,frame=1279 blur variance=273.4 >= 90,1279
103,face_rgb,103_face_rgb.mp4,frame,check_brightness,PASS,frame=1279 brightness=155 status=normal,1279
103,face_rgb,103_face_rgb.mp4,frame,check_face_detected,PASS,frame=1281 face ok,1281
103,face_rgb,103_face_rgb.mp4,frame,check_head_fully,PASS,frame=1281 Head is fully visible,1281
103,face_rgb,103_face_rgb.mp4,frame,check_face_size,PASS,frame=1281 face=545x668 >= 180x180,1281
103,face_rgb,103_face_rgb.mp4,frame,check_eyes_open,PASS,"frame=1281 eyes open (L=0.36, R=0.38 > 0.25)",1281
103,face_rgb,103_face_rgb.mp4,frame,check_face_blur,PASS,frame=1281 blur variance=265.8 >= 90,1281
103,face_rgb,103_face_rgb.mp4,frame,check_brightness,PASS,frame=1281 brightness=154 status=normal,1281
103,face_rgb,103_face_rgb.mp4,frame,check_face_detected,PASS,frame=1284 face ok,1284
103,face_rgb,103_face_rgb.mp4,frame,check_head_fully,PASS,frame=1284 Head is fully visible,1284
103,face_rgb,103_face_rgb.mp4,frame,check_face_size,PASS,frame=1284 face=545x668 >= 180x180,1284
103,face_rgb,103_face_rgb.mp4,frame,check_eyes_open,PASS,"frame=1284 eyes open (L=0.37, R=0.38 > 0.25)",1284
103,face_rgb,103_face_rgb.mp4,frame,check_face_blur,PASS,frame=1284 blur variance=327.6 >= 90,1284
103,face_rgb,103_face_rgb.mp4,frame,check_brightness,PASS,frame=1284 brightness=154 status=normal,1284
103,face_rgb,103_face_rgb.mp4,frame,check_face_detected,PASS,frame=1286 face ok,1286
103,face_rgb,103_face_rgb.mp4,frame,check_head_fully,PASS,frame=1286 Head is fully visible,1286
103,face_rgb,103_face_rgb.mp4,frame,check_face_size,PASS,frame=1286 face=545x673 >= 180x180,1286
103,face_rgb,103_face_rgb.mp4,frame,check_eyes_open,PASS,"frame=1286 eyes open (L=0.37, R=0.37 > 0.25)",1286
103,face_rgb,103_face_rgb.mp4,frame,check_face_blur,PASS,frame=1286 blur variance=331.0 >= 90,1286
103,face_rgb,103_face_rgb.mp4,frame,check_brightness,PASS,frame=1286 brightness=153 status=normal,1286
103,face_rgb,103_face_rgb.mp4,frame,check_face_detected,PASS,frame=1289 face ok,1289
103,face_rgb,103_face_rgb.mp4,frame,check_head_fully,PASS,frame=1289 Head is fully visible,1289
103,face_rgb,103_face_rgb.mp4,frame,check_face_size,PASS,frame=1289 face=541x668 >= 180x180,1289
103,face_rgb,103_face_rgb.mp4,frame,check_eyes_open,PASS,"frame=1289 eyes open (L=0.34, R=0.35 > 0.25)",1289
103,face_rgb,103_face_rgb.mp4,frame,check_face_blur,PASS,frame=1289 blur variance=296.7 >= 90,1289
103,face_rgb,103_face_rgb.mp4,frame,check_brightness,PASS,frame=1289 brightness=153 status=normal,1289
103,face_rgb,103_face_rgb.mp4,frame,check_face_detected,PASS,frame=1291 face ok,1291
103,face_rgb,103_face_rgb.mp4,frame,check_head_fully,PASS,frame=1291 Head is fully visible,1291
103,face_rgb,103_face_rgb.mp4,frame,check_face_size,PASS,frame=1291 face=545x672 >= 180x180,1291
103,face_rgb,103_face_rgb.mp4,frame,check_eyes_open,PASS,"frame=1291 eyes open (L=0.36, R=0.36 > 0.25)",1291
103,face_rgb,103_face_rgb.mp4,frame,check_face_blur,PASS,frame=1291 blur variance=297.2 >= 90,1291
103,face_rgb,103_face_rgb.mp4,frame,check_brightness,PASS,frame=1291 brightness=153 status=normal,1291
103,face_rgb,103_face_rgb.mp4,frame,check_face_detected,PASS,frame=1293 face ok,1293
103,face_rgb,103_face_rgb.mp4,frame,check_head_fully,PASS,frame=1293 Head is fully visible,1293
103,face_rgb,103_face_rgb.mp4,frame,check_face_size,PASS,frame=1293 face=545x667 >= 180x180,1293
103,face_rgb,103_face_rgb.mp4,frame,check_eyes_open,PASS,"frame=1293 eyes open (L=0.37, R=0.36 > 0.25)",1293
103,face_rgb,103_face_rgb.mp4,frame,check_face_blur,PASS,frame=1293 blur variance=302.6 >= 90,1293
103,face_rgb,103_face_rgb.mp4,frame,check_brightness,PASS,frame=1293 brightness=152 status=normal,1293
103,face_rgb,103_face_rgb.mp4,frame,check_face_detected,PASS,frame=1296 face ok,1296
103,face_rgb,103_face_rgb.mp4,frame,check_head_fully,PASS,frame=1296 Head is fully visible,1296
103,face_rgb,103_face_rgb.mp4,frame,check_face_size,PASS,frame=1296 face=549x677 >= 180x180,1296
103,face_rgb,103_face_rgb.mp4,frame,check_eyes_open,PASS,"frame=1296 eyes open (L=0.38, R=0.38 > 0.25)",1296
103,face_rgb,103_face_rgb.mp4,frame,check_face_blur,PASS,frame=1296 blur variance=329.3 >= 90,1296
103,face_rgb,103_face_rgb.mp4,frame,check_brightness,PASS,frame=1296 brightness=151 status=normal,1296
103,face_rgb,103_face_rgb.mp4,frame,check_face_detected,PASS,frame=1298 face ok,1298
103,face_rgb,103_face_rgb.mp4,frame,check_head_fully,PASS,frame=1298 Head is fully visible,1298
103,face_rgb,103_face_rgb.mp4,frame,check_face_size,PASS,frame=1298 face=554x679 >= 180x180,1298
103,face_rgb,103_face_rgb.mp4,frame,check_eyes_open,PASS,"frame=1298 eyes open (L=0.38, R=0.39 > 0.25)",1298
103,face_rgb,103_face_rgb.mp4,frame,check_face_blur,PASS,frame=1298 blur variance=308.8 >= 90,1298
103,face_rgb,103_face_rgb.mp4,frame,check_brightness,PASS,frame=1298 brightness=151 status=normal,1298
103,face_rgb,103_face_rgb.mp4,frame,check_face_detected,PASS,frame=1301 face ok,1301
103,face_rgb,103_face_rgb.mp4,frame,check_head_fully,PASS,frame=1301 Head is fully visible,1301
103,face_rgb,103_face_rgb.mp4,frame,check_face_size,PASS,frame=1301 face=552x679 >= 180x180,1301
103,face_rgb,103_face_rgb.mp4,frame,check_eyes_open,PASS,"frame=1301 eyes open (L=0.38, R=0.38 > 0.25)",1301
103,face_rgb,103_face_rgb.mp4,frame,check_face_blur,PASS,frame=1301 blur variance=277.2 >= 90,1301
103,face_rgb,103_face_rgb.mp4,frame,check_brightness,PASS,frame=1301 brightness=151 status=normal,1301
103,face_rgb,103_face_rgb.mp4,frame,check_face_detected,PASS,frame=1303 face ok,1303
103,face_rgb,103_face_rgb.mp4,frame,check_head_fully,PASS,frame=1303 Head is fully visible,1303
103,face_rgb,103_face_rgb.mp4,frame,check_face_size,PASS,frame=1303 face=552x678 >= 180x180,1303
103,face_rgb,103_face_rgb.mp4,frame,check_eyes_open,PASS,"frame=1303 eyes open (L=0.37, R=0.38 > 0.25)",1303
103,face_rgb,103_face_rgb.mp4,frame,check_face_blur,PASS,frame=1303 blur variance=273.0 >= 90,1303
103,face_rgb,103_face_rgb.mp4,frame,check_brightness,PASS,frame=1303 brightness=151 status=normal,1303
103,face_rgb,103_face_rgb.mp4,frame,check_face_detected,PASS,frame=1305 face ok,1305
103,face_rgb,103_face_rgb.mp4,frame,check_head_fully,PASS,frame=1305 Head is fully visible,1305
103,face_rgb,103_face_rgb.mp4,frame,check_face_size,PASS,frame=1305 face=553x676 >= 180x180,1305
103,face_rgb,103_face_rgb.mp4,frame,check_eyes_open,PASS,"frame=1305 eyes open (L=0.37, R=0.38 > 0.25)",1305
103,face_rgb,103_face_rgb.mp4,frame,check_face_blur,PASS,frame=1305 blur variance=276.4 >= 90,1305
103,face_rgb,103_face_rgb.mp4,frame,check_brightness,PASS,frame=1305 brightness=151 status=normal,1305
103,face_rgb,103_face_rgb.mp4,frame,check_face_detected,PASS,frame=1308 face ok,1308
103,face_rgb,103_face_rgb.mp4,frame,check_head_fully,PASS,frame=1308 Head is fully visible,1308
103,face_rgb,103_face_rgb.mp4,frame,check_face_size,PASS,frame=1308 face=547x673 >= 180x180,1308
103,face_rgb,103_face_rgb.mp4,frame,check_eyes_open,PASS,"frame=1308 eyes open (L=0.37, R=0.37 > 0.25)",1308
103,face_rgb,103_face_rgb.mp4,frame,check_face_blur,PASS,frame=1308 blur variance=305.6 >= 90,1308
103,face_rgb,103_face_rgb.mp4,frame,check_brightness,PASS,frame=1308 brightness=150 status=normal,1308
103,face_rgb,103_face_rgb.mp4,frame,check_face_detected,PASS,frame=1310 face ok,1310
103,face_rgb,103_face_rgb.mp4,frame,check_head_fully,PASS,frame=1310 Head is fully visible,1310
103,face_rgb,103_face_rgb.mp4,frame,check_face_size,PASS,frame=1310 face=548x674 >= 180x180,1310
103,face_rgb,103_face_rgb.mp4,frame,check_eyes_open,PASS,"frame=1310 eyes open (L=0.37, R=0.37 > 0.25)",1310
103,face_rgb,103_face_rgb.mp4,frame,check_face_blur,PASS,frame=1310 blur variance=305.0 >= 90,1310
103,face_rgb,103_face_rgb.mp4,frame,check_brightness,PASS,frame=1310 brightness=150 status=normal,1310
103,face_rgb,103_face_rgb.mp4,frame,check_face_detected,PASS,frame=1312 face ok,1312
103,face_rgb,103_face_rgb.mp4,frame,check_head_fully,PASS,frame=1312 Head is fully visible,1312
103,face_rgb,103_face_rgb.mp4,frame,check_face_size,PASS,frame=1312 face=554x675 >= 180x180,1312
103,face_rgb,103_face_rgb.mp4,frame,check_eyes_open,PASS,"frame=1312 eyes open (L=0.36, R=0.37 > 0.25)",1312
103,face_rgb,103_face_rgb.mp4,frame,check_face_blur,PASS,frame=1312 blur variance=295.4 >= 90,1312
103,face_rgb,103_face_rgb.mp4,frame,check_brightness,PASS,frame=1312 brightness=151 status=normal,1312
103,face_rgb,103_face_rgb.mp4,frame,check_face_detected,PASS,frame=1315 face ok,1315
103,face_rgb,103_face_rgb.mp4,frame,check_head_fully,PASS,frame=1315 Head is fully visible,1315
103,face_rgb,103_face_rgb.mp4,frame,check_face_size,PASS,frame=1315 face=553x684 >= 180x180,1315
103,face_rgb,103_face_rgb.mp4,frame,check_eyes_open,PASS,"frame=1315 eyes open (L=0.37, R=0.37 > 0.25)",1315
103,face_rgb,103_face_rgb.mp4,frame,check_face_blur,PASS,frame=1315 blur variance=329.1 >= 90,1315
103,face_rgb,103_face_rgb.mp4,frame,check_brightness,PASS,frame=1315 brightness=150 status=normal,1315
103,face_rgb,103_face_rgb.mp4,frame,check_face_detected,PASS,frame=1317 face ok,1317
103,face_rgb,103_face_rgb.mp4,frame,check_head_fully,PASS,frame=1317 Head is fully visible,1317
103,face_rgb,103_face_rgb.mp4,frame,check_face_size,PASS,frame=1317 face=552x685 >= 180x180,1317
103,face_rgb,103_face_rgb.mp4,frame,check_eyes_open,PASS,"frame=1317 eyes open (L=0.38, R=0.38 > 0.25)",1317
103,face_rgb,103_face_rgb.mp4,frame,check_face_blur,PASS,frame=1317 blur variance=321.6 >= 90,1317
103,face_rgb,103_face_rgb.mp4,frame,check_brightness,PASS,frame=1317 brightness=150 status=normal,1317
103,face_rgb,103_face_rgb.mp4,frame,check_face_detected,PASS,frame=1320 face ok,1320
103,face_rgb,103_face_rgb.mp4,frame,check_head_fully,PASS,frame=1320 Head is fully visible,1320
103,face_rgb,103_face_rgb.mp4,frame,check_face_size,PASS,frame=1320 face=554x679 >= 180x180,1320
103,face_rgb,103_face_rgb.mp4,frame,check_eyes_open,PASS,"frame=1320 eyes open (L=0.38, R=0.38 > 0.25)",1320
103,face_rgb,103_face_rgb.mp4,frame,check_face_blur,PASS,frame=1320 blur variance=315.3 >= 90,1320
103,face_rgb,103_face_rgb.mp4,frame,check_brightness,PASS,frame=1320 brightness=151 status=normal,1320
103,face_rgb,103_face_rgb.mp4,frame,check_face_detected,PASS,frame=1322 face ok,1322
103,face_rgb,103_face_rgb.mp4,frame,check_head_fully,PASS,frame=1322 Head is fully visible,1322
103,face_rgb,103_face_rgb.mp4,frame,check_face_size,PASS,frame=1322 face=553x678 >= 180x180,1322
103,face_rgb,103_face_rgb.mp4,frame,check_eyes_open,PASS,"frame=1322 eyes open (L=0.38, R=0.38 > 0.25)",1322
103,face_rgb,103_face_rgb.mp4,frame,check_face_blur,PASS,frame=1322 blur variance=307.8 >= 90,1322
103,face_rgb,103_face_rgb.mp4,frame,check_brightness,PASS,frame=1322 brightness=151 status=normal,1322
103,face_rgb,103_face_rgb.mp4,frame,check_face_detected,PASS,frame=1324 face ok,1324
103,face_rgb,103_face_rgb.mp4,frame,check_head_fully,PASS,frame=1324 Head is fully visible,1324
103,face_rgb,103_face_rgb.mp4,frame,check_face_size,PASS,frame=1324 face=554x678 >= 180x180,1324
103,face_rgb,103_face_rgb.mp4,frame,check_eyes_open,PASS,"frame=1324 eyes open (L=0.37, R=0.38 > 0.25)",1324
103,face_rgb,103_face_rgb.mp4,frame,check_face_blur,PASS,frame=1324 blur variance=267.5 >= 90,1324
103,face_rgb,103_face_rgb.mp4,frame,check_brightness,PASS,frame=1324 brightness=151 status=normal,1324
103,face_rgb,103_face_rgb.mp4,frame,check_face_detected,PASS,frame=1327 face ok,1327
103,face_rgb,103_face_rgb.mp4,frame,check_head_fully,PASS,frame=1327 Head is fully visible,1327
103,face_rgb,103_face_rgb.mp4,frame,check_face_size,PASS,frame=1327 face=555x677 >= 180x180,1327
103,face_rgb,103_face_rgb.mp4,frame,check_eyes_open,PASS,"frame=1327 eyes open (L=0.37, R=0.38 > 0.25)",1327
103,face_rgb,103_face_rgb.mp4,frame,check_face_blur,PASS,frame=1327 blur variance=274.6 >= 90,1327
103,face_rgb,103_face_rgb.mp4,frame,check_brightness,PASS,frame=1327 brightness=151 status=normal,1327
103,face_rgb,103_face_rgb.mp4,frame,check_face_detected,PASS,frame=1329 face ok,1329
103,face_rgb,103_face_rgb.mp4,frame,check_head_fully,PASS,frame=1329 Head is fully visible,1329
103,face_rgb,103_face_rgb.mp4,frame,check_face_size,PASS,frame=1329 face=554x678 >= 180x180,1329
103,face_rgb,103_face_rgb.mp4,frame,check_eyes_open,PASS,"frame=1329 eyes open (L=0.37, R=0.37 > 0.25)",1329
103,face_rgb,103_face_rgb.mp4,frame,check_face_blur,PASS,frame=1329 blur variance=297.2 >= 90,1329
103,face_rgb,103_face_rgb.mp4,frame,check_brightness,PASS,frame=1329 brightness=150 status=normal,1329
103,face_rgb,103_face_rgb.mp4,frame,check_face_detected,PASS,frame=1332 face ok,1332
103,face_rgb,103_face_rgb.mp4,frame,check_head_fully,PASS,frame=1332 Head is fully visible,1332
103,face_rgb,103_face_rgb.mp4,frame,check_face_size,PASS,frame=1332 face=552x679 >= 180x180,1332
103,face_rgb,103_face_rgb.mp4,frame,check_eyes_open,PASS,"frame=1332 eyes open (L=0.38, R=0.38 > 0.25)",1332
103,face_rgb,103_face_rgb.mp4,frame,check_face_blur,PASS,frame=1332 blur variance=335.0 >= 90,1332
103,face_rgb,103_face_rgb.mp4,frame,check_brightness,PASS,frame=1332 brightness=151 status=normal,1332
103,face_rgb,103_face_rgb.mp4,frame,check_face_detected,PASS,frame=1334 face ok,1334
103,face_rgb,103_face_rgb.mp4,frame,check_head_fully,PASS,frame=1334 Head is fully visible,1334
103,face_rgb,103_face_rgb.mp4,frame,check_face_size,PASS,frame=1334 face=552x681 >= 180x180,1334
103,face_rgb,103_face_rgb.mp4,frame,check_eyes_open,PASS,"frame=1334 eyes open (L=0.38, R=0.37 > 0.25)",1334
103,face_rgb,103_face_rgb.mp4,frame,check_face_blur,PASS,frame=1334 blur variance=339.1 >= 90,1334
103,face_rgb,103_face_rgb.mp4,frame,check_brightness,PASS,frame=1334 brightness=151 status=normal,1334
103,face_rgb,103_face_rgb.mp4,frame,check_face_detected,PASS,frame=1336 face ok,1336
103,face_rgb,103_face_rgb.mp4,frame,check_head_fully,PASS,frame=1336 Head is fully visible,1336
103,face_rgb,103_face_rgb.mp4,frame,check_face_size,PASS,frame=1336 face=555x680 >= 180x180,1336
103,face_rgb,103_face_rgb.mp4,frame,check_eyes_open,PASS,"frame=1336 eyes open (L=0.39, R=0.37 > 0.25)",1336
103,face_rgb,103_face_rgb.mp4,frame,check_face_blur,PASS,frame=1336 blur variance=333.4 >= 90,1336
103,face_rgb,103_face_rgb.mp4,frame,check_brightness,PASS,frame=1336 brightness=151 status=normal,1336
103,face_rgb,103_face_rgb.mp4,frame,check_face_detected,PASS,frame=1339 face ok,1339
103,face_rgb,103_face_rgb.mp4,frame,check_head_fully,PASS,frame=1339 Head is fully visible,1339
103,face_rgb,103_face_rgb.mp4,frame,check_face_size,PASS,frame=1339 face=556x681 >= 180x180,1339
103,face_rgb,103_face_rgb.mp4,frame,check_eyes_open,PASS,"frame=1339 eyes open (L=0.37, R=0.38 > 0.25)",1339
103,face_rgb,103_face_rgb.mp4,frame,check_face_blur,PASS,frame=1339 blur variance=338.3 >= 90,1339
103,face_rgb,103_face_rgb.mp4,frame,check_brightness,PASS,frame=1339 brightness=151 status=normal,1339
103,face_rgb,103_face_rgb.mp4,frame,check_face_detected,PASS,frame=1341 face ok,1341
103,face_rgb,103_face_rgb.mp4,frame,check_head_fully,PASS,frame=1341 Head is fully visible,1341
103,face_rgb,103_face_rgb.mp4,frame,check_face_size,PASS,frame=1341 face=556x681 >= 180x180,1341
103,face_rgb,103_face_rgb.mp4,frame,check_eyes_open,PASS,"frame=1341 eyes open (L=0.38, R=0.38 > 0.25)",1341
103,face_rgb,103_face_rgb.mp4,frame,check_face_blur,PASS,frame=1341 blur variance=328.9 >= 90,1341
103,face_rgb,103_face_rgb.mp4,frame,check_brightness,PASS,frame=1341 brightness=151 status=normal,1341
103,face_rgb,103_face_rgb.mp4,frame,check_face_detected,PASS,frame=1344 face ok,1344
103,face_rgb,103_face_rgb.mp4,frame,check_head_fully,PASS,frame=1344 Head is fully visible,1344
103,face_rgb,103_face_rgb.mp4,frame,check_face_size,PASS,frame=1344 face=555x684 >= 180x180,1344
103,face_rgb,103_face_rgb.mp4,frame,check_eyes_open,PASS,"frame=1344 eyes open (L=0.38, R=0.38 > 0.25)",1344
103,face_rgb,103_face_rgb.mp4,frame,check_face_blur,PASS,frame=1344 blur variance=388.7 >= 90,1344
103,face_rgb,103_face_rgb.mp4,frame,check_brightness,PASS,frame=1344 brightness=151 status=normal,1344
103,face_rgb,103_face_rgb.mp4,frame,check_face_detected,PASS,frame=1346 face ok,1346
103,face_rgb,103_face_rgb.mp4,frame,check_head_fully,PASS,frame=1346 Head is fully visible,1346
103,face_rgb,103_face_rgb.mp4,frame,check_face_size,PASS,frame=1346 face=554x684 >= 180x180,1346
103,face_rgb,103_face_rgb.mp4,frame,check_eyes_open,PASS,"frame=1346 eyes open (L=0.38, R=0.38 > 0.25)",1346
103,face_rgb,103_face_rgb.mp4,frame,check_face_blur,PASS,frame=1346 blur variance=384.3 >= 90,1346
103,face_rgb,103_face_rgb.mp4,frame,check_brightness,PASS,frame=1346 brightness=151 status=normal,1346
103,face_rgb,103_face_rgb.mp4,frame,check_face_detected,PASS,frame=1348 face ok,1348
103,face_rgb,103_face_rgb.mp4,frame,check_head_fully,PASS,frame=1348 Head is fully visible,1348
103,face_rgb,103_face_rgb.mp4,frame,check_face_size,PASS,frame=1348 face=555x685 >= 180x180,1348
103,face_rgb,103_face_rgb.mp4,frame,check_eyes_open,PASS,"frame=1348 eyes open (L=0.38, R=0.38 > 0.25)",1348
103,face_rgb,103_face_rgb.mp4,frame,check_face_blur,PASS,frame=1348 blur variance=385.6 >= 90,1348
103,face_rgb,103_face_rgb.mp4,frame,check_brightness,PASS,frame=1348 brightness=151 status=normal,1348
103,face_rgb,103_face_rgb.mp4,frame,check_face_detected,PASS,frame=1351 face ok,1351
103,face_rgb,103_face_rgb.mp4,frame,check_head_fully,PASS,frame=1351 Head is fully visible,1351
103,face_rgb,103_face_rgb.mp4,frame,check_face_size,PASS,frame=1351 face=555x685 >= 180x180,1351
103,face_rgb,103_face_rgb.mp4,frame,check_eyes_open,PASS,"frame=1351 eyes open (L=0.38, R=0.37 > 0.25)",1351
103,face_rgb,103_face_rgb.mp4,frame,check_face_blur,PASS,frame=1351 blur variance=379.7 >= 90,1351
103,face_rgb,103_face_rgb.mp4,frame,check_brightness,PASS,frame=1351 brightness=151 status=normal,1351
103,face_rgb,103_face_rgb.mp4,frame,check_face_detected,PASS,frame=1353 face ok,1353
103,face_rgb,103_face_rgb.mp4,frame,check_head_fully,PASS,frame=1353 Head is fully visible,1353
103,face_rgb,103_face_rgb.mp4,frame,check_face_size,PASS,frame=1353 face=553x681 >= 180x180,1353
103,face_rgb,103_face_rgb.mp4,frame,check_eyes_open,PASS,"frame=1353 eyes open (L=0.38, R=0.38 > 0.25)",1353
103,face_rgb,103_face_rgb.mp4,frame,check_face_blur,PASS,frame=1353 blur variance=341.6 >= 90,1353
103,face_rgb,103_face_rgb.mp4,frame,check_brightness,PASS,frame=1353 brightness=151 status=normal,1353
103,face_rgb,103_face_rgb.mp4,frame,check_face_detected,PASS,frame=1355 face ok,1355
103,face_rgb,103_face_rgb.mp4,frame,check_head_fully,PASS,frame=1355 Head is fully visible,1355
103,face_rgb,103_face_rgb.mp4,frame,check_face_size,PASS,frame=1355 face=553x681 >= 180x180,1355
103,face_rgb,103_face_rgb.mp4,frame,check_eyes_open,PASS,"frame=1355 eyes open (L=0.37, R=0.38 > 0.25)",1355
103,face_rgb,103_face_rgb.mp4,frame,check_face_blur,PASS,frame=1355 blur variance=337.1 >= 90,1355
103,face_rgb,103_face_rgb.mp4,frame,check_brightness,PASS,frame=1355 brightness=151 status=normal,1355
103,face_rgb,103_face_rgb.mp4,frame,check_face_detected,PASS,frame=1358 face ok,1358
103,face_rgb,103_face_rgb.mp4,frame,check_head_fully,PASS,frame=1358 Head is fully visible,1358
103,face_rgb,103_face_rgb.mp4,frame,check_face_size,PASS,frame=1358 face=553x685 >= 180x180,1358
103,face_rgb,103_face_rgb.mp4,frame,check_eyes_open,PASS,"frame=1358 eyes open (L=0.38, R=0.38 > 0.25)",1358
103,face_rgb,103_face_rgb.mp4,frame,check_face_blur,PASS,frame=1358 blur variance=319.9 >= 90,1358
103,face_rgb,103_face_rgb.mp4,frame,check_brightness,PASS,frame=1358 brightness=151 status=normal,1358
103,face_rgb,103_face_rgb.mp4,frame,check_face_detected,PASS,frame=1360 face ok,1360
103,face_rgb,103_face_rgb.mp4,frame,check_head_fully,PASS,frame=1360 Head is fully visible,1360
103,face_rgb,103_face_rgb.mp4,frame,check_face_size,PASS,frame=1360 face=554x681 >= 180x180,1360
103,face_rgb,103_face_rgb.mp4,frame,check_eyes_open,PASS,"frame=1360 eyes open (L=0.38, R=0.38 > 0.25)",1360
103,face_rgb,103_face_rgb.mp4,frame,check_face_blur,PASS,frame=1360 blur variance=298.0 >= 90,1360
103,face_rgb,103_face_rgb.mp4,frame,check_brightness,PASS,frame=1360 brightness=151 status=normal,1360
103,face_rgb,103_face_rgb.mp4,frame,check_face_detected,PASS,frame=1363 face ok,1363
103,face_rgb,103_face_rgb.mp4,frame,check_head_fully,PASS,frame=1363 Head is fully visible,1363
103,face_rgb,103_face_rgb.mp4,frame,check_face_size,PASS,frame=1363 face=555x679 >= 180x180,1363
103,face_rgb,103_face_rgb.mp4,frame,check_eyes_open,PASS,"frame=1363 eyes open (L=0.38, R=0.38 > 0.25)",1363
103,face_rgb,103_face_rgb.mp4,frame,check_face_blur,PASS,frame=1363 blur variance=306.2 >= 90,1363
103,face_rgb,103_face_rgb.mp4,frame,check_brightness,PASS,frame=1363 brightness=151 status=normal,1363
103,face_rgb,103_face_rgb.mp4,frame,check_face_detected,PASS,frame=1365 face ok,1365
103,face_rgb,103_face_rgb.mp4,frame,check_head_fully,PASS,frame=1365 Head is fully visible,1365
103,face_rgb,103_face_rgb.mp4,frame,check_face_size,PASS,frame=1365 face=555x687 >= 180x180,1365
103,face_rgb,103_face_rgb.mp4,frame,check_eyes_open,PASS,"frame=1365 eyes open (L=0.38, R=0.38 > 0.25)",1365
103,face_rgb,103_face_rgb.mp4,frame,check_face_blur,PASS,frame=1365 blur variance=281.0 >= 90,1365
103,face_rgb,103_face_rgb.mp4,frame,check_brightness,PASS,frame=1365 brightness=151 status=normal,1365
103,face_rgb,103_face_rgb.mp4,frame,check_face_detected,PASS,frame=1367 face ok,1367
103,face_rgb,103_face_rgb.mp4,frame,check_head_fully,PASS,frame=1367 Head is fully visible,1367
103,face_rgb,103_face_rgb.mp4,frame,check_face_size,PASS,frame=1367 face=556x685 >= 180x180,1367
103,face_rgb,103_face_rgb.mp4,frame,check_eyes_open,PASS,"frame=1367 eyes open (L=0.38, R=0.39 > 0.25)",1367
103,face_rgb,103_face_rgb.mp4,frame,check_face_blur,PASS,frame=1367 blur variance=299.8 >= 90,1367
103,face_rgb,103_face_rgb.mp4,frame,check_brightness,PASS,frame=1367 brightness=151 status=normal,1367
103,face_rgb,103_face_rgb.mp4,frame,check_face_detected,PASS,frame=1370 face ok,1370
103,face_rgb,103_face_rgb.mp4,frame,check_head_fully,PASS,frame=1370 Head is fully visible,1370
103,face_rgb,103_face_rgb.mp4,frame,check_face_size,PASS,frame=1370 face=555x681 >= 180x180,1370
103,face_rgb,103_face_rgb.mp4,frame,check_eyes_open,PASS,"frame=1370 eyes open (L=0.38, R=0.38 > 0.25)",1370
103,face_rgb,103_face_rgb.mp4,frame,check_face_blur,PASS,frame=1370 blur variance=332.8 >= 90,1370
103,face_rgb,103_face_rgb.mp4,frame,check_brightness,PASS,frame=1370 brightness=151 status=normal,1370
103,face_rgb,103_face_rgb.mp4,frame,check_face_detected,PASS,frame=1372 face ok,1372
103,face_rgb,103_face_rgb.mp4,frame,check_head_fully,PASS,frame=1372 Head is fully visible,1372
103,face_rgb,103_face_rgb.mp4,frame,check_face_size,PASS,frame=1372 face=556x686 >= 180x180,1372
103,face_rgb,103_face_rgb.mp4,frame,check_eyes_open,PASS,"frame=1372 eyes open (L=0.37, R=0.38 > 0.25)",1372
103,face_rgb,103_face_rgb.mp4,frame,check_face_blur,PASS,frame=1372 blur variance=334.7 >= 90,1372
103,face_rgb,103_face_rgb.mp4,frame,check_brightness,PASS,frame=1372 brightness=151 status=normal,1372
103,face_rgb,103_face_rgb.mp4,frame,check_face_detected,PASS,frame=1375 face ok,1375
103,face_rgb,103_face_rgb.mp4,frame,check_head_fully,PASS,frame=1375 Head is fully visible,1375
103,face_rgb,103_face_rgb.mp4,frame,check_face_size,PASS,frame=1375 face=556x684 >= 180x180,1375
103,face_rgb,103_face_rgb.mp4,frame,check_eyes_open,PASS,"frame=1375 eyes open (L=0.38, R=0.38 > 0.25)",1375
103,face_rgb,103_face_rgb.mp4,frame,check_face_blur,PASS,frame=1375 blur variance=309.2 >= 90,1375
103,face_rgb,103_face_rgb.mp4,frame,check_brightness,PASS,frame=1375 brightness=151 status=normal,1375
103,face_rgb,103_face_rgb.mp4,frame,check_face_detected,PASS,frame=1377 face ok,1377
103,face_rgb,103_face_rgb.mp4,frame,check_head_fully,PASS,frame=1377 Head is fully visible,1377
103,face_rgb,103_face_rgb.mp4,frame,check_face_size,PASS,frame=1377 face=554x684 >= 180x180,1377
103,face_rgb,103_face_rgb.mp4,frame,check_eyes_open,PASS,"frame=1377 eyes open (L=0.37, R=0.38 > 0.25)",1377
103,face_rgb,103_face_rgb.mp4,frame,check_face_blur,PASS,frame=1377 blur variance=293.6 >= 90,1377
103,face_rgb,103_face_rgb.mp4,frame,check_brightness,PASS,frame=1377 brightness=151 status=normal,1377
103,face_rgb,103_face_rgb.mp4,frame,check_face_detected,PASS,frame=1379 face ok,1379
103,face_rgb,103_face_rgb.mp4,frame,check_head_fully,PASS,frame=1379 Head is fully visible,1379
103,face_rgb,103_face_rgb.mp4,frame,check_face_size,PASS,frame=1379 face=546x678 >= 180x180,1379
103,face_rgb,103_face_rgb.mp4,frame,check_eyes_open,PASS,"frame=1379 eyes open (L=0.37, R=0.36 > 0.25)",1379
103,face_rgb,103_face_rgb.mp4,frame,check_face_blur,PASS,frame=1379 blur variance=294.5 >= 90,1379
103,face_rgb,103_face_rgb.mp4,frame,check_brightness,PASS,frame=1379 brightness=152 status=normal,1379
103,face_rgb,103_face_rgb.mp4,frame,check_face_detected,PASS,frame=1382 face ok,1382
103,face_rgb,103_face_rgb.mp4,frame,check_head_fully,PASS,frame=1382 Head is fully visible,1382
103,face_rgb,103_face_rgb.mp4,frame,check_face_size,PASS,frame=1382 face=553x675 >= 180x180,1382
103,face_rgb,103_face_rgb.mp4,frame,check_eyes_open,PASS,"frame=1382 eyes open (L=0.36, R=0.37 > 0.25)",1382
103,face_rgb,103_face_rgb.mp4,frame,check_face_blur,PASS,frame=1382 blur variance=255.1 >= 90,1382
103,face_rgb,103_face_rgb.mp4,frame,check_brightness,PASS,frame=1382 brightness=152 status=normal,1382
103,face_rgb,103_face_rgb.mp4,frame,check_face_detected,PASS,frame=1384 face ok,1384
103,face_rgb,103_face_rgb.mp4,frame,check_head_fully,PASS,frame=1384 Head is fully visible,1384
103,face_rgb,103_face_rgb.mp4,frame,check_face_size,PASS,frame=1384 face=549x674 >= 180x180,1384
103,face_rgb,103_face_rgb.mp4,frame,check_eyes_open,PASS,"frame=1384 eyes open (L=0.36, R=0.38 > 0.25)",1384
103,face_rgb,103_face_rgb.mp4,frame,check_face_blur,PASS,frame=1384 blur variance=247.6 >= 90,1384
103,face_rgb,103_face_rgb.mp4,frame,check_brightness,PASS,frame=1384 brightness=152 status=normal,1384
103,face_rgb,103_face_rgb.mp4,frame,check_face_detected,PASS,frame=1387 face ok,1387
103,face_rgb,103_face_rgb.mp4,frame,check_head_fully,PASS,frame=1387 Head is fully visible,1387
103,face_rgb,103_face_rgb.mp4,frame,check_face_size,PASS,frame=1387 face=552x673 >= 180x180,1387
103,face_rgb,103_face_rgb.mp4,frame,check_eyes_open,PASS,"frame=1387 eyes open (L=0.38, R=0.37 > 0.25)",1387
103,face_rgb,103_face_rgb.mp4,frame,check_face_blur,PASS,frame=1387 blur variance=271.4 >= 90,1387
103,face_rgb,103_face_rgb.mp4,frame,check_brightness,PASS,frame=1387 brightness=151 status=normal,1387
103,face_rgb,103_face_rgb.mp4,frame,check_face_detected,PASS,frame=1389 face ok,1389
103,face_rgb,103_face_rgb.mp4,frame,check_head_fully,PASS,frame=1389 Head is fully visible,1389
103,face_rgb,103_face_rgb.mp4,frame,check_face_size,PASS,frame=1389 face=553x673 >= 180x180,1389
103,face_rgb,103_face_rgb.mp4,frame,check_eyes_open,PASS,"frame=1389 eyes open (L=0.38, R=0.37 > 0.25)",1389
103,face_rgb,103_face_rgb.mp4,frame,check_face_blur,PASS,frame=1389 blur variance=265.5 >= 90,1389
103,face_rgb,103_face_rgb.mp4,frame,check_brightness,PASS,frame=1389 brightness=151 status=normal,1389
103,face_rgb,103_face_rgb.mp4,frame,check_face_detected,PASS,frame=1391 face ok,1391
103,face_rgb,103_face_rgb.mp4,frame,check_head_fully,PASS,frame=1391 Head is fully visible,1391
103,face_rgb,103_face_rgb.mp4,frame,check_face_size,PASS,frame=1391 face=552x672 >= 180x180,1391
103,face_rgb,103_face_rgb.mp4,frame,check_eyes_open,PASS,"frame=1391 eyes open (L=0.37, R=0.39 > 0.25)",1391
103,face_rgb,103_face_rgb.mp4,frame,check_face_blur,PASS,frame=1391 blur variance=267.0 >= 90,1391
103,face_rgb,103_face_rgb.mp4,frame,check_brightness,PASS,frame=1391 brightness=151 status=normal,1391
103,face_rgb,103_face_rgb.mp4,frame,check_face_detected,PASS,frame=1394 face ok,1394
103,face_rgb,103_face_rgb.mp4,frame,check_head_fully,PASS,frame=1394 Head is fully visible,1394
103,face_rgb,103_face_rgb.mp4,frame,check_face_size,PASS,frame=1394 face=552x673 >= 180x180,1394
103,face_rgb,103_face_rgb.mp4,frame,check_eyes_open,PASS,"frame=1394 eyes open (L=0.38, R=0.39 > 0.25)",1394
103,face_rgb,103_face_rgb.mp4,frame,check_face_blur,PASS,frame=1394 blur variance=263.5 >= 90,1394
103,face_rgb,103_face_rgb.mp4,frame,check_brightness,PASS,frame=1394 brightness=150 status=normal,1394
103,face_rgb,103_face_rgb.mp4,frame,check_face_detected,PASS,frame=1396 face ok,1396
103,face_rgb,103_face_rgb.mp4,frame,check_head_fully,PASS,frame=1396 Head is fully visible,1396
103,face_rgb,103_face_rgb.mp4,frame,check_face_size,PASS,frame=1396 face=547x668 >= 180x180,1396
103,face_rgb,103_face_rgb.mp4,frame,check_eyes_open,PASS,"frame=1396 eyes open (L=0.38, R=0.39 > 0.25)",1396
103,face_rgb,103_face_rgb.mp4,frame,check_face_blur,PASS,frame=1396 blur variance=255.9 >= 90,1396
103,face_rgb,103_face_rgb.mp4,frame,check_brightness,PASS,frame=1396 brightness=150 status=normal,1396
103,face_rgb,103_face_rgb.mp4,frame,check_face_detected,PASS,frame=1399 face ok,1399
103,face_rgb,103_face_rgb.mp4,frame,check_head_fully,PASS,frame=1399 Head is fully visible,1399
103,face_rgb,103_face_rgb.mp4,frame,check_face_size,PASS,frame=1399 face=548x668 >= 180x180,1399
103,face_rgb,103_face_rgb.mp4,frame,check_eyes_open,PASS,"frame=1399 eyes open (L=0.38, R=0.38 > 0.25)",1399
103,face_rgb,103_face_rgb.mp4,frame,check_face_blur,PASS,frame=1399 blur variance=255.4 >= 90,1399
103,face_rgb,103_face_rgb.mp4,frame,check_brightness,PASS,frame=1399 brightness=149 status=normal,1399
103,face_rgb,103_face_rgb.mp4,frame,check_face_detected,PASS,frame=1401 face ok,1401
103,face_rgb,103_face_rgb.mp4,frame,check_head_fully,PASS,frame=1401 Head is fully visible,1401
103,face_rgb,103_face_rgb.mp4,frame,check_face_size,PASS,frame=1401 face=548x672 >= 180x180,1401
103,face_rgb,103_face_rgb.mp4,frame,check_eyes_open,PASS,"frame=1401 eyes open (L=0.38, R=0.38 > 0.25)",1401
103,face_rgb,103_face_rgb.mp4,frame,check_face_blur,PASS,frame=1401 blur variance=259.6 >= 90,1401
103,face_rgb,103_face_rgb.mp4,frame,check_brightness,PASS,frame=1401 brightness=149 status=normal,1401
103,face_rgb,103_face_rgb.mp4,frame,check_face_detected,PASS,frame=1403 face ok,1403
103,face_rgb,103_face_rgb.mp4,frame,check_head_fully,PASS,frame=1403 Head is fully visible,1403
103,face_rgb,103_face_rgb.mp4,frame,check_face_size,PASS,frame=1403 face=545x672 >= 180x180,1403
103,face_rgb,103_face_rgb.mp4,frame,check_eyes_open,PASS,"frame=1403 eyes open (L=0.38, R=0.38 > 0.25)",1403
103,face_rgb,103_face_rgb.mp4,frame,check_face_blur,PASS,frame=1403 blur variance=254.1 >= 90,1403
103,face_rgb,103_face_rgb.mp4,frame,check_brightness,PASS,frame=1403 brightness=148 status=normal,1403
103,face_rgb,103_face_rgb.mp4,frame,check_face_detected,PASS,frame=1406 face ok,1406
103,face_rgb,103_face_rgb.mp4,frame,check_head_fully,PASS,frame=1406 Head is fully visible,1406
103,face_rgb,103_face_rgb.mp4,frame,check_face_size,PASS,frame=1406 face=549x675 >= 180x180,1406
103,face_rgb,103_face_rgb.mp4,frame,check_eyes_open,PASS,"frame=1406 eyes open (L=0.37, R=0.37 > 0.25)",1406
103,face_rgb,103_face_rgb.mp4,frame,check_face_blur,PASS,frame=1406 blur variance=254.8 >= 90,1406
103,face_rgb,103_face_rgb.mp4,frame,check_brightness,PASS,frame=1406 brightness=148 status=normal,1406
103,face_rgb,103_face_rgb.mp4,frame,check_face_detected,PASS,frame=1408 face ok,1408
103,face_rgb,103_face_rgb.mp4,frame,check_head_fully,PASS,frame=1408 Head is fully visible,1408
103,face_rgb,103_face_rgb.mp4,frame,check_face_size,PASS,frame=1408 face=548x678 >= 180x180,1408
103,face_rgb,103_face_rgb.mp4,frame,check_eyes_open,PASS,"frame=1408 eyes open (L=0.38, R=0.39 > 0.25)",1408
103,face_rgb,103_face_rgb.mp4,frame,check_face_blur,PASS,frame=1408 blur variance=234.4 >= 90,1408
103,face_rgb,103_face_rgb.mp4,frame,check_brightness,PASS,frame=1408 brightness=149 status=normal,1408
103,face_rgb,103_face_rgb.mp4,frame,check_face_detected,PASS,frame=1410 face ok,1410
103,face_rgb,103_face_rgb.mp4,frame,check_head_fully,PASS,frame=1410 Head is fully visible,1410
103,face_rgb,103_face_rgb.mp4,frame,check_face_size,PASS,frame=1410 face=548x680 >= 180x180,1410
103,face_rgb,103_face_rgb.mp4,frame,check_eyes_open,PASS,"frame=1410 eyes open (L=0.38, R=0.38 > 0.25)",1410
103,face_rgb,103_face_rgb.mp4,frame,check_face_blur,PASS,frame=1410 blur variance=260.3 >= 90,1410
103,face_rgb,103_face_rgb.mp4,frame,check_brightness,PASS,frame=1410 brightness=149 status=normal,1410
103,face_rgb,103_face_rgb.mp4,frame,check_face_detected,PASS,frame=1413 face ok,1413
103,face_rgb,103_face_rgb.mp4,frame,check_head_fully,PASS,frame=1413 Head is fully visible,1413
103,face_rgb,103_face_rgb.mp4,frame,check_face_size,PASS,frame=1413 face=552x684 >= 180x180,1413
103,face_rgb,103_face_rgb.mp4,frame,check_eyes_open,PASS,"frame=1413 eyes open (L=0.38, R=0.37 > 0.25)",1413
103,face_rgb,103_face_rgb.mp4,frame,check_face_blur,PASS,frame=1413 blur variance=249.4 >= 90,1413
103,face_rgb,103_face_rgb.mp4,frame,check_brightness,PASS,frame=1413 brightness=148 status=normal,1413
103,face_rgb,103_face_rgb.mp4,frame,check_face_detected,PASS,frame=1415 face ok,1415
103,face_rgb,103_face_rgb.mp4,frame,check_head_fully,PASS,frame=1415 Head is fully visible,1415
103,face_rgb,103_face_rgb.mp4,frame,check_face_size,PASS,frame=1415 face=552x684 >= 180x180,1415
103,face_rgb,103_face_rgb.mp4,frame,check_eyes_open,PASS,"frame=1415 eyes open (L=0.38, R=0.38 > 0.25)",1415
103,face_rgb,103_face_rgb.mp4,frame,check_face_blur,PASS,frame=1415 blur variance=237.5 >= 90,1415
103,face_rgb,103_face_rgb.mp4,frame,check_brightness,PASS,frame=1415 brightness=148 status=normal,1415
103,face_rgb,103_face_rgb.mp4,frame,check_face_detected,PASS,frame=1418 face ok,1418
103,face_rgb,103_face_rgb.mp4,frame,check_head_fully,PASS,frame=1418 Head is fully visible,1418
103,face_rgb,103_face_rgb.mp4,frame,check_face_size,PASS,frame=1418 face=554x688 >= 180x180,1418
103,face_rgb,103_face_rgb.mp4,frame,check_eyes_open,PASS,"frame=1418 eyes open (L=0.37, R=0.38 > 0.25)",1418
103,face_rgb,103_face_rgb.mp4,frame,check_face_blur,PASS,frame=1418 blur variance=256.7 >= 90,1418
103,face_rgb,103_face_rgb.mp4,frame,check_brightness,PASS,frame=1418 brightness=149 status=normal,1418
103,face_rgb,103_face_rgb.mp4,frame,check_face_detected,PASS,frame=1420 face ok,1420
103,face_rgb,103_face_rgb.mp4,frame,check_head_fully,PASS,frame=1420 Head is fully visible,1420
103,face_rgb,103_face_rgb.mp4,frame,check_face_size,PASS,frame=1420 face=556x688 >= 180x180,1420
103,face_rgb,103_face_rgb.mp4,frame,check_eyes_open,PASS,"frame=1420 eyes open (L=0.38, R=0.38 > 0.25)",1420
103,face_rgb,103_face_rgb.mp4,frame,check_face_blur,PASS,frame=1420 blur variance=222.3 >= 90,1420
103,face_rgb,103_face_rgb.mp4,frame,check_brightness,PASS,frame=1420 brightness=149 status=normal,1420
103,face_rgb,103_face_rgb.mp4,frame,check_face_detected,PASS,frame=1422 face ok,1422
103,face_rgb,103_face_rgb.mp4,frame,check_head_fully,PASS,frame=1422 Head is fully visible,1422
103,face_rgb,103_face_rgb.mp4,frame,check_face_size,PASS,frame=1422 face=554x687 >= 180x180,1422
103,face_rgb,103_face_rgb.mp4,frame,check_eyes_open,PASS,"frame=1422 eyes open (L=0.38, R=0.39 > 0.25)",1422
103,face_rgb,103_face_rgb.mp4,frame,check_face_blur,PASS,frame=1422 blur variance=253.2 >= 90,1422
103,face_rgb,103_face_rgb.mp4,frame,check_brightness,PASS,frame=1422 brightness=149 status=normal,1422
103,face_rgb,103_face_rgb.mp4,frame,check_face_detected,PASS,frame=1425 face ok,1425
103,face_rgb,103_face_rgb.mp4,frame,check_head_fully,PASS,frame=1425 Head is fully visible,1425
103,face_rgb,103_face_rgb.mp4,frame,check_face_size,PASS,frame=1425 face=558x685 >= 180x180,1425
103,face_rgb,103_face_rgb.mp4,frame,check_eyes_open,PASS,"frame=1425 eyes open (L=0.38, R=0.38 > 0.25)",1425
103,face_rgb,103_face_rgb.mp4,frame,check_face_blur,PASS,frame=1425 blur variance=260.4 >= 90,1425
103,face_rgb,103_face_rgb.mp4,frame,check_brightness,PASS,frame=1425 brightness=149 status=normal,1425
103,face_rgb,103_face_rgb.mp4,frame,check_face_detected,PASS,frame=1427 face ok,1427
103,face_rgb,103_face_rgb.mp4,frame,check_head_fully,PASS,frame=1427 Head is fully visible,1427
103,face_rgb,103_face_rgb.mp4,frame,check_face_size,PASS,frame=1427 face=558x687 >= 180x180,1427
103,face_rgb,103_face_rgb.mp4,frame,check_eyes_open,PASS,"frame=1427 eyes open (L=0.38, R=0.39 > 0.25)",1427
103,face_rgb,103_face_rgb.mp4,frame,check_face_blur,PASS,frame=1427 blur variance=253.8 >= 90,1427
103,face_rgb,103_face_rgb.mp4,frame,check_brightness,PASS,frame=1427 brightness=149 status=normal,1427
103,face_rgb,103_face_rgb.mp4,frame,check_face_detected,PASS,frame=1430 face ok,1430
103,face_rgb,103_face_rgb.mp4,frame,check_head_fully,PASS,frame=1430 Head is fully visible,1430
103,face_rgb,103_face_rgb.mp4,frame,check_face_size,PASS,frame=1430 face=554x686 >= 180x180,1430
103,face_rgb,103_face_rgb.mp4,frame,check_eyes_open,PASS,"frame=1430 eyes open (L=0.38, R=0.38 > 0.25)",1430
103,face_rgb,103_face_rgb.mp4,frame,check_face_blur,PASS,frame=1430 blur variance=264.2 >= 90,1430
103,face_rgb,103_face_rgb.mp4,frame,check_brightness,PASS,frame=1430 brightness=149 status=normal,1430
103,face_rgb,103_face_rgb.mp4,frame,check_face_detected,PASS,frame=1432 face ok,1432
103,face_rgb,103_face_rgb.mp4,frame,check_head_fully,PASS,frame=1432 Head is fully visible,1432
103,face_rgb,103_face_rgb.mp4,frame,check_face_size,PASS,frame=1432 face=552x688 >= 180x180,1432
103,face_rgb,103_face_rgb.mp4,frame,check_eyes_open,PASS,"frame=1432 eyes open (L=0.38, R=0.38 > 0.25)",1432
103,face_rgb,103_face_rgb.mp4,frame,check_face_blur,PASS,frame=1432 blur variance=264.2 >= 90,1432
103,face_rgb,103_face_rgb.mp4,frame,check_brightness,PASS,frame=1432 brightness=149 status=normal,1432
103,face_rgb,103_face_rgb.mp4,video,frames_sampled,PASS,sampled 600 frames,
103,face_rgb,103_face_rgb.mp4,sequence,check_turn_sequence_structure,PASS,observed: front -> left -> front -> right -> front -> up -> front -> down -> front (matches 'audio_prompt'),
103,face_rgb,103_face_rgb.mp4,sequence,check_turn_sequence_down_hold,REVIEW,down held 3 frame(s) < 10 (too short),
103,face_rgb,103_face_rgb.mp4,sequence,check_turn_sequence_left,PASS,left: present as a segment,
103,face_rgb,103_face_rgb.mp4,sequence,check_turn_sequence_right,PASS,right: present as a segment,
103,face_rgb,103_face_rgb.mp4,sequence,check_turn_sequence_down,PASS,down: present as a segment,
103,face_rgb,103_face_rgb.mp4,sequence,check_turn_sequence_up,PASS,up: present as a segment,
103,face_rgb,103_face_rgb.mp4,sequence,check_turn_sequence,REVIEW,"structure ok; present=['left', 'right', 'down', 'up']; missing=none; short_holds=1; unconfirmed_gap=False",
