volunteer_id,data_type,filename,check_level,check_name,status,reason,frame_index
004,face_rgb,004_face_rgb.mp4,video,check_container,PASS,"container ok (.mp4, 3 channels, codec=h264)",
004,face_rgb,004_face_rgb.mp4,video,check_fps,PASS,fps=30.00 >= 5,
004,face_rgb,004_face_rgb.mp4,video,check_duration,PASS,duration=43.0 >= 40,
004,face_rgb,004_face_rgb.mp4,video,check_resolution,PASS,resolution=3840x2160 >= 180x180,
004,face_rgb,004_face_rgb.mp4,frame,check_face_detected,PASS,frame=0 face detected,0
004,face_rgb,004_face_rgb.mp4,frame,check_head_fully,PASS,frame=0 Head is fully visible,0
004,face_rgb,004_face_rgb.mp4,frame,check_face_size,PASS,frame=0 face=628x740 >= 180x180,0
004,face_rgb,004_face_rgb.mp4,frame,check_eyes_open,PASS,"frame=0 eyes open (L=0.37, R=0.37 > 0.25)",0
004,face_rgb,004_face_rgb.mp4,frame,check_face_blur,FAIL,frame=0 blur variance=5.1 < 90,0
004,face_rgb,004_face_rgb.mp4,frame,check_brightness,PASS,frame=0 brightness normal; 35 <= 150 <=200,0
004,face_rgb,004_face_rgb.mp4,frame,check_face_detected,PASS,frame=2 face detected,2
004,face_rgb,004_face_rgb.mp4,frame,check_head_fully,PASS,frame=2 Head is fully visible,2
004,face_rgb,004_face_rgb.mp4,frame,check_face_size,PASS,frame=2 face=626x736 >= 180x180,2
004,face_rgb,004_face_rgb.mp4,frame,check_eyes_open,PASS,"frame=2 eyes open (L=0.38, R=0.37 > 0.25)",2
004,face_rgb,004_face_rgb.mp4,frame,check_face_blur,FAIL,frame=2 blur variance=5.7 < 90,2
004,face_rgb,004_face_rgb.mp4,frame,check_brightness,PASS,frame=2 brightness normal; 35 <= 150 <=200,2
004,face_rgb,004_face_rgb.mp4,frame,check_face_detected,PASS,frame=4 face detected,4
004,face_rgb,004_face_rgb.mp4,frame,check_head_fully,PASS,frame=4 Head is fully visible,4
004,face_rgb,004_face_rgb.mp4,frame,check_face_size,PASS,frame=4 face=624x737 >= 180x180,4
004,face_rgb,004_face_rgb.mp4,frame,check_eyes_open,PASS,"frame=4 eyes open (L=0.37, R=0.37 > 0.25)",4
004,face_rgb,004_face_rgb.mp4,frame,check_face_blur,FAIL,frame=4 blur variance=6.0 < 90,4
004,face_rgb,004_face_rgb.mp4,frame,check_brightness,PASS,frame=4 brightness normal; 35 <= 150 <=200,4
004,face_rgb,004_face_rgb.mp4,frame,check_face_detected,PASS,frame=6 face detected,6
004,face_rgb,004_face_rgb.mp4,frame,check_head_fully,PASS,frame=6 Head is fully visible,6
004,face_rgb,004_face_rgb.mp4,frame,check_face_size,PASS,frame=6 face=618x734 >= 180x180,6
004,face_rgb,004_face_rgb.mp4,frame,check_eyes_open,PASS,"frame=6 eyes open (L=0.37, R=0.38 > 0.25)",6
004,face_rgb,004_face_rgb.mp4,frame,check_face_blur,FAIL,frame=6 blur variance=6.3 < 90,6
004,face_rgb,004_face_rgb.mp4,frame,check_brightness,PASS,frame=6 brightness normal; 35 <= 151 <=200,6
004,face_rgb,004_face_rgb.mp4,frame,check_face_detected,PASS,frame=8 face detected,8
004,face_rgb,004_face_rgb.mp4,frame,check_head_fully,PASS,frame=8 Head is fully visible,8
004,face_rgb,004_face_rgb.mp4,frame,check_face_size,PASS,frame=8 face=615x734 >= 180x180,8
004,face_rgb,004_face_rgb.mp4,frame,check_eyes_open,PASS,"frame=8 eyes open (L=0.37, R=0.37 > 0.25)",8
004,face_rgb,004_face_rgb.mp4,frame,check_face_blur,FAIL,frame=8 blur variance=6.5 < 90,8
004,face_rgb,004_face_rgb.mp4,frame,check_brightness,PASS,frame=8 brightness normal; 35 <= 151 <=200,8
004,face_rgb,004_face_rgb.mp4,frame,check_face_detected,PASS,frame=10 face detected,10
004,face_rgb,004_face_rgb.mp4,frame,check_head_fully,PASS,frame=10 Head is fully visible,10
004,face_rgb,004_face_rgb.mp4,frame,check_face_size,PASS,frame=10 face=616x721 >= 180x180,10
004,face_rgb,004_face_rgb.mp4,frame,check_eyes_open,PASS,"frame=10 eyes open (L=0.37, R=0.37 > 0.25)",10
004,face_rgb,004_face_rgb.mp4,frame,check_face_blur,FAIL,frame=10 blur variance=7.0 < 90,10
004,face_rgb,004_face_rgb.mp4,frame,check_brightness,PASS,frame=10 brightness normal; 35 <= 151 <=200,10
004,face_rgb,004_face_rgb.mp4,frame,check_face_detected,PASS,frame=12 face detected,12
004,face_rgb,004_face_rgb.mp4,frame,check_head_fully,PASS,frame=12 Head is fully visible,12
004,face_rgb,004_face_rgb.mp4,frame,check_face_size,PASS,frame=12 face=617x725 >= 180x180,12
004,face_rgb,004_face_rgb.mp4,frame,check_eyes_open,PASS,"frame=12 eyes open (L=0.37, R=0.37 > 0.25)",12
004,face_rgb,004_face_rgb.mp4,frame,check_face_blur,FAIL,frame=12 blur variance=6.7 < 90,12
004,face_rgb,004_face_rgb.mp4,frame,check_brightness,PASS,frame=12 brightness normal; 35 <= 151 <=200,12
004,face_rgb,004_face_rgb.mp4,frame,check_face_detected,PASS,frame=16 face detected,16
004,face_rgb,004_face_rgb.mp4,frame,check_head_fully,PASS,frame=16 Head is fully visible,16
004,face_rgb,004_face_rgb.mp4,frame,check_face_size,PASS,frame=16 face=614x727 >= 180x180,16
004,face_rgb,004_face_rgb.mp4,frame,check_eyes_open,PASS,"frame=16 eyes open (L=0.37, R=0.37 > 0.25)",16
004,face_rgb,004_face_rgb.mp4,frame,check_face_blur,FAIL,frame=16 blur variance=6.9 < 90,16
004,face_rgb,004_face_rgb.mp4,frame,check_brightness,PASS,frame=16 brightness normal; 35 <= 151 <=200,16
004,face_rgb,004_face_rgb.mp4,frame,check_face_detected,PASS,frame=18 face detected,18
004,face_rgb,004_face_rgb.mp4,frame,check_head_fully,PASS,frame=18 Head is fully visible,18
004,face_rgb,004_face_rgb.mp4,frame,check_face_size,PASS,frame=18 face=612x737 >= 180x180,18
004,face_rgb,004_face_rgb.mp4,frame,check_eyes_open,PASS,"frame=18 eyes open (L=0.37, R=0.38 > 0.25)",18
004,face_rgb,004_face_rgb.mp4,frame,check_face_blur,FAIL,frame=18 blur variance=7.0 < 90,18
004,face_rgb,004_face_rgb.mp4,frame,check_brightness,PASS,frame=18 brightness normal; 35 <= 151 <=200,18
004,face_rgb,004_face_rgb.mp4,frame,check_face_detected,PASS,frame=20 face detected,20
004,face_rgb,004_face_rgb.mp4,frame,check_head_fully,PASS,frame=20 Head is fully visible,20
004,face_rgb,004_face_rgb.mp4,frame,check_face_size,PASS,frame=20 face=613x739 >= 180x180,20
004,face_rgb,004_face_rgb.mp4,frame,check_eyes_open,PASS,"frame=20 eyes open (L=0.36, R=0.37 > 0.25)",20
004,face_rgb,004_face_rgb.mp4,frame,check_face_blur,FAIL,frame=20 blur variance=7.6 < 90,20
004,face_rgb,004_face_rgb.mp4,frame,check_brightness,PASS,frame=20 brightness normal; 35 <= 151 <=200,20
004,face_rgb,004_face_rgb.mp4,frame,check_face_detected,PASS,frame=22 face detected,22
004,face_rgb,004_face_rgb.mp4,frame,check_head_fully,PASS,frame=22 Head is fully visible,22
004,face_rgb,004_face_rgb.mp4,frame,check_face_size,PASS,frame=22 face=614x736 >= 180x180,22
004,face_rgb,004_face_rgb.mp4,frame,check_eyes_open,PASS,"frame=22 eyes open (L=0.37, R=0.37 > 0.25)",22
004,face_rgb,004_face_rgb.mp4,frame,check_face_blur,FAIL,frame=22 blur variance=8.1 < 90,22
004,face_rgb,004_face_rgb.mp4,frame,check_brightness,PASS,frame=22 brightness normal; 35 <= 151 <=200,22
004,face_rgb,004_face_rgb.mp4,frame,check_face_detected,PASS,frame=24 face detected,24
004,face_rgb,004_face_rgb.mp4,frame,check_head_fully,PASS,frame=24 Head is fully visible,24
004,face_rgb,004_face_rgb.mp4,frame,check_face_size,PASS,frame=24 face=612x736 >= 180x180,24
004,face_rgb,004_face_rgb.mp4,frame,check_eyes_open,PASS,"frame=24 eyes open (L=0.37, R=0.37 > 0.25)",24
004,face_rgb,004_face_rgb.mp4,frame,check_face_blur,FAIL,frame=24 blur variance=8.5 < 90,24
004,face_rgb,004_face_rgb.mp4,frame,check_brightness,PASS,frame=24 brightness normal; 35 <= 151 <=200,24
004,face_rgb,004_face_rgb.mp4,frame,check_face_detected,PASS,frame=26 face detected,26
004,face_rgb,004_face_rgb.mp4,frame,check_head_fully,PASS,frame=26 Head is fully visible,26
004,face_rgb,004_face_rgb.mp4,frame,check_face_size,PASS,frame=26 face=613x736 >= 180x180,26
004,face_rgb,004_face_rgb.mp4,frame,check_eyes_open,PASS,"frame=26 eyes open (L=0.37, R=0.37 > 0.25)",26
004,face_rgb,004_face_rgb.mp4,frame,check_face_blur,FAIL,frame=26 blur variance=8.3 < 90,26
004,face_rgb,004_face_rgb.mp4,frame,check_brightness,PASS,frame=26 brightness normal; 35 <= 151 <=200,26
004,face_rgb,004_face_rgb.mp4,frame,check_face_detected,PASS,frame=28 face detected,28
004,face_rgb,004_face_rgb.mp4,frame,check_head_fully,PASS,frame=28 Head is fully visible,28
004,face_rgb,004_face_rgb.mp4,frame,check_face_size,PASS,frame=28 face=609x727 >= 180x180,28
004,face_rgb,004_face_rgb.mp4,frame,check_eyes_open,PASS,"frame=28 eyes open (L=0.37, R=0.37 > 0.25)",28
004,face_rgb,004_face_rgb.mp4,frame,check_face_blur,FAIL,frame=28 blur variance=8.2 < 90,28
004,face_rgb,004_face_rgb.mp4,frame,check_brightness,PASS,frame=28 brightness normal; 35 <= 151 <=200,28
004,face_rgb,004_face_rgb.mp4,frame,check_face_detected,PASS,frame=30 face detected,30
004,face_rgb,004_face_rgb.mp4,frame,check_head_fully,PASS,frame=30 Head is fully visible,30
004,face_rgb,004_face_rgb.mp4,frame,check_face_size,PASS,frame=30 face=609x722 >= 180x180,30
004,face_rgb,004_face_rgb.mp4,frame,check_eyes_open,PASS,"frame=30 eyes open (L=0.37, R=0.37 > 0.25)",30
004,face_rgb,004_face_rgb.mp4,frame,check_face_blur,FAIL,frame=30 blur variance=8.2 < 90,30
004,face_rgb,004_face_rgb.mp4,frame,check_brightness,PASS,frame=30 brightness normal; 35 <= 151 <=200,30
004,face_rgb,004_face_rgb.mp4,frame,check_face_detected,PASS,frame=32 face detected,32
004,face_rgb,004_face_rgb.mp4,frame,check_head_fully,PASS,frame=32 Head is fully visible,32
004,face_rgb,004_face_rgb.mp4,frame,check_face_size,PASS,frame=32 face=606x713 >= 180x180,32
004,face_rgb,004_face_rgb.mp4,frame,check_eyes_open,PASS,"frame=32 eyes open (L=0.37, R=0.36 > 0.25)",32
004,face_rgb,004_face_rgb.mp4,frame,check_face_blur,FAIL,frame=32 blur variance=8.3 < 90,32
004,face_rgb,004_face_rgb.mp4,frame,check_brightness,PASS,frame=32 brightness normal; 35 <= 150 <=200,32
004,face_rgb,004_face_rgb.mp4,frame,check_face_detected,PASS,frame=34 face detected,34
004,face_rgb,004_face_rgb.mp4,frame,check_head_fully,PASS,frame=34 Head is fully visible,34
004,face_rgb,004_face_rgb.mp4,frame,check_face_size,PASS,frame=34 face=607x709 >= 180x180,34
004,face_rgb,004_face_rgb.mp4,frame,check_eyes_open,PASS,"frame=34 eyes open (L=0.36, R=0.37 > 0.25)",34
004,face_rgb,004_face_rgb.mp4,frame,check_face_blur,FAIL,frame=34 blur variance=8.2 < 90,34
004,face_rgb,004_face_rgb.mp4,frame,check_brightness,PASS,frame=34 brightness normal; 35 <= 150 <=200,34
004,face_rgb,004_face_rgb.mp4,frame,check_face_detected,PASS,frame=36 face detected,36
004,face_rgb,004_face_rgb.mp4,frame,check_head_fully,PASS,frame=36 Head is fully visible,36
004,face_rgb,004_face_rgb.mp4,frame,check_face_size,PASS,frame=36 face=601x690 >= 180x180,36
004,face_rgb,004_face_rgb.mp4,frame,check_eyes_open,PASS,"frame=36 eyes open (L=0.37, R=0.38 > 0.25)",36
004,face_rgb,004_face_rgb.mp4,frame,check_face_blur,FAIL,frame=36 blur variance=8.3 < 90,36
004,face_rgb,004_face_rgb.mp4,frame,check_brightness,PASS,frame=36 brightness normal; 35 <= 150 <=200,36
004,face_rgb,004_face_rgb.mp4,frame,check_face_detected,PASS,frame=38 face detected,38
004,face_rgb,004_face_rgb.mp4,frame,check_head_fully,PASS,frame=38 Head is fully visible,38
004,face_rgb,004_face_rgb.mp4,frame,check_face_size,PASS,frame=38 face=605x696 >= 180x180,38
004,face_rgb,004_face_rgb.mp4,frame,check_eyes_open,PASS,"frame=38 eyes open (L=0.37, R=0.37 > 0.25)",38
004,face_rgb,004_face_rgb.mp4,frame,check_face_blur,FAIL,frame=38 blur variance=8.2 < 90,38
004,face_rgb,004_face_rgb.mp4,frame,check_brightness,PASS,frame=38 brightness normal; 35 <= 149 <=200,38
004,face_rgb,004_face_rgb.mp4,frame,check_face_detected,PASS,frame=40 face detected,40
004,face_rgb,004_face_rgb.mp4,frame,check_head_fully,PASS,frame=40 Head is fully visible,40
004,face_rgb,004_face_rgb.mp4,frame,check_face_size,PASS,frame=40 face=604x696 >= 180x180,40
004,face_rgb,004_face_rgb.mp4,frame,check_eyes_open,PASS,"frame=40 eyes open (L=0.37, R=0.37 > 0.25)",40
004,face_rgb,004_face_rgb.mp4,frame,check_face_blur,FAIL,frame=40 blur variance=8.4 < 90,40
004,face_rgb,004_face_rgb.mp4,frame,check_brightness,PASS,frame=40 brightness normal; 35 <= 149 <=200,40
004,face_rgb,004_face_rgb.mp4,frame,check_face_detected,PASS,frame=44 face detected,44
004,face_rgb,004_face_rgb.mp4,frame,check_head_fully,PASS,frame=44 Head is fully visible,44
004,face_rgb,004_face_rgb.mp4,frame,check_face_size,PASS,frame=44 face=606x700 >= 180x180,44
004,face_rgb,004_face_rgb.mp4,frame,check_eyes_open,PASS,"frame=44 eyes open (L=0.36, R=0.38 > 0.25)",44
004,face_rgb,004_face_rgb.mp4,frame,check_face_blur,FAIL,frame=44 blur variance=8.5 < 90,44
004,face_rgb,004_face_rgb.mp4,frame,check_brightness,PASS,frame=44 brightness normal; 35 <= 150 <=200,44
004,face_rgb,004_face_rgb.mp4,frame,check_face_detected,PASS,frame=46 face detected,46
004,face_rgb,004_face_rgb.mp4,frame,check_head_fully,PASS,frame=46 Head is fully visible,46
004,face_rgb,004_face_rgb.mp4,frame,check_face_size,PASS,frame=46 face=605x698 >= 180x180,46
004,face_rgb,004_face_rgb.mp4,frame,check_eyes_open,PASS,"frame=46 eyes open (L=0.37, R=0.38 > 0.25)",46
004,face_rgb,004_face_rgb.mp4,frame,check_face_blur,FAIL,frame=46 blur variance=8.4 < 90,46
004,face_rgb,004_face_rgb.mp4,frame,check_brightness,PASS,frame=46 brightness normal; 35 <= 149 <=200,46
004,face_rgb,004_face_rgb.mp4,frame,check_face_detected,PASS,frame=48 face detected,48
004,face_rgb,004_face_rgb.mp4,frame,check_head_fully,PASS,frame=48 Head is fully visible,48
004,face_rgb,004_face_rgb.mp4,frame,check_face_size,PASS,frame=48 face=608x700 >= 180x180,48
004,face_rgb,004_face_rgb.mp4,frame,check_eyes_open,PASS,"frame=48 eyes open (L=0.37, R=0.38 > 0.25)",48
004,face_rgb,004_face_rgb.mp4,frame,check_face_blur,FAIL,frame=48 blur variance=7.7 < 90,48
004,face_rgb,004_face_rgb.mp4,frame,check_brightness,PASS,frame=48 brightness normal; 35 <= 149 <=200,48
004,face_rgb,004_face_rgb.mp4,frame,check_face_detected,PASS,frame=50 face detected,50
004,face_rgb,004_face_rgb.mp4,frame,check_head_fully,PASS,frame=50 Head is fully visible,50
004,face_rgb,004_face_rgb.mp4,frame,check_face_size,PASS,frame=50 face=603x691 >= 180x180,50
004,face_rgb,004_face_rgb.mp4,frame,check_eyes_open,PASS,"frame=50 eyes open (L=0.36, R=0.37 > 0.25)",50
004,face_rgb,004_face_rgb.mp4,frame,check_face_blur,FAIL,frame=50 blur variance=8.3 < 90,50
004,face_rgb,004_face_rgb.mp4,frame,check_brightness,PASS,frame=50 brightness normal; 35 <= 149 <=200,50
004,face_rgb,004_face_rgb.mp4,frame,check_face_detected,PASS,frame=52 face detected,52
004,face_rgb,004_face_rgb.mp4,frame,check_head_fully,PASS,frame=52 Head is fully visible,52
004,face_rgb,004_face_rgb.mp4,frame,check_face_size,PASS,frame=52 face=607x702 >= 180x180,52
004,face_rgb,004_face_rgb.mp4,frame,check_eyes_open,PASS,"frame=52 eyes open (L=0.37, R=0.37 > 0.25)",52
004,face_rgb,004_face_rgb.mp4,frame,check_face_blur,FAIL,frame=52 blur variance=7.4 < 90,52
004,face_rgb,004_face_rgb.mp4,frame,check_brightness,PASS,frame=52 brightness normal; 35 <= 150 <=200,52
004,face_rgb,004_face_rgb.mp4,frame,check_face_detected,PASS,frame=54 face detected,54
004,face_rgb,004_face_rgb.mp4,frame,check_head_fully,PASS,frame=54 Head is fully visible,54
004,face_rgb,004_face_rgb.mp4,frame,check_face_size,PASS,frame=54 face=614x703 >= 180x180,54
004,face_rgb,004_face_rgb.mp4,frame,check_eyes_open,PASS,"frame=54 eyes open (L=0.37, R=0.38 > 0.25)",54
004,face_rgb,004_face_rgb.mp4,frame,check_face_blur,FAIL,frame=54 blur variance=8.3 < 90,54
004,face_rgb,004_face_rgb.mp4,frame,check_brightness,PASS,frame=54 brightness normal; 35 <= 150 <=200,54
004,face_rgb,004_face_rgb.mp4,frame,check_face_detected,PASS,frame=56 face detected,56
004,face_rgb,004_face_rgb.mp4,frame,check_head_fully,PASS,frame=56 Head is fully visible,56
004,face_rgb,004_face_rgb.mp4,frame,check_face_size,PASS,frame=56 face=613x702 >= 180x180,56
004,face_rgb,004_face_rgb.mp4,frame,check_eyes_open,PASS,"frame=56 eyes open (L=0.37, R=0.36 > 0.25)",56
004,face_rgb,004_face_rgb.mp4,frame,check_face_blur,FAIL,frame=56 blur variance=7.4 < 90,56
004,face_rgb,004_face_rgb.mp4,frame,check_brightness,PASS,frame=56 brightness normal; 35 <= 150 <=200,56
004,face_rgb,004_face_rgb.mp4,frame,check_face_detected,PASS,frame=58 face detected,58
004,face_rgb,004_face_rgb.mp4,frame,check_head_fully,PASS,frame=58 Head is fully visible,58
004,face_rgb,004_face_rgb.mp4,frame,check_face_size,PASS,frame=58 face=616x735 >= 180x180,58
004,face_rgb,004_face_rgb.mp4,frame,check_eyes_open,PASS,"frame=58 eyes open (L=0.36, R=0.38 > 0.25)",58
004,face_rgb,004_face_rgb.mp4,frame,check_face_blur,FAIL,frame=58 blur variance=7.8 < 90,58
004,face_rgb,004_face_rgb.mp4,frame,check_brightness,PASS,frame=58 brightness normal; 35 <= 150 <=200,58
004,face_rgb,004_face_rgb.mp4,frame,check_face_detected,PASS,frame=60 face detected,60
004,face_rgb,004_face_rgb.mp4,frame,check_head_fully,PASS,frame=60 Head is fully visible,60
004,face_rgb,004_face_rgb.mp4,frame,check_face_size,PASS,frame=60 face=614x714 >= 180x180,60
004,face_rgb,004_face_rgb.mp4,frame,check_eyes_open,PASS,"frame=60 eyes open (L=0.36, R=0.37 > 0.25)",60
004,face_rgb,004_face_rgb.mp4,frame,check_face_blur,FAIL,frame=60 blur variance=7.5 < 90,60
004,face_rgb,004_face_rgb.mp4,frame,check_brightness,PASS,frame=60 brightness normal; 35 <= 151 <=200,60
004,face_rgb,004_face_rgb.mp4,frame,check_face_detected,PASS,frame=62 face detected,62
004,face_rgb,004_face_rgb.mp4,frame,check_head_fully,PASS,frame=62 Head is fully visible,62
004,face_rgb,004_face_rgb.mp4,frame,check_face_size,PASS,frame=62 face=617x724 >= 180x180,62
004,face_rgb,004_face_rgb.mp4,frame,check_eyes_open,PASS,"frame=62 eyes open (L=0.37, R=0.37 > 0.25)",62
004,face_rgb,004_face_rgb.mp4,frame,check_face_blur,FAIL,frame=62 blur variance=7.8 < 90,62
004,face_rgb,004_face_rgb.mp4,frame,check_brightness,PASS,frame=62 brightness normal; 35 <= 151 <=200,62
004,face_rgb,004_face_rgb.mp4,frame,check_face_detected,PASS,frame=64 face detected,64
004,face_rgb,004_face_rgb.mp4,frame,check_head_fully,PASS,frame=64 Head is fully visible,64
004,face_rgb,004_face_rgb.mp4,frame,check_face_size,PASS,frame=64 face=621x733 >= 180x180,64
004,face_rgb,004_face_rgb.mp4,frame,check_eyes_open,PASS,"frame=64 eyes open (L=0.37, R=0.38 > 0.25)",64
004,face_rgb,004_face_rgb.mp4,frame,check_face_blur,FAIL,frame=64 blur variance=7.3 < 90,64
004,face_rgb,004_face_rgb.mp4,frame,check_brightness,PASS,frame=64 brightness normal; 35 <= 151 <=200,64
004,face_rgb,004_face_rgb.mp4,frame,check_face_detected,PASS,frame=66 face detected,66
004,face_rgb,004_face_rgb.mp4,frame,check_head_fully,PASS,frame=66 Head is fully visible,66
004,face_rgb,004_face_rgb.mp4,frame,check_face_size,PASS,frame=66 face=619x723 >= 180x180,66
004,face_rgb,004_face_rgb.mp4,frame,check_eyes_open,PASS,"frame=66 eyes open (L=0.37, R=0.38 > 0.25)",66
004,face_rgb,004_face_rgb.mp4,frame,check_face_blur,FAIL,frame=66 blur variance=7.6 < 90,66
004,face_rgb,004_face_rgb.mp4,frame,check_brightness,PASS,frame=66 brightness normal; 35 <= 151 <=200,66
004,face_rgb,004_face_rgb.mp4,frame,check_face_detected,PASS,frame=68 face detected,68
004,face_rgb,004_face_rgb.mp4,frame,check_head_fully,PASS,frame=68 Head is fully visible,68
004,face_rgb,004_face_rgb.mp4,frame,check_face_size,PASS,frame=68 face=619x725 >= 180x180,68
004,face_rgb,004_face_rgb.mp4,frame,check_eyes_open,PASS,"frame=68 eyes open (L=0.36, R=0.37 > 0.25)",68
004,face_rgb,004_face_rgb.mp4,frame,check_face_blur,FAIL,frame=68 blur variance=8.0 < 90,68
004,face_rgb,004_face_rgb.mp4,frame,check_brightness,PASS,frame=68 brightness normal; 35 <= 152 <=200,68
004,face_rgb,004_face_rgb.mp4,frame,check_face_detected,PASS,frame=72 face detected,72
004,face_rgb,004_face_rgb.mp4,frame,check_head_fully,PASS,frame=72 Head is fully visible,72
004,face_rgb,004_face_rgb.mp4,frame,check_face_size,PASS,frame=72 face=620x728 >= 180x180,72
004,face_rgb,004_face_rgb.mp4,frame,check_eyes_open,PASS,"frame=72 eyes open (L=0.37, R=0.37 > 0.25)",72
004,face_rgb,004_face_rgb.mp4,frame,check_face_blur,FAIL,frame=72 blur variance=8.2 < 90,72
004,face_rgb,004_face_rgb.mp4,frame,check_brightness,PASS,frame=72 brightness normal; 35 <= 151 <=200,72
004,face_rgb,004_face_rgb.mp4,frame,check_face_detected,PASS,frame=74 face detected,74
004,face_rgb,004_face_rgb.mp4,frame,check_head_fully,PASS,frame=74 Head is fully visible,74
004,face_rgb,004_face_rgb.mp4,frame,check_face_size,PASS,frame=74 face=621x735 >= 180x180,74
004,face_rgb,004_face_rgb.mp4,frame,check_eyes_open,PASS,"frame=74 eyes open (L=0.37, R=0.37 > 0.25)",74
004,face_rgb,004_face_rgb.mp4,frame,check_face_blur,FAIL,frame=74 blur variance=7.9 < 90,74
004,face_rgb,004_face_rgb.mp4,frame,check_brightness,PASS,frame=74 brightness normal; 35 <= 151 <=200,74
004,face_rgb,004_face_rgb.mp4,frame,check_face_detected,PASS,frame=76 face detected,76
004,face_rgb,004_face_rgb.mp4,frame,check_head_fully,PASS,frame=76 Head is fully visible,76
004,face_rgb,004_face_rgb.mp4,frame,check_face_size,PASS,frame=76 face=616x717 >= 180x180,76
004,face_rgb,004_face_rgb.mp4,frame,check_eyes_open,PASS,"frame=76 eyes open (L=0.36, R=0.38 > 0.25)",76
004,face_rgb,004_face_rgb.mp4,frame,check_face_blur,FAIL,frame=76 blur variance=7.6 < 90,76
004,face_rgb,004_face_rgb.mp4,frame,check_brightness,PASS,frame=76 brightness normal; 35 <= 152 <=200,76
004,face_rgb,004_face_rgb.mp4,frame,check_face_detected,PASS,frame=78 face detected,78
004,face_rgb,004_face_rgb.mp4,frame,check_head_fully,PASS,frame=78 Head is fully visible,78
004,face_rgb,004_face_rgb.mp4,frame,check_face_size,PASS,frame=78 face=614x716 >= 180x180,78
004,face_rgb,004_face_rgb.mp4,frame,check_eyes_open,PASS,"frame=78 eyes open (L=0.37, R=0.37 > 0.25)",78
004,face_rgb,004_face_rgb.mp4,frame,check_face_blur,FAIL,frame=78 blur variance=7.6 < 90,78
004,face_rgb,004_face_rgb.mp4,frame,check_brightness,PASS,frame=78 brightness normal; 35 <= 153 <=200,78
004,face_rgb,004_face_rgb.mp4,frame,check_face_detected,PASS,frame=80 face detected,80
004,face_rgb,004_face_rgb.mp4,frame,check_head_fully,PASS,frame=80 Head is fully visible,80
004,face_rgb,004_face_rgb.mp4,frame,check_face_size,PASS,frame=80 face=617x726 >= 180x180,80
004,face_rgb,004_face_rgb.mp4,frame,check_eyes_open,PASS,"frame=80 eyes open (L=0.36, R=0.38 > 0.25)",80
004,face_rgb,004_face_rgb.mp4,frame,check_face_blur,FAIL,frame=80 blur variance=8.1 < 90,80
004,face_rgb,004_face_rgb.mp4,frame,check_brightness,PASS,frame=80 brightness normal; 35 <= 152 <=200,80
004,face_rgb,004_face_rgb.mp4,frame,check_face_detected,PASS,frame=82 face detected,82
004,face_rgb,004_face_rgb.mp4,frame,check_head_fully,PASS,frame=82 Head is fully visible,82
004,face_rgb,004_face_rgb.mp4,frame,check_face_size,PASS,frame=82 face=618x720 >= 180x180,82
004,face_rgb,004_face_rgb.mp4,frame,check_eyes_open,PASS,"frame=82 eyes open (L=0.37, R=0.37 > 0.25)",82
004,face_rgb,004_face_rgb.mp4,frame,check_face_blur,FAIL,frame=82 blur variance=7.7 < 90,82
004,face_rgb,004_face_rgb.mp4,frame,check_brightness,PASS,frame=82 brightness normal; 35 <= 152 <=200,82
004,face_rgb,004_face_rgb.mp4,frame,check_face_detected,PASS,frame=84 face detected,84
004,face_rgb,004_face_rgb.mp4,frame,check_head_fully,PASS,frame=84 Head is fully visible,84
004,face_rgb,004_face_rgb.mp4,frame,check_face_size,PASS,frame=84 face=615x705 >= 180x180,84
004,face_rgb,004_face_rgb.mp4,frame,check_eyes_open,PASS,"frame=84 eyes open (L=0.36, R=0.37 > 0.25)",84
004,face_rgb,004_face_rgb.mp4,frame,check_face_blur,FAIL,frame=84 blur variance=8.1 < 90,84
004,face_rgb,004_face_rgb.mp4,frame,check_brightness,PASS,frame=84 brightness normal; 35 <= 152 <=200,84
004,face_rgb,004_face_rgb.mp4,frame,check_face_detected,PASS,frame=86 face detected,86
004,face_rgb,004_face_rgb.mp4,frame,check_head_fully,PASS,frame=86 Head is fully visible,86
004,face_rgb,004_face_rgb.mp4,frame,check_face_size,PASS,frame=86 face=616x713 >= 180x180,86
004,face_rgb,004_face_rgb.mp4,frame,check_eyes_open,PASS,"frame=86 eyes open (L=0.37, R=0.37 > 0.25)",86
004,face_rgb,004_face_rgb.mp4,frame,check_face_blur,FAIL,frame=86 blur variance=7.7 < 90,86
004,face_rgb,004_face_rgb.mp4,frame,check_brightness,PASS,frame=86 brightness normal; 35 <= 152 <=200,86
004,face_rgb,004_face_rgb.mp4,frame,check_face_detected,PASS,frame=88 face detected,88
004,face_rgb,004_face_rgb.mp4,frame,check_head_fully,PASS,frame=88 Head is fully visible,88
004,face_rgb,004_face_rgb.mp4,frame,check_face_size,PASS,frame=88 face=613x701 >= 180x180,88
004,face_rgb,004_face_rgb.mp4,frame,check_eyes_open,PASS,"frame=88 eyes open (L=0.37, R=0.37 > 0.25)",88
004,face_rgb,004_face_rgb.mp4,frame,check_face_blur,FAIL,frame=88 blur variance=8.4 < 90,88
004,face_rgb,004_face_rgb.mp4,frame,check_brightness,PASS,frame=88 brightness normal; 35 <= 152 <=200,88
004,face_rgb,004_face_rgb.mp4,frame,check_face_detected,PASS,frame=90 face detected,90
004,face_rgb,004_face_rgb.mp4,frame,check_head_fully,PASS,frame=90 Head is fully visible,90
004,face_rgb,004_face_rgb.mp4,frame,check_face_size,PASS,frame=90 face=615x705 >= 180x180,90
004,face_rgb,004_face_rgb.mp4,frame,check_eyes_open,PASS,"frame=90 eyes open (L=0.36, R=0.37 > 0.25)",90
004,face_rgb,004_face_rgb.mp4,frame,check_face_blur,FAIL,frame=90 blur variance=8.1 < 90,90
004,face_rgb,004_face_rgb.mp4,frame,check_brightness,PASS,frame=90 brightness normal; 35 <= 152 <=200,90
004,face_rgb,004_face_rgb.mp4,frame,check_face_detected,PASS,frame=92 face detected,92
004,face_rgb,004_face_rgb.mp4,frame,check_head_fully,PASS,frame=92 Head is fully visible,92
004,face_rgb,004_face_rgb.mp4,frame,check_face_size,PASS,frame=92 face=612x691 >= 180x180,92
004,face_rgb,004_face_rgb.mp4,frame,check_eyes_open,PASS,"frame=92 eyes open (L=0.37, R=0.37 > 0.25)",92
004,face_rgb,004_face_rgb.mp4,frame,check_face_blur,FAIL,frame=92 blur variance=8.2 < 90,92
004,face_rgb,004_face_rgb.mp4,frame,check_brightness,PASS,frame=92 brightness normal; 35 <= 152 <=200,92
004,face_rgb,004_face_rgb.mp4,frame,check_face_detected,PASS,frame=94 face detected,94
004,face_rgb,004_face_rgb.mp4,frame,check_head_fully,PASS,frame=94 Head is fully visible,94
004,face_rgb,004_face_rgb.mp4,frame,check_face_size,PASS,frame=94 face=612x687 >= 180x180,94
004,face_rgb,004_face_rgb.mp4,frame,check_eyes_open,PASS,"frame=94 eyes open (L=0.37, R=0.37 > 0.25)",94
004,face_rgb,004_face_rgb.mp4,frame,check_face_blur,FAIL,frame=94 blur variance=8.3 < 90,94
004,face_rgb,004_face_rgb.mp4,frame,check_brightness,PASS,frame=94 brightness normal; 35 <= 152 <=200,94
004,face_rgb,004_face_rgb.mp4,frame,check_face_detected,PASS,frame=96 face detected,96
004,face_rgb,004_face_rgb.mp4,frame,check_head_fully,PASS,frame=96 Head is fully visible,96
004,face_rgb,004_face_rgb.mp4,frame,check_face_size,PASS,frame=96 face=606x688 >= 180x180,96
004,face_rgb,004_face_rgb.mp4,frame,check_eyes_open,PASS,"frame=96 eyes open (L=0.36, R=0.37 > 0.25)",96
004,face_rgb,004_face_rgb.mp4,frame,check_face_blur,FAIL,frame=96 blur variance=8.6 < 90,96
004,face_rgb,004_face_rgb.mp4,frame,check_brightness,PASS,frame=96 brightness normal; 35 <= 152 <=200,96
004,face_rgb,004_face_rgb.mp4,frame,check_face_detected,PASS,frame=100 face detected,100
004,face_rgb,004_face_rgb.mp4,frame,check_head_fully,PASS,frame=100 Head is fully visible,100
004,face_rgb,004_face_rgb.mp4,frame,check_face_size,PASS,frame=100 face=609x698 >= 180x180,100
004,face_rgb,004_face_rgb.mp4,frame,check_eyes_open,PASS,"frame=100 eyes open (L=0.37, R=0.36 > 0.25)",100
004,face_rgb,004_face_rgb.mp4,frame,check_face_blur,FAIL,frame=100 blur variance=8.8 < 90,100
004,face_rgb,004_face_rgb.mp4,frame,check_brightness,PASS,frame=100 brightness normal; 35 <= 152 <=200,100
004,face_rgb,004_face_rgb.mp4,frame,check_face_detected,PASS,frame=102 face detected,102
004,face_rgb,004_face_rgb.mp4,frame,check_head_fully,PASS,frame=102 Head is fully visible,102
004,face_rgb,004_face_rgb.mp4,frame,check_face_size,PASS,frame=102 face=609x701 >= 180x180,102
004,face_rgb,004_face_rgb.mp4,frame,check_eyes_open,PASS,"frame=102 eyes open (L=0.37, R=0.37 > 0.25)",102
004,face_rgb,004_face_rgb.mp4,frame,check_face_blur,FAIL,frame=102 blur variance=8.9 < 90,102
004,face_rgb,004_face_rgb.mp4,frame,check_brightness,PASS,frame=102 brightness normal; 35 <= 151 <=200,102
004,face_rgb,004_face_rgb.mp4,frame,check_face_detected,PASS,frame=104 face detected,104
004,face_rgb,004_face_rgb.mp4,frame,check_head_fully,PASS,frame=104 Head is fully visible,104
004,face_rgb,004_face_rgb.mp4,frame,check_face_size,PASS,frame=104 face=612x702 >= 180x180,104
004,face_rgb,004_face_rgb.mp4,frame,check_eyes_open,PASS,"frame=104 eyes open (L=0.37, R=0.37 > 0.25)",104
004,face_rgb,004_face_rgb.mp4,frame,check_face_blur,FAIL,frame=104 blur variance=8.6 < 90,104
004,face_rgb,004_face_rgb.mp4,frame,check_brightness,PASS,frame=104 brightness normal; 35 <= 151 <=200,104
004,face_rgb,004_face_rgb.mp4,frame,check_face_detected,PASS,frame=106 face detected,106
004,face_rgb,004_face_rgb.mp4,frame,check_head_fully,PASS,frame=106 Head is fully visible,106
004,face_rgb,004_face_rgb.mp4,frame,check_face_size,PASS,frame=106 face=612x703 >= 180x180,106
004,face_rgb,004_face_rgb.mp4,frame,check_eyes_open,PASS,"frame=106 eyes open (L=0.37, R=0.37 > 0.25)",106
004,face_rgb,004_face_rgb.mp4,frame,check_face_blur,FAIL,frame=106 blur variance=7.6 < 90,106
004,face_rgb,004_face_rgb.mp4,frame,check_brightness,PASS,frame=106 brightness normal; 35 <= 152 <=200,106
004,face_rgb,004_face_rgb.mp4,frame,check_face_detected,PASS,frame=108 face detected,108
004,face_rgb,004_face_rgb.mp4,frame,check_head_fully,PASS,frame=108 Head is fully visible,108
004,face_rgb,004_face_rgb.mp4,frame,check_face_size,PASS,frame=108 face=613x705 >= 180x180,108
004,face_rgb,004_face_rgb.mp4,frame,check_eyes_open,PASS,"frame=108 eyes open (L=0.36, R=0.37 > 0.25)",108
004,face_rgb,004_face_rgb.mp4,frame,check_face_blur,FAIL,frame=108 blur variance=7.9 < 90,108
004,face_rgb,004_face_rgb.mp4,frame,check_brightness,PASS,frame=108 brightness normal; 35 <= 152 <=200,108
004,face_rgb,004_face_rgb.mp4,frame,check_face_detected,PASS,frame=110 face detected,110
004,face_rgb,004_face_rgb.mp4,frame,check_head_fully,PASS,frame=110 Head is fully visible,110
004,face_rgb,004_face_rgb.mp4,frame,check_face_size,PASS,frame=110 face=613x711 >= 180x180,110
004,face_rgb,004_face_rgb.mp4,frame,check_eyes_open,PASS,"frame=110 eyes open (L=0.37, R=0.37 > 0.25)",110
004,face_rgb,004_face_rgb.mp4,frame,check_face_blur,FAIL,frame=110 blur variance=7.8 < 90,110
004,face_rgb,004_face_rgb.mp4,frame,check_brightness,PASS,frame=110 brightness normal; 35 <= 152 <=200,110
004,face_rgb,004_face_rgb.mp4,frame,check_face_detected,PASS,frame=112 face detected,112
004,face_rgb,004_face_rgb.mp4,frame,check_head_fully,PASS,frame=112 Head is fully visible,112
004,face_rgb,004_face_rgb.mp4,frame,check_face_size,PASS,frame=112 face=609x708 >= 180x180,112
004,face_rgb,004_face_rgb.mp4,frame,check_eyes_open,PASS,"frame=112 eyes open (L=0.37, R=0.36 > 0.25)",112
004,face_rgb,004_face_rgb.mp4,frame,check_face_blur,FAIL,frame=112 blur variance=7.8 < 90,112
004,face_rgb,004_face_rgb.mp4,frame,check_brightness,PASS,frame=112 brightness normal; 35 <= 152 <=200,112
004,face_rgb,004_face_rgb.mp4,frame,check_face_detected,PASS,frame=114 face detected,114
004,face_rgb,004_face_rgb.mp4,frame,check_head_fully,PASS,frame=114 Head is fully visible,114
004,face_rgb,004_face_rgb.mp4,frame,check_face_size,PASS,frame=114 face=614x710 >= 180x180,114
004,face_rgb,004_face_rgb.mp4,frame,check_eyes_open,PASS,"frame=114 eyes open (L=0.36, R=0.37 > 0.25)",114
004,face_rgb,004_face_rgb.mp4,frame,check_face_blur,FAIL,frame=114 blur variance=7.8 < 90,114
004,face_rgb,004_face_rgb.mp4,frame,check_brightness,PASS,frame=114 brightness normal; 35 <= 152 <=200,114
004,face_rgb,004_face_rgb.mp4,frame,check_face_detected,PASS,frame=116 face detected,116
004,face_rgb,004_face_rgb.mp4,frame,check_head_fully,PASS,frame=116 Head is fully visible,116
004,face_rgb,004_face_rgb.mp4,frame,check_face_size,PASS,frame=116 face=613x708 >= 180x180,116
004,face_rgb,004_face_rgb.mp4,frame,check_eyes_open,PASS,"frame=116 eyes open (L=0.37, R=0.36 > 0.25)",116
004,face_rgb,004_face_rgb.mp4,frame,check_face_blur,FAIL,frame=116 blur variance=7.9 < 90,116
004,face_rgb,004_face_rgb.mp4,frame,check_brightness,PASS,frame=116 brightness normal; 35 <= 152 <=200,116
004,face_rgb,004_face_rgb.mp4,frame,check_face_detected,PASS,frame=118 face detected,118
004,face_rgb,004_face_rgb.mp4,frame,check_head_fully,PASS,frame=118 Head is fully visible,118
004,face_rgb,004_face_rgb.mp4,frame,check_face_size,PASS,frame=118 face=609x699 >= 180x180,118
004,face_rgb,004_face_rgb.mp4,frame,check_eyes_open,PASS,"frame=118 eyes open (L=0.38, R=0.37 > 0.25)",118
004,face_rgb,004_face_rgb.mp4,frame,check_face_blur,FAIL,frame=118 blur variance=7.6 < 90,118
004,face_rgb,004_face_rgb.mp4,frame,check_brightness,PASS,frame=118 brightness normal; 35 <= 152 <=200,118
004,face_rgb,004_face_rgb.mp4,frame,check_face_detected,PASS,frame=120 face detected,120
004,face_rgb,004_face_rgb.mp4,frame,check_head_fully,PASS,frame=120 Head is fully visible,120
004,face_rgb,004_face_rgb.mp4,frame,check_face_size,PASS,frame=120 face=612x701 >= 180x180,120
004,face_rgb,004_face_rgb.mp4,frame,check_eyes_open,PASS,"frame=120 eyes open (L=0.37, R=0.37 > 0.25)",120
004,face_rgb,004_face_rgb.mp4,frame,check_face_blur,FAIL,frame=120 blur variance=8.4 < 90,120
004,face_rgb,004_face_rgb.mp4,frame,check_brightness,PASS,frame=120 brightness normal; 35 <= 152 <=200,120
004,face_rgb,004_face_rgb.mp4,frame,check_face_detected,PASS,frame=122 face detected,122
004,face_rgb,004_face_rgb.mp4,frame,check_head_fully,PASS,frame=122 Head is fully visible,122
004,face_rgb,004_face_rgb.mp4,frame,check_face_size,PASS,frame=122 face=608x700 >= 180x180,122
004,face_rgb,004_face_rgb.mp4,frame,check_eyes_open,PASS,"frame=122 eyes open (L=0.37, R=0.37 > 0.25)",122
004,face_rgb,004_face_rgb.mp4,frame,check_face_blur,FAIL,frame=122 blur variance=8.1 < 90,122
004,face_rgb,004_face_rgb.mp4,frame,check_brightness,PASS,frame=122 brightness normal; 35 <= 152 <=200,122
004,face_rgb,004_face_rgb.mp4,frame,check_face_detected,PASS,frame=124 face detected,124
004,face_rgb,004_face_rgb.mp4,frame,check_head_fully,PASS,frame=124 Head is fully visible,124
004,face_rgb,004_face_rgb.mp4,frame,check_face_size,PASS,frame=124 face=608x703 >= 180x180,124
004,face_rgb,004_face_rgb.mp4,frame,check_eyes_open,PASS,"frame=124 eyes open (L=0.37, R=0.38 > 0.25)",124
004,face_rgb,004_face_rgb.mp4,frame,check_face_blur,FAIL,frame=124 blur variance=7.7 < 90,124
004,face_rgb,004_face_rgb.mp4,frame,check_brightness,PASS,frame=124 brightness normal; 35 <= 152 <=200,124
004,face_rgb,004_face_rgb.mp4,frame,check_face_detected,PASS,frame=128 face detected,128
004,face_rgb,004_face_rgb.mp4,frame,check_head_fully,PASS,frame=128 Head is fully visible,128
004,face_rgb,004_face_rgb.mp4,frame,check_face_size,PASS,frame=128 face=608x705 >= 180x180,128
004,face_rgb,004_face_rgb.mp4,frame,check_eyes_open,PASS,"frame=128 eyes open (L=0.37, R=0.37 > 0.25)",128
004,face_rgb,004_face_rgb.mp4,frame,check_face_blur,FAIL,frame=128 blur variance=7.2 < 90,128
004,face_rgb,004_face_rgb.mp4,frame,check_brightness,PASS,frame=128 brightness normal; 35 <= 151 <=200,128
004,face_rgb,004_face_rgb.mp4,frame,check_face_detected,PASS,frame=130 face detected,130
004,face_rgb,004_face_rgb.mp4,frame,check_head_fully,PASS,frame=130 Head is fully visible,130
004,face_rgb,004_face_rgb.mp4,frame,check_face_size,PASS,frame=130 face=608x709 >= 180x180,130
004,face_rgb,004_face_rgb.mp4,frame,check_eyes_open,PASS,"frame=130 eyes open (L=0.37, R=0.36 > 0.25)",130
004,face_rgb,004_face_rgb.mp4,frame,check_face_blur,FAIL,frame=130 blur variance=7.8 < 90,130
004,face_rgb,004_face_rgb.mp4,frame,check_brightness,PASS,frame=130 brightness normal; 35 <= 151 <=200,130
004,face_rgb,004_face_rgb.mp4,frame,check_face_detected,PASS,frame=132 face detected,132
004,face_rgb,004_face_rgb.mp4,frame,check_head_fully,PASS,frame=132 Head is fully visible,132
004,face_rgb,004_face_rgb.mp4,frame,check_face_size,PASS,frame=132 face=612x704 >= 180x180,132
004,face_rgb,004_face_rgb.mp4,frame,check_eyes_open,PASS,"frame=132 eyes open (L=0.37, R=0.37 > 0.25)",132
004,face_rgb,004_face_rgb.mp4,frame,check_face_blur,FAIL,frame=132 blur variance=7.6 < 90,132
004,face_rgb,004_face_rgb.mp4,frame,check_brightness,PASS,frame=132 brightness normal; 35 <= 151 <=200,132
004,face_rgb,004_face_rgb.mp4,frame,check_face_detected,PASS,frame=134 face detected,134
004,face_rgb,004_face_rgb.mp4,frame,check_head_fully,PASS,frame=134 Head is fully visible,134
004,face_rgb,004_face_rgb.mp4,frame,check_face_size,PASS,frame=134 face=607x705 >= 180x180,134
004,face_rgb,004_face_rgb.mp4,frame,check_eyes_open,PASS,"frame=134 eyes open (L=0.37, R=0.37 > 0.25)",134
004,face_rgb,004_face_rgb.mp4,frame,check_face_blur,FAIL,frame=134 blur variance=7.8 < 90,134
004,face_rgb,004_face_rgb.mp4,frame,check_brightness,PASS,frame=134 brightness normal; 35 <= 151 <=200,134
004,face_rgb,004_face_rgb.mp4,frame,check_face_detected,PASS,frame=136 face detected,136
004,face_rgb,004_face_rgb.mp4,frame,check_head_fully,PASS,frame=136 Head is fully visible,136
004,face_rgb,004_face_rgb.mp4,frame,check_face_size,PASS,frame=136 face=608x705 >= 180x180,136
004,face_rgb,004_face_rgb.mp4,frame,check_eyes_open,PASS,"frame=136 eyes open (L=0.37, R=0.37 > 0.25)",136
004,face_rgb,004_face_rgb.mp4,frame,check_face_blur,FAIL,frame=136 blur variance=8.5 < 90,136
004,face_rgb,004_face_rgb.mp4,frame,check_brightness,PASS,frame=136 brightness normal; 35 <= 152 <=200,136
004,face_rgb,004_face_rgb.mp4,frame,check_face_detected,PASS,frame=138 face detected,138
004,face_rgb,004_face_rgb.mp4,frame,check_head_fully,PASS,frame=138 Head is fully visible,138
004,face_rgb,004_face_rgb.mp4,frame,check_face_size,PASS,frame=138 face=608x703 >= 180x180,138
004,face_rgb,004_face_rgb.mp4,frame,check_eyes_open,PASS,"frame=138 eyes open (L=0.37, R=0.37 > 0.25)",138
004,face_rgb,004_face_rgb.mp4,frame,check_face_blur,FAIL,frame=138 blur variance=8.5 < 90,138
004,face_rgb,004_face_rgb.mp4,frame,check_brightness,PASS,frame=138 brightness normal; 35 <= 152 <=200,138
004,face_rgb,004_face_rgb.mp4,frame,check_face_detected,PASS,frame=140 face detected,140
004,face_rgb,004_face_rgb.mp4,frame,check_head_fully,PASS,frame=140 Head is fully visible,140
004,face_rgb,004_face_rgb.mp4,frame,check_face_size,PASS,frame=140 face=612x702 >= 180x180,140
004,face_rgb,004_face_rgb.mp4,frame,check_eyes_open,PASS,"frame=140 eyes open (L=0.36, R=0.37 > 0.25)",140
004,face_rgb,004_face_rgb.mp4,frame,check_face_blur,FAIL,frame=140 blur variance=8.7 < 90,140
004,face_rgb,004_face_rgb.mp4,frame,check_brightness,PASS,frame=140 brightness normal; 35 <= 152 <=200,140
004,face_rgb,004_face_rgb.mp4,frame,check_face_detected,PASS,frame=142 face detected,142
004,face_rgb,004_face_rgb.mp4,frame,check_head_fully,PASS,frame=142 Head is fully visible,142
004,face_rgb,004_face_rgb.mp4,frame,check_face_size,PASS,frame=142 face=612x704 >= 180x180,142
004,face_rgb,004_face_rgb.mp4,frame,check_eyes_open,PASS,"frame=142 eyes open (L=0.36, R=0.37 > 0.25)",142
004,face_rgb,004_face_rgb.mp4,frame,check_face_blur,FAIL,frame=142 blur variance=8.9 < 90,142
004,face_rgb,004_face_rgb.mp4,frame,check_brightness,PASS,frame=142 brightness normal; 35 <= 152 <=200,142
004,face_rgb,004_face_rgb.mp4,frame,check_face_detected,PASS,frame=144 face detected,144
004,face_rgb,004_face_rgb.mp4,frame,check_head_fully,PASS,frame=144 Head is fully visible,144
004,face_rgb,004_face_rgb.mp4,frame,check_face_size,PASS,frame=144 face=609x703 >= 180x180,144
004,face_rgb,004_face_rgb.mp4,frame,check_eyes_open,PASS,"frame=144 eyes open (L=0.37, R=0.37 > 0.25)",144
004,face_rgb,004_face_rgb.mp4,frame,check_face_blur,FAIL,frame=144 blur variance=9.0 < 90,144
004,face_rgb,004_face_rgb.mp4,frame,check_brightness,PASS,frame=144 brightness normal; 35 <= 152 <=200,144
004,face_rgb,004_face_rgb.mp4,frame,check_face_detected,PASS,frame=146 face detected,146
004,face_rgb,004_face_rgb.mp4,frame,check_head_fully,PASS,frame=146 Head is fully visible,146
004,face_rgb,004_face_rgb.mp4,frame,check_face_size,PASS,frame=146 face=613x705 >= 180x180,146
004,face_rgb,004_face_rgb.mp4,frame,check_eyes_open,PASS,"frame=146 eyes open (L=0.37, R=0.36 > 0.25)",146
004,face_rgb,004_face_rgb.mp4,frame,check_face_blur,FAIL,frame=146 blur variance=9.0 < 90,146
004,face_rgb,004_face_rgb.mp4,frame,check_brightness,PASS,frame=146 brightness normal; 35 <= 152 <=200,146
004,face_rgb,004_face_rgb.mp4,frame,check_face_detected,PASS,frame=148 face detected,148
004,face_rgb,004_face_rgb.mp4,frame,check_head_fully,PASS,frame=148 Head is fully visible,148
004,face_rgb,004_face_rgb.mp4,frame,check_face_size,PASS,frame=148 face=613x708 >= 180x180,148
004,face_rgb,004_face_rgb.mp4,frame,check_eyes_open,PASS,"frame=148 eyes open (L=0.37, R=0.37 > 0.25)",148
004,face_rgb,004_face_rgb.mp4,frame,check_face_blur,FAIL,frame=148 blur variance=9.1 < 90,148
004,face_rgb,004_face_rgb.mp4,frame,check_brightness,PASS,frame=148 brightness normal; 35 <= 152 <=200,148
004,face_rgb,004_face_rgb.mp4,frame,check_face_detected,PASS,frame=150 face detected,150
004,face_rgb,004_face_rgb.mp4,frame,check_head_fully,PASS,frame=150 Head is fully visible,150
004,face_rgb,004_face_rgb.mp4,frame,check_face_size,PASS,frame=150 face=612x709 >= 180x180,150
004,face_rgb,004_face_rgb.mp4,frame,check_eyes_open,PASS,"frame=150 eyes open (L=0.37, R=0.37 > 0.25)",150
004,face_rgb,004_face_rgb.mp4,frame,check_face_blur,FAIL,frame=150 blur variance=9.1 < 90,150
004,face_rgb,004_face_rgb.mp4,frame,check_brightness,PASS,frame=150 brightness normal; 35 <= 152 <=200,150
004,face_rgb,004_face_rgb.mp4,frame,check_face_detected,PASS,frame=152 face detected,152
004,face_rgb,004_face_rgb.mp4,frame,check_head_fully,PASS,frame=152 Head is fully visible,152
004,face_rgb,004_face_rgb.mp4,frame,check_face_size,PASS,frame=152 face=608x705 >= 180x180,152
004,face_rgb,004_face_rgb.mp4,frame,check_eyes_open,PASS,"frame=152 eyes open (L=0.37, R=0.37 > 0.25)",152
004,face_rgb,004_face_rgb.mp4,frame,check_face_blur,FAIL,frame=152 blur variance=9.2 < 90,152
004,face_rgb,004_face_rgb.mp4,frame,check_brightness,PASS,frame=152 brightness normal; 35 <= 152 <=200,152
004,face_rgb,004_face_rgb.mp4,frame,check_face_detected,PASS,frame=156 face detected,156
004,face_rgb,004_face_rgb.mp4,frame,check_head_fully,PASS,frame=156 Head is fully visible,156
004,face_rgb,004_face_rgb.mp4,frame,check_face_size,PASS,frame=156 face=607x703 >= 180x180,156
004,face_rgb,004_face_rgb.mp4,frame,check_eyes_open,PASS,"frame=156 eyes open (L=0.36, R=0.37 > 0.25)",156
004,face_rgb,004_face_rgb.mp4,frame,check_face_blur,FAIL,frame=156 blur variance=9.2 < 90,156
004,face_rgb,004_face_rgb.mp4,frame,check_brightness,PASS,frame=156 brightness normal; 35 <= 152 <=200,156
004,face_rgb,004_face_rgb.mp4,frame,check_face_detected,PASS,frame=158 face detected,158
004,face_rgb,004_face_rgb.mp4,frame,check_head_fully,PASS,frame=158 Head is fully visible,158
004,face_rgb,004_face_rgb.mp4,frame,check_face_size,PASS,frame=158 face=607x703 >= 180x180,158
004,face_rgb,004_face_rgb.mp4,frame,check_eyes_open,PASS,"frame=158 eyes open (L=0.37, R=0.37 > 0.25)",158
004,face_rgb,004_face_rgb.mp4,frame,check_face_blur,FAIL,frame=158 blur variance=9.1 < 90,158
004,face_rgb,004_face_rgb.mp4,frame,check_brightness,PASS,frame=158 brightness normal; 35 <= 152 <=200,158
004,face_rgb,004_face_rgb.mp4,frame,check_face_detected,PASS,frame=160 face detected,160
004,face_rgb,004_face_rgb.mp4,frame,check_head_fully,PASS,frame=160 Head is fully visible,160
004,face_rgb,004_face_rgb.mp4,frame,check_face_size,PASS,frame=160 face=607x702 >= 180x180,160
004,face_rgb,004_face_rgb.mp4,frame,check_eyes_open,PASS,"frame=160 eyes open (L=0.37, R=0.36 > 0.25)",160
004,face_rgb,004_face_rgb.mp4,frame,check_face_blur,FAIL,frame=160 blur variance=9.0 < 90,160
004,face_rgb,004_face_rgb.mp4,frame,check_brightness,PASS,frame=160 brightness normal; 35 <= 151 <=200,160
004,face_rgb,004_face_rgb.mp4,frame,check_face_detected,PASS,frame=162 face detected,162
004,face_rgb,004_face_rgb.mp4,frame,check_head_fully,PASS,frame=162 Head is fully visible,162
004,face_rgb,004_face_rgb.mp4,frame,check_face_size,PASS,frame=162 face=607x700 >= 180x180,162
004,face_rgb,004_face_rgb.mp4,frame,check_eyes_open,PASS,"frame=162 eyes open (L=0.37, R=0.37 > 0.25)",162
004,face_rgb,004_face_rgb.mp4,frame,check_face_blur,FAIL,frame=162 blur variance=8.8 < 90,162
004,face_rgb,004_face_rgb.mp4,frame,check_brightness,PASS,frame=162 brightness normal; 35 <= 151 <=200,162
004,face_rgb,004_face_rgb.mp4,frame,check_face_detected,PASS,frame=164 face detected,164
004,face_rgb,004_face_rgb.mp4,frame,check_head_fully,PASS,frame=164 Head is fully visible,164
004,face_rgb,004_face_rgb.mp4,frame,check_face_size,PASS,frame=164 face=604x698 >= 180x180,164
004,face_rgb,004_face_rgb.mp4,frame,check_eyes_open,PASS,"frame=164 eyes open (L=0.36, R=0.37 > 0.25)",164
004,face_rgb,004_face_rgb.mp4,frame,check_face_blur,FAIL,frame=164 blur variance=8.4 < 90,164
004,face_rgb,004_face_rgb.mp4,frame,check_brightness,PASS,frame=164 brightness normal; 35 <= 152 <=200,164
004,face_rgb,004_face_rgb.mp4,frame,check_face_detected,PASS,frame=166 face detected,166
004,face_rgb,004_face_rgb.mp4,frame,check_head_fully,PASS,frame=166 Head is fully visible,166
004,face_rgb,004_face_rgb.mp4,frame,check_face_size,PASS,frame=166 face=604x699 >= 180x180,166
004,face_rgb,004_face_rgb.mp4,frame,check_eyes_open,PASS,"frame=166 eyes open (L=0.36, R=0.37 > 0.25)",166
004,face_rgb,004_face_rgb.mp4,frame,check_face_blur,FAIL,frame=166 blur variance=8.0 < 90,166
004,face_rgb,004_face_rgb.mp4,frame,check_brightness,PASS,frame=166 brightness normal; 35 <= 152 <=200,166
004,face_rgb,004_face_rgb.mp4,frame,check_face_detected,PASS,frame=168 face detected,168
004,face_rgb,004_face_rgb.mp4,frame,check_head_fully,PASS,frame=168 Head is fully visible,168
004,face_rgb,004_face_rgb.mp4,frame,check_face_size,PASS,frame=168 face=603x700 >= 180x180,168
004,face_rgb,004_face_rgb.mp4,frame,check_eyes_open,PASS,"frame=168 eyes open (L=0.36, R=0.37 > 0.25)",168
004,face_rgb,004_face_rgb.mp4,frame,check_face_blur,FAIL,frame=168 blur variance=8.1 < 90,168
004,face_rgb,004_face_rgb.mp4,frame,check_brightness,PASS,frame=168 brightness normal; 35 <= 152 <=200,168
004,face_rgb,004_face_rgb.mp4,frame,check_face_detected,PASS,frame=170 face detected,170
004,face_rgb,004_face_rgb.mp4,frame,check_head_fully,PASS,frame=170 Head is fully visible,170
004,face_rgb,004_face_rgb.mp4,frame,check_face_size,PASS,frame=170 face=603x699 >= 180x180,170
004,face_rgb,004_face_rgb.mp4,frame,check_eyes_open,PASS,"frame=170 eyes open (L=0.37, R=0.37 > 0.25)",170
004,face_rgb,004_face_rgb.mp4,frame,check_face_blur,FAIL,frame=170 blur variance=7.8 < 90,170
004,face_rgb,004_face_rgb.mp4,frame,check_brightness,PASS,frame=170 brightness normal; 35 <= 151 <=200,170
004,face_rgb,004_face_rgb.mp4,frame,check_face_detected,PASS,frame=172 face detected,172
004,face_rgb,004_face_rgb.mp4,frame,check_head_fully,PASS,frame=172 Head is fully visible,172
004,face_rgb,004_face_rgb.mp4,frame,check_face_size,PASS,frame=172 face=604x699 >= 180x180,172
004,face_rgb,004_face_rgb.mp4,frame,check_eyes_open,PASS,"frame=172 eyes open (L=0.37, R=0.37 > 0.25)",172
004,face_rgb,004_face_rgb.mp4,frame,check_face_blur,FAIL,frame=172 blur variance=8.2 < 90,172
004,face_rgb,004_face_rgb.mp4,frame,check_brightness,PASS,frame=172 brightness normal; 35 <= 152 <=200,172
004,face_rgb,004_face_rgb.mp4,frame,check_face_detected,PASS,frame=174 face detected,174
004,face_rgb,004_face_rgb.mp4,frame,check_head_fully,PASS,frame=174 Head is fully visible,174
004,face_rgb,004_face_rgb.mp4,frame,check_face_size,PASS,frame=174 face=605x704 >= 180x180,174
004,face_rgb,004_face_rgb.mp4,frame,check_eyes_open,PASS,"frame=174 eyes open (L=0.37, R=0.37 > 0.25)",174
004,face_rgb,004_face_rgb.mp4,frame,check_face_blur,FAIL,frame=174 blur variance=8.6 < 90,174
004,face_rgb,004_face_rgb.mp4,frame,check_brightness,PASS,frame=174 brightness normal; 35 <= 152 <=200,174
004,face_rgb,004_face_rgb.mp4,frame,check_face_detected,PASS,frame=176 face detected,176
004,face_rgb,004_face_rgb.mp4,frame,check_head_fully,PASS,frame=176 Head is fully visible,176
004,face_rgb,004_face_rgb.mp4,frame,check_face_size,PASS,frame=176 face=603x702 >= 180x180,176
004,face_rgb,004_face_rgb.mp4,frame,check_eyes_open,PASS,"frame=176 eyes open (L=0.37, R=0.37 > 0.25)",176
004,face_rgb,004_face_rgb.mp4,frame,check_face_blur,FAIL,frame=176 blur variance=8.3 < 90,176
004,face_rgb,004_face_rgb.mp4,frame,check_brightness,PASS,frame=176 brightness normal; 35 <= 152 <=200,176
004,face_rgb,004_face_rgb.mp4,frame,check_face_detected,PASS,frame=178 face detected,178
004,face_rgb,004_face_rgb.mp4,frame,check_head_fully,PASS,frame=178 Head is fully visible,178
004,face_rgb,004_face_rgb.mp4,frame,check_face_size,PASS,frame=178 face=603x702 >= 180x180,178
004,face_rgb,004_face_rgb.mp4,frame,check_eyes_open,PASS,"frame=178 eyes open (L=0.36, R=0.38 > 0.25)",178
004,face_rgb,004_face_rgb.mp4,frame,check_face_blur,FAIL,frame=178 blur variance=7.9 < 90,178
004,face_rgb,004_face_rgb.mp4,frame,check_brightness,PASS,frame=178 brightness normal; 35 <= 152 <=200,178
004,face_rgb,004_face_rgb.mp4,frame,check_face_detected,PASS,frame=180 face detected,180
004,face_rgb,004_face_rgb.mp4,frame,check_head_fully,PASS,frame=180 Head is fully visible,180
004,face_rgb,004_face_rgb.mp4,frame,check_face_size,PASS,frame=180 face=608x708 >= 180x180,180
004,face_rgb,004_face_rgb.mp4,frame,check_eyes_open,PASS,"frame=180 eyes open (L=0.37, R=0.38 > 0.25)",180
004,face_rgb,004_face_rgb.mp4,frame,check_face_blur,FAIL,frame=180 blur variance=8.0 < 90,180
004,face_rgb,004_face_rgb.mp4,frame,check_brightness,PASS,frame=180 brightness normal; 35 <= 152 <=200,180
004,face_rgb,004_face_rgb.mp4,frame,check_face_detected,PASS,frame=184 face detected,184
004,face_rgb,004_face_rgb.mp4,frame,check_head_fully,PASS,frame=184 Head is fully visible,184
004,face_rgb,004_face_rgb.mp4,frame,check_face_size,PASS,frame=184 face=612x697 >= 180x180,184
004,face_rgb,004_face_rgb.mp4,frame,check_eyes_open,PASS,"frame=184 eyes open (L=0.37, R=0.38 > 0.25)",184
004,face_rgb,004_face_rgb.mp4,frame,check_face_blur,FAIL,frame=184 blur variance=7.7 < 90,184
004,face_rgb,004_face_rgb.mp4,frame,check_brightness,PASS,frame=184 brightness normal; 35 <= 151 <=200,184
004,face_rgb,004_face_rgb.mp4,frame,check_face_detected,PASS,frame=186 face detected,186
004,face_rgb,004_face_rgb.mp4,frame,check_head_fully,PASS,frame=186 Head is fully visible,186
004,face_rgb,004_face_rgb.mp4,frame,check_face_size,PASS,frame=186 face=614x712 >= 180x180,186
004,face_rgb,004_face_rgb.mp4,frame,check_eyes_open,PASS,"frame=186 eyes open (L=0.37, R=0.38 > 0.25)",186
004,face_rgb,004_face_rgb.mp4,frame,check_face_blur,FAIL,frame=186 blur variance=7.6 < 90,186
004,face_rgb,004_face_rgb.mp4,frame,check_brightness,PASS,frame=186 brightness normal; 35 <= 152 <=200,186
004,face_rgb,004_face_rgb.mp4,frame,check_face_detected,PASS,frame=188 face detected,188
004,face_rgb,004_face_rgb.mp4,frame,check_head_fully,PASS,frame=188 Head is fully visible,188
004,face_rgb,004_face_rgb.mp4,frame,check_face_size,PASS,frame=188 face=616x720 >= 180x180,188
004,face_rgb,004_face_rgb.mp4,frame,check_eyes_open,PASS,"frame=188 eyes open (L=0.36, R=0.37 > 0.25)",188
004,face_rgb,004_face_rgb.mp4,frame,check_face_blur,FAIL,frame=188 blur variance=7.6 < 90,188
004,face_rgb,004_face_rgb.mp4,frame,check_brightness,PASS,frame=188 brightness normal; 35 <= 150 <=200,188
004,face_rgb,004_face_rgb.mp4,frame,check_face_detected,PASS,frame=190 face detected,190
004,face_rgb,004_face_rgb.mp4,frame,check_head_fully,PASS,frame=190 Head is fully visible,190
004,face_rgb,004_face_rgb.mp4,frame,check_face_size,PASS,frame=190 face=617x711 >= 180x180,190
004,face_rgb,004_face_rgb.mp4,frame,check_eyes_open,PASS,"frame=190 eyes open (L=0.35, R=0.38 > 0.25)",190
004,face_rgb,004_face_rgb.mp4,frame,check_face_blur,FAIL,frame=190 blur variance=7.1 < 90,190
004,face_rgb,004_face_rgb.mp4,frame,check_brightness,PASS,frame=190 brightness normal; 35 <= 149 <=200,190
004,face_rgb,004_face_rgb.mp4,frame,check_face_detected,PASS,frame=192 face detected,192
004,face_rgb,004_face_rgb.mp4,frame,check_head_fully,PASS,frame=192 Head is fully visible,192
004,face_rgb,004_face_rgb.mp4,frame,check_face_size,PASS,frame=192 face=613x716 >= 180x180,192
004,face_rgb,004_face_rgb.mp4,frame,check_eyes_open,PASS,"frame=192 eyes open (L=0.36, R=0.38 > 0.25)",192
004,face_rgb,004_face_rgb.mp4,frame,check_face_blur,FAIL,frame=192 blur variance=7.1 < 90,192
004,face_rgb,004_face_rgb.mp4,frame,check_brightness,PASS,frame=192 brightness normal; 35 <= 149 <=200,192
004,face_rgb,004_face_rgb.mp4,frame,check_face_detected,PASS,frame=194 face detected,194
004,face_rgb,004_face_rgb.mp4,frame,check_head_fully,PASS,frame=194 Head is fully visible,194
004,face_rgb,004_face_rgb.mp4,frame,check_face_size,SKIP,frame=194 non-frontal (label=mid); not judged,194
004,face_rgb,004_face_rgb.mp4,frame,check_eyes_open,SKIP,frame=194 non-frontal (label=mid); not judged,194
004,face_rgb,004_face_rgb.mp4,frame,check_face_blur,SKIP,frame=194 non-frontal (label=mid); not judged,194
004,face_rgb,004_face_rgb.mp4,frame,check_brightness,SKIP,frame=194 non-frontal (label=mid); not judged,194
004,face_rgb,004_face_rgb.mp4,frame,check_face_detected,PASS,frame=196 face detected,196
004,face_rgb,004_face_rgb.mp4,frame,check_head_fully,PASS,frame=196 Head is fully visible,196
004,face_rgb,004_face_rgb.mp4,frame,check_face_size,SKIP,frame=196 non-frontal (label=mid); not judged,196
004,face_rgb,004_face_rgb.mp4,frame,check_eyes_open,SKIP,frame=196 non-frontal (label=mid); not judged,196
004,face_rgb,004_face_rgb.mp4,frame,check_face_blur,SKIP,frame=196 non-frontal (label=mid); not judged,196
004,face_rgb,004_face_rgb.mp4,frame,check_brightness,SKIP,frame=196 non-frontal (label=mid); not judged,196
004,face_rgb,004_face_rgb.mp4,frame,check_face_detected,PASS,frame=198 face detected,198
004,face_rgb,004_face_rgb.mp4,frame,check_head_fully,PASS,frame=198 Head is fully visible,198
004,face_rgb,004_face_rgb.mp4,frame,check_face_size,SKIP,frame=198 non-frontal (label=mid); not judged,198
004,face_rgb,004_face_rgb.mp4,frame,check_eyes_open,SKIP,frame=198 non-frontal (label=mid); not judged,198
004,face_rgb,004_face_rgb.mp4,frame,check_face_blur,SKIP,frame=198 non-frontal (label=mid); not judged,198
004,face_rgb,004_face_rgb.mp4,frame,check_brightness,SKIP,frame=198 non-frontal (label=mid); not judged,198
004,face_rgb,004_face_rgb.mp4,frame,check_face_detected,PASS,frame=200 face detected,200
004,face_rgb,004_face_rgb.mp4,frame,check_head_fully,PASS,frame=200 Head is fully visible,200
004,face_rgb,004_face_rgb.mp4,frame,check_face_size,SKIP,frame=200 non-frontal (label=mid); not judged,200
004,face_rgb,004_face_rgb.mp4,frame,check_eyes_open,SKIP,frame=200 non-frontal (label=mid); not judged,200
004,face_rgb,004_face_rgb.mp4,frame,check_face_blur,SKIP,frame=200 non-frontal (label=mid); not judged,200
004,face_rgb,004_face_rgb.mp4,frame,check_brightness,SKIP,frame=200 non-frontal (label=mid); not judged,200
004,face_rgb,004_face_rgb.mp4,frame,check_face_detected,PASS,frame=202 face detected,202
004,face_rgb,004_face_rgb.mp4,frame,check_head_fully,PASS,frame=202 Head is fully visible,202
004,face_rgb,004_face_rgb.mp4,frame,check_face_size,SKIP,frame=202 non-frontal (label=mid); not judged,202
004,face_rgb,004_face_rgb.mp4,frame,check_eyes_open,SKIP,frame=202 non-frontal (label=mid); not judged,202
004,face_rgb,004_face_rgb.mp4,frame,check_face_blur,SKIP,frame=202 non-frontal (label=mid); not judged,202
004,face_rgb,004_face_rgb.mp4,frame,check_brightness,SKIP,frame=202 non-frontal (label=mid); not judged,202
004,face_rgb,004_face_rgb.mp4,frame,check_face_detected,PASS,frame=204 face detected,204
004,face_rgb,004_face_rgb.mp4,frame,check_head_fully,PASS,frame=204 Head is fully visible,204
004,face_rgb,004_face_rgb.mp4,frame,check_face_size,SKIP,frame=204 non-frontal (label=mid); not judged,204
004,face_rgb,004_face_rgb.mp4,frame,check_eyes_open,SKIP,frame=204 non-frontal (label=mid); not judged,204
004,face_rgb,004_face_rgb.mp4,frame,check_face_blur,SKIP,frame=204 non-frontal (label=mid); not judged,204
004,face_rgb,004_face_rgb.mp4,frame,check_brightness,SKIP,frame=204 non-frontal (label=mid); not judged,204
004,face_rgb,004_face_rgb.mp4,frame,check_face_detected,PASS,frame=206 face detected,206
004,face_rgb,004_face_rgb.mp4,frame,check_head_fully,PASS,frame=206 Head is fully visible,206
004,face_rgb,004_face_rgb.mp4,frame,check_face_size,SKIP,frame=206 non-frontal (label=mid); not judged,206
004,face_rgb,004_face_rgb.mp4,frame,check_eyes_open,SKIP,frame=206 non-frontal (label=mid); not judged,206
004,face_rgb,004_face_rgb.mp4,frame,check_face_blur,SKIP,frame=206 non-frontal (label=mid); not judged,206
004,face_rgb,004_face_rgb.mp4,frame,check_brightness,SKIP,frame=206 non-frontal (label=mid); not judged,206
004,face_rgb,004_face_rgb.mp4,frame,check_face_detected,PASS,frame=208 face detected,208
004,face_rgb,004_face_rgb.mp4,frame,check_head_fully,PASS,frame=208 Head is fully visible,208
004,face_rgb,004_face_rgb.mp4,frame,check_face_size,SKIP,frame=208 non-frontal (label=left); not judged,208
004,face_rgb,004_face_rgb.mp4,frame,check_eyes_open,SKIP,frame=208 non-frontal (label=left); not judged,208
004,face_rgb,004_face_rgb.mp4,frame,check_face_blur,SKIP,frame=208 non-frontal (label=left); not judged,208
004,face_rgb,004_face_rgb.mp4,frame,check_brightness,SKIP,frame=208 non-frontal (label=left); not judged,208
004,face_rgb,004_face_rgb.mp4,frame,check_face_detected,PASS,frame=212 face detected,212
004,face_rgb,004_face_rgb.mp4,frame,check_head_fully,PASS,frame=212 Head is fully visible,212
004,face_rgb,004_face_rgb.mp4,frame,check_face_size,SKIP,frame=212 non-frontal (label=left); not judged,212
004,face_rgb,004_face_rgb.mp4,frame,check_eyes_open,SKIP,frame=212 non-frontal (label=left); not judged,212
004,face_rgb,004_face_rgb.mp4,frame,check_face_blur,SKIP,frame=212 non-frontal (label=left); not judged,212
004,face_rgb,004_face_rgb.mp4,frame,check_brightness,SKIP,frame=212 non-frontal (label=left); not judged,212
004,face_rgb,004_face_rgb.mp4,frame,check_face_detected,PASS,frame=214 face detected,214
004,face_rgb,004_face_rgb.mp4,frame,check_head_fully,PASS,frame=214 Head is fully visible,214
004,face_rgb,004_face_rgb.mp4,frame,check_face_size,SKIP,frame=214 non-frontal (label=left); not judged,214
004,face_rgb,004_face_rgb.mp4,frame,check_eyes_open,SKIP,frame=214 non-frontal (label=left); not judged,214
004,face_rgb,004_face_rgb.mp4,frame,check_face_blur,SKIP,frame=214 non-frontal (label=left); not judged,214
004,face_rgb,004_face_rgb.mp4,frame,check_brightness,SKIP,frame=214 non-frontal (label=left); not judged,214
004,face_rgb,004_face_rgb.mp4,frame,check_face_detected,PASS,frame=216 face detected,216
004,face_rgb,004_face_rgb.mp4,frame,check_head_fully,PASS,frame=216 Head is fully visible,216
004,face_rgb,004_face_rgb.mp4,frame,check_face_size,SKIP,frame=216 non-frontal (label=left); not judged,216
004,face_rgb,004_face_rgb.mp4,frame,check_eyes_open,SKIP,frame=216 non-frontal (label=left); not judged,216
004,face_rgb,004_face_rgb.mp4,frame,check_face_blur,SKIP,frame=216 non-frontal (label=left); not judged,216
004,face_rgb,004_face_rgb.mp4,frame,check_brightness,SKIP,frame=216 non-frontal (label=left); not judged,216
004,face_rgb,004_face_rgb.mp4,frame,check_face_detected,PASS,frame=218 face detected,218
004,face_rgb,004_face_rgb.mp4,frame,check_head_fully,PASS,frame=218 Head is fully visible,218
004,face_rgb,004_face_rgb.mp4,frame,check_face_size,SKIP,frame=218 non-frontal (label=left); not judged,218
004,face_rgb,004_face_rgb.mp4,frame,check_eyes_open,SKIP,frame=218 non-frontal (label=left); not judged,218
004,face_rgb,004_face_rgb.mp4,frame,check_face_blur,SKIP,frame=218 non-frontal (label=left); not judged,218
004,face_rgb,004_face_rgb.mp4,frame,check_brightness,SKIP,frame=218 non-frontal (label=left); not judged,218
004,face_rgb,004_face_rgb.mp4,frame,check_face_detected,PASS,frame=220 face detected,220
004,face_rgb,004_face_rgb.mp4,frame,check_head_fully,PASS,frame=220 Head is fully visible,220
004,face_rgb,004_face_rgb.mp4,frame,check_face_size,SKIP,frame=220 non-frontal (label=left); not judged,220
004,face_rgb,004_face_rgb.mp4,frame,check_eyes_open,SKIP,frame=220 non-frontal (label=left); not judged,220
004,face_rgb,004_face_rgb.mp4,frame,check_face_blur,SKIP,frame=220 non-frontal (label=left); not judged,220
004,face_rgb,004_face_rgb.mp4,frame,check_brightness,SKIP,frame=220 non-frontal (label=left); not judged,220
004,face_rgb,004_face_rgb.mp4,frame,check_face_detected,PASS,frame=222 face detected,222
004,face_rgb,004_face_rgb.mp4,frame,check_head_fully,PASS,frame=222 Head is fully visible,222
004,face_rgb,004_face_rgb.mp4,frame,check_face_size,SKIP,frame=222 non-frontal (label=left); not judged,222
004,face_rgb,004_face_rgb.mp4,frame,check_eyes_open,SKIP,frame=222 non-frontal (label=left); not judged,222
004,face_rgb,004_face_rgb.mp4,frame,check_face_blur,SKIP,frame=222 non-frontal (label=left); not judged,222
004,face_rgb,004_face_rgb.mp4,frame,check_brightness,SKIP,frame=222 non-frontal (label=left); not judged,222
004,face_rgb,004_face_rgb.mp4,frame,check_face_detected,PASS,frame=224 face detected,224
004,face_rgb,004_face_rgb.mp4,frame,check_head_fully,PASS,frame=224 Head is fully visible,224
004,face_rgb,004_face_rgb.mp4,frame,check_face_size,SKIP,frame=224 non-frontal (label=left); not judged,224
004,face_rgb,004_face_rgb.mp4,frame,check_eyes_open,SKIP,frame=224 non-frontal (label=left); not judged,224
004,face_rgb,004_face_rgb.mp4,frame,check_face_blur,SKIP,frame=224 non-frontal (label=left); not judged,224
004,face_rgb,004_face_rgb.mp4,frame,check_brightness,SKIP,frame=224 non-frontal (label=left); not judged,224
004,face_rgb,004_face_rgb.mp4,frame,check_face_detected,PASS,frame=226 face detected,226
004,face_rgb,004_face_rgb.mp4,frame,check_head_fully,PASS,frame=226 Head is fully visible,226
004,face_rgb,004_face_rgb.mp4,frame,check_face_size,SKIP,frame=226 non-frontal (label=left); not judged,226
004,face_rgb,004_face_rgb.mp4,frame,check_eyes_open,SKIP,frame=226 non-frontal (label=left); not judged,226
004,face_rgb,004_face_rgb.mp4,frame,check_face_blur,SKIP,frame=226 non-frontal (label=left); not judged,226
004,face_rgb,004_face_rgb.mp4,frame,check_brightness,SKIP,frame=226 non-frontal (label=left); not judged,226
004,face_rgb,004_face_rgb.mp4,frame,check_face_detected,PASS,frame=228 face detected,228
004,face_rgb,004_face_rgb.mp4,frame,check_head_fully,PASS,frame=228 Head is fully visible,228
004,face_rgb,004_face_rgb.mp4,frame,check_face_size,SKIP,frame=228 non-frontal (label=left); not judged,228
004,face_rgb,004_face_rgb.mp4,frame,check_eyes_open,SKIP,frame=228 non-frontal (label=left); not judged,228
004,face_rgb,004_face_rgb.mp4,frame,check_face_blur,SKIP,frame=228 non-frontal (label=left); not judged,228
004,face_rgb,004_face_rgb.mp4,frame,check_brightness,SKIP,frame=228 non-frontal (label=left); not judged,228
004,face_rgb,004_face_rgb.mp4,frame,check_face_detected,PASS,frame=230 face detected,230
004,face_rgb,004_face_rgb.mp4,frame,check_head_fully,PASS,frame=230 Head is fully visible,230
004,face_rgb,004_face_rgb.mp4,frame,check_face_size,SKIP,frame=230 non-frontal (label=left); not judged,230
004,face_rgb,004_face_rgb.mp4,frame,check_eyes_open,SKIP,frame=230 non-frontal (label=left); not judged,230
004,face_rgb,004_face_rgb.mp4,frame,check_face_blur,SKIP,frame=230 non-frontal (label=left); not judged,230
004,face_rgb,004_face_rgb.mp4,frame,check_brightness,SKIP,frame=230 non-frontal (label=left); not judged,230
004,face_rgb,004_face_rgb.mp4,frame,check_face_detected,PASS,frame=232 face detected,232
004,face_rgb,004_face_rgb.mp4,frame,check_head_fully,PASS,frame=232 Head is fully visible,232
004,face_rgb,004_face_rgb.mp4,frame,check_face_size,SKIP,frame=232 non-frontal (label=left); not judged,232
004,face_rgb,004_face_rgb.mp4,frame,check_eyes_open,SKIP,frame=232 non-frontal (label=left); not judged,232
004,face_rgb,004_face_rgb.mp4,frame,check_face_blur,SKIP,frame=232 non-frontal (label=left); not judged,232
004,face_rgb,004_face_rgb.mp4,frame,check_brightness,SKIP,frame=232 non-frontal (label=left); not judged,232
004,face_rgb,004_face_rgb.mp4,frame,check_face_detected,PASS,frame=234 face detected,234
004,face_rgb,004_face_rgb.mp4,frame,check_head_fully,PASS,frame=234 Head is fully visible,234
004,face_rgb,004_face_rgb.mp4,frame,check_face_size,SKIP,frame=234 non-frontal (label=left); not judged,234
004,face_rgb,004_face_rgb.mp4,frame,check_eyes_open,SKIP,frame=234 non-frontal (label=left); not judged,234
004,face_rgb,004_face_rgb.mp4,frame,check_face_blur,SKIP,frame=234 non-frontal (label=left); not judged,234
004,face_rgb,004_face_rgb.mp4,frame,check_brightness,SKIP,frame=234 non-frontal (label=left); not judged,234
004,face_rgb,004_face_rgb.mp4,frame,check_face_detected,PASS,frame=236 face detected,236
004,face_rgb,004_face_rgb.mp4,frame,check_head_fully,PASS,frame=236 Head is fully visible,236
004,face_rgb,004_face_rgb.mp4,frame,check_face_size,SKIP,frame=236 non-frontal (label=left); not judged,236
004,face_rgb,004_face_rgb.mp4,frame,check_eyes_open,SKIP,frame=236 non-frontal (label=left); not judged,236
004,face_rgb,004_face_rgb.mp4,frame,check_face_blur,SKIP,frame=236 non-frontal (label=left); not judged,236
004,face_rgb,004_face_rgb.mp4,frame,check_brightness,SKIP,frame=236 non-frontal (label=left); not judged,236
004,face_rgb,004_face_rgb.mp4,frame,check_face_detected,PASS,frame=240 face detected,240
004,face_rgb,004_face_rgb.mp4,frame,check_head_fully,PASS,frame=240 Head is fully visible,240
004,face_rgb,004_face_rgb.mp4,frame,check_face_size,SKIP,frame=240 non-frontal (label=left); not judged,240
004,face_rgb,004_face_rgb.mp4,frame,check_eyes_open,SKIP,frame=240 non-frontal (label=left); not judged,240
004,face_rgb,004_face_rgb.mp4,frame,check_face_blur,SKIP,frame=240 non-frontal (label=left); not judged,240
004,face_rgb,004_face_rgb.mp4,frame,check_brightness,SKIP,frame=240 non-frontal (label=left); not judged,240
004,face_rgb,004_face_rgb.mp4,frame,check_face_detected,PASS,frame=242 face detected,242
004,face_rgb,004_face_rgb.mp4,frame,check_head_fully,PASS,frame=242 Head is fully visible,242
004,face_rgb,004_face_rgb.mp4,frame,check_face_size,SKIP,frame=242 non-frontal (label=left); not judged,242
004,face_rgb,004_face_rgb.mp4,frame,check_eyes_open,SKIP,frame=242 non-frontal (label=left); not judged,242
004,face_rgb,004_face_rgb.mp4,frame,check_face_blur,SKIP,frame=242 non-frontal (label=left); not judged,242
004,face_rgb,004_face_rgb.mp4,frame,check_brightness,SKIP,frame=242 non-frontal (label=left); not judged,242
004,face_rgb,004_face_rgb.mp4,frame,check_face_detected,PASS,frame=244 face detected,244
004,face_rgb,004_face_rgb.mp4,frame,check_head_fully,PASS,frame=244 Head is fully visible,244
004,face_rgb,004_face_rgb.mp4,frame,check_face_size,SKIP,frame=244 non-frontal (label=left); not judged,244
004,face_rgb,004_face_rgb.mp4,frame,check_eyes_open,SKIP,frame=244 non-frontal (label=left); not judged,244
004,face_rgb,004_face_rgb.mp4,frame,check_face_blur,SKIP,frame=244 non-frontal (label=left); not judged,244
004,face_rgb,004_face_rgb.mp4,frame,check_brightness,SKIP,frame=244 non-frontal (label=left); not judged,244
004,face_rgb,004_face_rgb.mp4,frame,check_face_detected,PASS,frame=246 face detected,246
004,face_rgb,004_face_rgb.mp4,frame,check_head_fully,PASS,frame=246 Head is fully visible,246
004,face_rgb,004_face_rgb.mp4,frame,check_face_size,SKIP,frame=246 non-frontal (label=left); not judged,246
004,face_rgb,004_face_rgb.mp4,frame,check_eyes_open,SKIP,frame=246 non-frontal (label=left); not judged,246
004,face_rgb,004_face_rgb.mp4,frame,check_face_blur,SKIP,frame=246 non-frontal (label=left); not judged,246
004,face_rgb,004_face_rgb.mp4,frame,check_brightness,SKIP,frame=246 non-frontal (label=left); not judged,246
004,face_rgb,004_face_rgb.mp4,frame,check_face_detected,PASS,frame=248 face detected,248
004,face_rgb,004_face_rgb.mp4,frame,check_head_fully,PASS,frame=248 Head is fully visible,248
004,face_rgb,004_face_rgb.mp4,frame,check_face_size,SKIP,frame=248 non-frontal (label=left); not judged,248
004,face_rgb,004_face_rgb.mp4,frame,check_eyes_open,SKIP,frame=248 non-frontal (label=left); not judged,248
004,face_rgb,004_face_rgb.mp4,frame,check_face_blur,SKIP,frame=248 non-frontal (label=left); not judged,248
004,face_rgb,004_face_rgb.mp4,frame,check_brightness,SKIP,frame=248 non-frontal (label=left); not judged,248
004,face_rgb,004_face_rgb.mp4,frame,check_face_detected,PASS,frame=250 face detected,250
004,face_rgb,004_face_rgb.mp4,frame,check_head_fully,PASS,frame=250 Head is fully visible,250
004,face_rgb,004_face_rgb.mp4,frame,check_face_size,SKIP,frame=250 non-frontal (label=left); not judged,250
004,face_rgb,004_face_rgb.mp4,frame,check_eyes_open,SKIP,frame=250 non-frontal (label=left); not judged,250
004,face_rgb,004_face_rgb.mp4,frame,check_face_blur,SKIP,frame=250 non-frontal (label=left); not judged,250
004,face_rgb,004_face_rgb.mp4,frame,check_brightness,SKIP,frame=250 non-frontal (label=left); not judged,250
004,face_rgb,004_face_rgb.mp4,frame,check_face_detected,PASS,frame=252 face detected,252
004,face_rgb,004_face_rgb.mp4,frame,check_head_fully,PASS,frame=252 Head is fully visible,252
004,face_rgb,004_face_rgb.mp4,frame,check_face_size,SKIP,frame=252 non-frontal (label=left); not judged,252
004,face_rgb,004_face_rgb.mp4,frame,check_eyes_open,SKIP,frame=252 non-frontal (label=left); not judged,252
004,face_rgb,004_face_rgb.mp4,frame,check_face_blur,SKIP,frame=252 non-frontal (label=left); not judged,252
004,face_rgb,004_face_rgb.mp4,frame,check_brightness,SKIP,frame=252 non-frontal (label=left); not judged,252
004,face_rgb,004_face_rgb.mp4,frame,check_face_detected,PASS,frame=254 face detected,254
004,face_rgb,004_face_rgb.mp4,frame,check_head_fully,PASS,frame=254 Head is fully visible,254
004,face_rgb,004_face_rgb.mp4,frame,check_face_size,SKIP,frame=254 non-frontal (label=left); not judged,254
004,face_rgb,004_face_rgb.mp4,frame,check_eyes_open,SKIP,frame=254 non-frontal (label=left); not judged,254
004,face_rgb,004_face_rgb.mp4,frame,check_face_blur,SKIP,frame=254 non-frontal (label=left); not judged,254
004,face_rgb,004_face_rgb.mp4,frame,check_brightness,SKIP,frame=254 non-frontal (label=left); not judged,254
004,face_rgb,004_face_rgb.mp4,frame,check_face_detected,PASS,frame=256 face detected,256
004,face_rgb,004_face_rgb.mp4,frame,check_head_fully,PASS,frame=256 Head is fully visible,256
004,face_rgb,004_face_rgb.mp4,frame,check_face_size,SKIP,frame=256 non-frontal (label=left); not judged,256
004,face_rgb,004_face_rgb.mp4,frame,check_eyes_open,SKIP,frame=256 non-frontal (label=left); not judged,256
004,face_rgb,004_face_rgb.mp4,frame,check_face_blur,SKIP,frame=256 non-frontal (label=left); not judged,256
004,face_rgb,004_face_rgb.mp4,frame,check_brightness,SKIP,frame=256 non-frontal (label=left); not judged,256
004,face_rgb,004_face_rgb.mp4,frame,check_face_detected,PASS,frame=258 face detected,258
004,face_rgb,004_face_rgb.mp4,frame,check_head_fully,PASS,frame=258 Head is fully visible,258
004,face_rgb,004_face_rgb.mp4,frame,check_face_size,SKIP,frame=258 non-frontal (label=left); not judged,258
004,face_rgb,004_face_rgb.mp4,frame,check_eyes_open,SKIP,frame=258 non-frontal (label=left); not judged,258
004,face_rgb,004_face_rgb.mp4,frame,check_face_blur,SKIP,frame=258 non-frontal (label=left); not judged,258
004,face_rgb,004_face_rgb.mp4,frame,check_brightness,SKIP,frame=258 non-frontal (label=left); not judged,258
004,face_rgb,004_face_rgb.mp4,frame,check_face_detected,PASS,frame=260 face detected,260
004,face_rgb,004_face_rgb.mp4,frame,check_head_fully,PASS,frame=260 Head is fully visible,260
004,face_rgb,004_face_rgb.mp4,frame,check_face_size,SKIP,frame=260 non-frontal (label=left); not judged,260
004,face_rgb,004_face_rgb.mp4,frame,check_eyes_open,SKIP,frame=260 non-frontal (label=left); not judged,260
004,face_rgb,004_face_rgb.mp4,frame,check_face_blur,SKIP,frame=260 non-frontal (label=left); not judged,260
004,face_rgb,004_face_rgb.mp4,frame,check_brightness,SKIP,frame=260 non-frontal (label=left); not judged,260
004,face_rgb,004_face_rgb.mp4,frame,check_face_detected,PASS,frame=262 face detected,262
004,face_rgb,004_face_rgb.mp4,frame,check_head_fully,PASS,frame=262 Head is fully visible,262
004,face_rgb,004_face_rgb.mp4,frame,check_face_size,SKIP,frame=262 non-frontal (label=left); not judged,262
004,face_rgb,004_face_rgb.mp4,frame,check_eyes_open,SKIP,frame=262 non-frontal (label=left); not judged,262
004,face_rgb,004_face_rgb.mp4,frame,check_face_blur,SKIP,frame=262 non-frontal (label=left); not judged,262
004,face_rgb,004_face_rgb.mp4,frame,check_brightness,SKIP,frame=262 non-frontal (label=left); not judged,262
004,face_rgb,004_face_rgb.mp4,frame,check_face_detected,PASS,frame=264 face detected,264
004,face_rgb,004_face_rgb.mp4,frame,check_head_fully,PASS,frame=264 Head is fully visible,264
004,face_rgb,004_face_rgb.mp4,frame,check_face_size,SKIP,frame=264 non-frontal (label=left); not judged,264
004,face_rgb,004_face_rgb.mp4,frame,check_eyes_open,SKIP,frame=264 non-frontal (label=left); not judged,264
004,face_rgb,004_face_rgb.mp4,frame,check_face_blur,SKIP,frame=264 non-frontal (label=left); not judged,264
004,face_rgb,004_face_rgb.mp4,frame,check_brightness,SKIP,frame=264 non-frontal (label=left); not judged,264
004,face_rgb,004_face_rgb.mp4,frame,check_face_detected,PASS,frame=268 face detected,268
004,face_rgb,004_face_rgb.mp4,frame,check_head_fully,PASS,frame=268 Head is fully visible,268
004,face_rgb,004_face_rgb.mp4,frame,check_face_size,SKIP,frame=268 non-frontal (label=left); not judged,268
004,face_rgb,004_face_rgb.mp4,frame,check_eyes_open,SKIP,frame=268 non-frontal (label=left); not judged,268
004,face_rgb,004_face_rgb.mp4,frame,check_face_blur,SKIP,frame=268 non-frontal (label=left); not judged,268
004,face_rgb,004_face_rgb.mp4,frame,check_brightness,SKIP,frame=268 non-frontal (label=left); not judged,268
004,face_rgb,004_face_rgb.mp4,frame,check_face_detected,PASS,frame=270 face detected,270
004,face_rgb,004_face_rgb.mp4,frame,check_head_fully,PASS,frame=270 Head is fully visible,270
004,face_rgb,004_face_rgb.mp4,frame,check_face_size,SKIP,frame=270 non-frontal (label=left); not judged,270
004,face_rgb,004_face_rgb.mp4,frame,check_eyes_open,SKIP,frame=270 non-frontal (label=left); not judged,270
004,face_rgb,004_face_rgb.mp4,frame,check_face_blur,SKIP,frame=270 non-frontal (label=left); not judged,270
004,face_rgb,004_face_rgb.mp4,frame,check_brightness,SKIP,frame=270 non-frontal (label=left); not judged,270
004,face_rgb,004_face_rgb.mp4,frame,check_face_detected,PASS,frame=272 face detected,272
004,face_rgb,004_face_rgb.mp4,frame,check_head_fully,PASS,frame=272 Head is fully visible,272
004,face_rgb,004_face_rgb.mp4,frame,check_face_size,SKIP,frame=272 non-frontal (label=left); not judged,272
004,face_rgb,004_face_rgb.mp4,frame,check_eyes_open,SKIP,frame=272 non-frontal (label=left); not judged,272
004,face_rgb,004_face_rgb.mp4,frame,check_face_blur,SKIP,frame=272 non-frontal (label=left); not judged,272
004,face_rgb,004_face_rgb.mp4,frame,check_brightness,SKIP,frame=272 non-frontal (label=left); not judged,272
004,face_rgb,004_face_rgb.mp4,frame,check_face_detected,PASS,frame=274 face detected,274
004,face_rgb,004_face_rgb.mp4,frame,check_head_fully,PASS,frame=274 Head is fully visible,274
004,face_rgb,004_face_rgb.mp4,frame,check_face_size,SKIP,frame=274 non-frontal (label=left); not judged,274
004,face_rgb,004_face_rgb.mp4,frame,check_eyes_open,SKIP,frame=274 non-frontal (label=left); not judged,274
004,face_rgb,004_face_rgb.mp4,frame,check_face_blur,SKIP,frame=274 non-frontal (label=left); not judged,274
004,face_rgb,004_face_rgb.mp4,frame,check_brightness,SKIP,frame=274 non-frontal (label=left); not judged,274
004,face_rgb,004_face_rgb.mp4,frame,check_face_detected,PASS,frame=276 face detected,276
004,face_rgb,004_face_rgb.mp4,frame,check_head_fully,PASS,frame=276 Head is fully visible,276
004,face_rgb,004_face_rgb.mp4,frame,check_face_size,SKIP,frame=276 non-frontal (label=left); not judged,276
004,face_rgb,004_face_rgb.mp4,frame,check_eyes_open,SKIP,frame=276 non-frontal (label=left); not judged,276
004,face_rgb,004_face_rgb.mp4,frame,check_face_blur,SKIP,frame=276 non-frontal (label=left); not judged,276
004,face_rgb,004_face_rgb.mp4,frame,check_brightness,SKIP,frame=276 non-frontal (label=left); not judged,276
004,face_rgb,004_face_rgb.mp4,frame,check_face_detected,PASS,frame=278 face detected,278
004,face_rgb,004_face_rgb.mp4,frame,check_head_fully,PASS,frame=278 Head is fully visible,278
004,face_rgb,004_face_rgb.mp4,frame,check_face_size,SKIP,frame=278 non-frontal (label=left); not judged,278
004,face_rgb,004_face_rgb.mp4,frame,check_eyes_open,SKIP,frame=278 non-frontal (label=left); not judged,278
004,face_rgb,004_face_rgb.mp4,frame,check_face_blur,SKIP,frame=278 non-frontal (label=left); not judged,278
004,face_rgb,004_face_rgb.mp4,frame,check_brightness,SKIP,frame=278 non-frontal (label=left); not judged,278
004,face_rgb,004_face_rgb.mp4,frame,check_face_detected,PASS,frame=280 face detected,280
004,face_rgb,004_face_rgb.mp4,frame,check_head_fully,PASS,frame=280 Head is fully visible,280
004,face_rgb,004_face_rgb.mp4,frame,check_face_size,SKIP,frame=280 non-frontal (label=left); not judged,280
004,face_rgb,004_face_rgb.mp4,frame,check_eyes_open,SKIP,frame=280 non-frontal (label=left); not judged,280
004,face_rgb,004_face_rgb.mp4,frame,check_face_blur,SKIP,frame=280 non-frontal (label=left); not judged,280
004,face_rgb,004_face_rgb.mp4,frame,check_brightness,SKIP,frame=280 non-frontal (label=left); not judged,280
004,face_rgb,004_face_rgb.mp4,frame,check_face_detected,PASS,frame=282 face detected,282
004,face_rgb,004_face_rgb.mp4,frame,check_head_fully,PASS,frame=282 Head is fully visible,282
004,face_rgb,004_face_rgb.mp4,frame,check_face_size,SKIP,frame=282 non-frontal (label=left); not judged,282
004,face_rgb,004_face_rgb.mp4,frame,check_eyes_open,SKIP,frame=282 non-frontal (label=left); not judged,282
004,face_rgb,004_face_rgb.mp4,frame,check_face_blur,SKIP,frame=282 non-frontal (label=left); not judged,282
004,face_rgb,004_face_rgb.mp4,frame,check_brightness,SKIP,frame=282 non-frontal (label=left); not judged,282
004,face_rgb,004_face_rgb.mp4,frame,check_face_detected,PASS,frame=284 face detected,284
004,face_rgb,004_face_rgb.mp4,frame,check_head_fully,PASS,frame=284 Head is fully visible,284
004,face_rgb,004_face_rgb.mp4,frame,check_face_size,SKIP,frame=284 non-frontal (label=left); not judged,284
004,face_rgb,004_face_rgb.mp4,frame,check_eyes_open,SKIP,frame=284 non-frontal (label=left); not judged,284
004,face_rgb,004_face_rgb.mp4,frame,check_face_blur,SKIP,frame=284 non-frontal (label=left); not judged,284
004,face_rgb,004_face_rgb.mp4,frame,check_brightness,SKIP,frame=284 non-frontal (label=left); not judged,284
004,face_rgb,004_face_rgb.mp4,frame,check_face_detected,PASS,frame=286 face detected,286
004,face_rgb,004_face_rgb.mp4,frame,check_head_fully,PASS,frame=286 Head is fully visible,286
004,face_rgb,004_face_rgb.mp4,frame,check_face_size,SKIP,frame=286 non-frontal (label=left); not judged,286
004,face_rgb,004_face_rgb.mp4,frame,check_eyes_open,SKIP,frame=286 non-frontal (label=left); not judged,286
004,face_rgb,004_face_rgb.mp4,frame,check_face_blur,SKIP,frame=286 non-frontal (label=left); not judged,286
004,face_rgb,004_face_rgb.mp4,frame,check_brightness,SKIP,frame=286 non-frontal (label=left); not judged,286
004,face_rgb,004_face_rgb.mp4,frame,check_face_detected,PASS,frame=288 face detected,288
004,face_rgb,004_face_rgb.mp4,frame,check_head_fully,PASS,frame=288 Head is fully visible,288
004,face_rgb,004_face_rgb.mp4,frame,check_face_size,SKIP,frame=288 non-frontal (label=left); not judged,288
004,face_rgb,004_face_rgb.mp4,frame,check_eyes_open,SKIP,frame=288 non-frontal (label=left); not judged,288
004,face_rgb,004_face_rgb.mp4,frame,check_face_blur,SKIP,frame=288 non-frontal (label=left); not judged,288
004,face_rgb,004_face_rgb.mp4,frame,check_brightness,SKIP,frame=288 non-frontal (label=left); not judged,288
004,face_rgb,004_face_rgb.mp4,frame,check_face_detected,PASS,frame=290 face detected,290
004,face_rgb,004_face_rgb.mp4,frame,check_head_fully,PASS,frame=290 Head is fully visible,290
004,face_rgb,004_face_rgb.mp4,frame,check_face_size,SKIP,frame=290 non-frontal (label=left); not judged,290
004,face_rgb,004_face_rgb.mp4,frame,check_eyes_open,SKIP,frame=290 non-frontal (label=left); not judged,290
004,face_rgb,004_face_rgb.mp4,frame,check_face_blur,SKIP,frame=290 non-frontal (label=left); not judged,290
004,face_rgb,004_face_rgb.mp4,frame,check_brightness,SKIP,frame=290 non-frontal (label=left); not judged,290
004,face_rgb,004_face_rgb.mp4,frame,check_face_detected,PASS,frame=292 face detected,292
004,face_rgb,004_face_rgb.mp4,frame,check_head_fully,PASS,frame=292 Head is fully visible,292
004,face_rgb,004_face_rgb.mp4,frame,check_face_size,SKIP,frame=292 non-frontal (label=left); not judged,292
004,face_rgb,004_face_rgb.mp4,frame,check_eyes_open,SKIP,frame=292 non-frontal (label=left); not judged,292
004,face_rgb,004_face_rgb.mp4,frame,check_face_blur,SKIP,frame=292 non-frontal (label=left); not judged,292
004,face_rgb,004_face_rgb.mp4,frame,check_brightness,SKIP,frame=292 non-frontal (label=left); not judged,292
004,face_rgb,004_face_rgb.mp4,frame,check_face_detected,PASS,frame=296 face detected,296
004,face_rgb,004_face_rgb.mp4,frame,check_head_fully,PASS,frame=296 Head is fully visible,296
004,face_rgb,004_face_rgb.mp4,frame,check_face_size,SKIP,frame=296 non-frontal (label=left); not judged,296
004,face_rgb,004_face_rgb.mp4,frame,check_eyes_open,SKIP,frame=296 non-frontal (label=left); not judged,296
004,face_rgb,004_face_rgb.mp4,frame,check_face_blur,SKIP,frame=296 non-frontal (label=left); not judged,296
004,face_rgb,004_face_rgb.mp4,frame,check_brightness,SKIP,frame=296 non-frontal (label=left); not judged,296
004,face_rgb,004_face_rgb.mp4,frame,check_face_detected,PASS,frame=298 face detected,298
004,face_rgb,004_face_rgb.mp4,frame,check_head_fully,PASS,frame=298 Head is fully visible,298
004,face_rgb,004_face_rgb.mp4,frame,check_face_size,SKIP,frame=298 non-frontal (label=left); not judged,298
004,face_rgb,004_face_rgb.mp4,frame,check_eyes_open,SKIP,frame=298 non-frontal (label=left); not judged,298
004,face_rgb,004_face_rgb.mp4,frame,check_face_blur,SKIP,frame=298 non-frontal (label=left); not judged,298
004,face_rgb,004_face_rgb.mp4,frame,check_brightness,SKIP,frame=298 non-frontal (label=left); not judged,298
004,face_rgb,004_face_rgb.mp4,frame,check_face_detected,PASS,frame=300 face detected,300
004,face_rgb,004_face_rgb.mp4,frame,check_head_fully,PASS,frame=300 Head is fully visible,300
004,face_rgb,004_face_rgb.mp4,frame,check_face_size,SKIP,frame=300 non-frontal (label=left); not judged,300
004,face_rgb,004_face_rgb.mp4,frame,check_eyes_open,SKIP,frame=300 non-frontal (label=left); not judged,300
004,face_rgb,004_face_rgb.mp4,frame,check_face_blur,SKIP,frame=300 non-frontal (label=left); not judged,300
004,face_rgb,004_face_rgb.mp4,frame,check_brightness,SKIP,frame=300 non-frontal (label=left); not judged,300
004,face_rgb,004_face_rgb.mp4,frame,check_face_detected,PASS,frame=302 face detected,302
004,face_rgb,004_face_rgb.mp4,frame,check_head_fully,PASS,frame=302 Head is fully visible,302
004,face_rgb,004_face_rgb.mp4,frame,check_face_size,SKIP,frame=302 non-frontal (label=left); not judged,302
004,face_rgb,004_face_rgb.mp4,frame,check_eyes_open,SKIP,frame=302 non-frontal (label=left); not judged,302
004,face_rgb,004_face_rgb.mp4,frame,check_face_blur,SKIP,frame=302 non-frontal (label=left); not judged,302
004,face_rgb,004_face_rgb.mp4,frame,check_brightness,SKIP,frame=302 non-frontal (label=left); not judged,302
004,face_rgb,004_face_rgb.mp4,frame,check_face_detected,PASS,frame=304 face detected,304
004,face_rgb,004_face_rgb.mp4,frame,check_head_fully,PASS,frame=304 Head is fully visible,304
004,face_rgb,004_face_rgb.mp4,frame,check_face_size,SKIP,frame=304 non-frontal (label=left); not judged,304
004,face_rgb,004_face_rgb.mp4,frame,check_eyes_open,SKIP,frame=304 non-frontal (label=left); not judged,304
004,face_rgb,004_face_rgb.mp4,frame,check_face_blur,SKIP,frame=304 non-frontal (label=left); not judged,304
004,face_rgb,004_face_rgb.mp4,frame,check_brightness,SKIP,frame=304 non-frontal (label=left); not judged,304
004,face_rgb,004_face_rgb.mp4,frame,check_face_detected,PASS,frame=306 face detected,306
004,face_rgb,004_face_rgb.mp4,frame,check_head_fully,PASS,frame=306 Head is fully visible,306
004,face_rgb,004_face_rgb.mp4,frame,check_face_size,SKIP,frame=306 non-frontal (label=left); not judged,306
004,face_rgb,004_face_rgb.mp4,frame,check_eyes_open,SKIP,frame=306 non-frontal (label=left); not judged,306
004,face_rgb,004_face_rgb.mp4,frame,check_face_blur,SKIP,frame=306 non-frontal (label=left); not judged,306
004,face_rgb,004_face_rgb.mp4,frame,check_brightness,SKIP,frame=306 non-frontal (label=left); not judged,306
004,face_rgb,004_face_rgb.mp4,frame,check_face_detected,PASS,frame=308 face detected,308
004,face_rgb,004_face_rgb.mp4,frame,check_head_fully,PASS,frame=308 Head is fully visible,308
004,face_rgb,004_face_rgb.mp4,frame,check_face_size,SKIP,frame=308 non-frontal (label=left); not judged,308
004,face_rgb,004_face_rgb.mp4,frame,check_eyes_open,SKIP,frame=308 non-frontal (label=left); not judged,308
004,face_rgb,004_face_rgb.mp4,frame,check_face_blur,SKIP,frame=308 non-frontal (label=left); not judged,308
004,face_rgb,004_face_rgb.mp4,frame,check_brightness,SKIP,frame=308 non-frontal (label=left); not judged,308
004,face_rgb,004_face_rgb.mp4,frame,check_face_detected,PASS,frame=310 face detected,310
004,face_rgb,004_face_rgb.mp4,frame,check_head_fully,PASS,frame=310 Head is fully visible,310
004,face_rgb,004_face_rgb.mp4,frame,check_face_size,SKIP,frame=310 non-frontal (label=left); not judged,310
004,face_rgb,004_face_rgb.mp4,frame,check_eyes_open,SKIP,frame=310 non-frontal (label=left); not judged,310
004,face_rgb,004_face_rgb.mp4,frame,check_face_blur,SKIP,frame=310 non-frontal (label=left); not judged,310
004,face_rgb,004_face_rgb.mp4,frame,check_brightness,SKIP,frame=310 non-frontal (label=left); not judged,310
004,face_rgb,004_face_rgb.mp4,frame,check_face_detected,PASS,frame=312 face detected,312
004,face_rgb,004_face_rgb.mp4,frame,check_head_fully,PASS,frame=312 Head is fully visible,312
004,face_rgb,004_face_rgb.mp4,frame,check_face_size,SKIP,frame=312 non-frontal (label=left); not judged,312
004,face_rgb,004_face_rgb.mp4,frame,check_eyes_open,SKIP,frame=312 non-frontal (label=left); not judged,312
004,face_rgb,004_face_rgb.mp4,frame,check_face_blur,SKIP,frame=312 non-frontal (label=left); not judged,312
004,face_rgb,004_face_rgb.mp4,frame,check_brightness,SKIP,frame=312 non-frontal (label=left); not judged,312
004,face_rgb,004_face_rgb.mp4,frame,check_face_detected,PASS,frame=314 face detected,314
004,face_rgb,004_face_rgb.mp4,frame,check_head_fully,PASS,frame=314 Head is fully visible,314
004,face_rgb,004_face_rgb.mp4,frame,check_face_size,SKIP,frame=314 non-frontal (label=mid); not judged,314
004,face_rgb,004_face_rgb.mp4,frame,check_eyes_open,SKIP,frame=314 non-frontal (label=mid); not judged,314
004,face_rgb,004_face_rgb.mp4,frame,check_face_blur,SKIP,frame=314 non-frontal (label=mid); not judged,314
004,face_rgb,004_face_rgb.mp4,frame,check_brightness,SKIP,frame=314 non-frontal (label=mid); not judged,314
004,face_rgb,004_face_rgb.mp4,frame,check_face_detected,PASS,frame=316 face detected,316
004,face_rgb,004_face_rgb.mp4,frame,check_head_fully,PASS,frame=316 Head is fully visible,316
004,face_rgb,004_face_rgb.mp4,frame,check_face_size,SKIP,frame=316 non-frontal (label=mid); not judged,316
004,face_rgb,004_face_rgb.mp4,frame,check_eyes_open,SKIP,frame=316 non-frontal (label=mid); not judged,316
004,face_rgb,004_face_rgb.mp4,frame,check_face_blur,SKIP,frame=316 non-frontal (label=mid); not judged,316
004,face_rgb,004_face_rgb.mp4,frame,check_brightness,SKIP,frame=316 non-frontal (label=mid); not judged,316
004,face_rgb,004_face_rgb.mp4,frame,check_face_detected,PASS,frame=318 face detected,318
004,face_rgb,004_face_rgb.mp4,frame,check_head_fully,PASS,frame=318 Head is fully visible,318
004,face_rgb,004_face_rgb.mp4,frame,check_face_size,SKIP,frame=318 non-frontal (label=mid); not judged,318
004,face_rgb,004_face_rgb.mp4,frame,check_eyes_open,SKIP,frame=318 non-frontal (label=mid); not judged,318
004,face_rgb,004_face_rgb.mp4,frame,check_face_blur,SKIP,frame=318 non-frontal (label=mid); not judged,318
004,face_rgb,004_face_rgb.mp4,frame,check_brightness,SKIP,frame=318 non-frontal (label=mid); not judged,318
004,face_rgb,004_face_rgb.mp4,frame,check_face_detected,PASS,frame=320 face detected,320
004,face_rgb,004_face_rgb.mp4,frame,check_head_fully,PASS,frame=320 Head is fully visible,320
004,face_rgb,004_face_rgb.mp4,frame,check_face_size,SKIP,frame=320 non-frontal (label=mid); not judged,320
004,face_rgb,004_face_rgb.mp4,frame,check_eyes_open,SKIP,frame=320 non-frontal (label=mid); not judged,320
004,face_rgb,004_face_rgb.mp4,frame,check_face_blur,SKIP,frame=320 non-frontal (label=mid); not judged,320
004,face_rgb,004_face_rgb.mp4,frame,check_brightness,SKIP,frame=320 non-frontal (label=mid); not judged,320
004,face_rgb,004_face_rgb.mp4,frame,check_face_detected,PASS,frame=324 face detected,324
004,face_rgb,004_face_rgb.mp4,frame,check_head_fully,PASS,frame=324 Head is fully visible,324
004,face_rgb,004_face_rgb.mp4,frame,check_face_size,SKIP,frame=324 non-frontal (label=mid); not judged,324
004,face_rgb,004_face_rgb.mp4,frame,check_eyes_open,SKIP,frame=324 non-frontal (label=mid); not judged,324
004,face_rgb,004_face_rgb.mp4,frame,check_face_blur,SKIP,frame=324 non-frontal (label=mid); not judged,324
004,face_rgb,004_face_rgb.mp4,frame,check_brightness,SKIP,frame=324 non-frontal (label=mid); not judged,324
004,face_rgb,004_face_rgb.mp4,frame,check_face_detected,PASS,frame=326 face detected,326
004,face_rgb,004_face_rgb.mp4,frame,check_head_fully,PASS,frame=326 Head is fully visible,326
004,face_rgb,004_face_rgb.mp4,frame,check_face_size,SKIP,frame=326 non-frontal (label=mid); not judged,326
004,face_rgb,004_face_rgb.mp4,frame,check_eyes_open,SKIP,frame=326 non-frontal (label=mid); not judged,326
004,face_rgb,004_face_rgb.mp4,frame,check_face_blur,SKIP,frame=326 non-frontal (label=mid); not judged,326
004,face_rgb,004_face_rgb.mp4,frame,check_brightness,SKIP,frame=326 non-frontal (label=mid); not judged,326
004,face_rgb,004_face_rgb.mp4,frame,check_face_detected,PASS,frame=328 face detected,328
004,face_rgb,004_face_rgb.mp4,frame,check_head_fully,PASS,frame=328 Head is fully visible,328
004,face_rgb,004_face_rgb.mp4,frame,check_face_size,SKIP,frame=328 non-frontal (label=mid); not judged,328
004,face_rgb,004_face_rgb.mp4,frame,check_eyes_open,SKIP,frame=328 non-frontal (label=mid); not judged,328
004,face_rgb,004_face_rgb.mp4,frame,check_face_blur,SKIP,frame=328 non-frontal (label=mid); not judged,328
004,face_rgb,004_face_rgb.mp4,frame,check_brightness,SKIP,frame=328 non-frontal (label=mid); not judged,328
004,face_rgb,004_face_rgb.mp4,frame,check_face_detected,PASS,frame=330 face detected,330
004,face_rgb,004_face_rgb.mp4,frame,check_head_fully,PASS,frame=330 Head is fully visible,330
004,face_rgb,004_face_rgb.mp4,frame,check_face_size,PASS,frame=330 face=621x736 >= 180x180,330
004,face_rgb,004_face_rgb.mp4,frame,check_eyes_open,PASS,"frame=330 eyes open (L=0.36, R=0.39 > 0.25)",330
004,face_rgb,004_face_rgb.mp4,frame,check_face_blur,FAIL,frame=330 blur variance=7.6 < 90,330
004,face_rgb,004_face_rgb.mp4,frame,check_brightness,PASS,frame=330 brightness normal; 35 <= 149 <=200,330
004,face_rgb,004_face_rgb.mp4,frame,check_face_detected,PASS,frame=332 face detected,332
004,face_rgb,004_face_rgb.mp4,frame,check_head_fully,PASS,frame=332 Head is fully visible,332
004,face_rgb,004_face_rgb.mp4,frame,check_face_size,PASS,frame=332 face=618x736 >= 180x180,332
004,face_rgb,004_face_rgb.mp4,frame,check_eyes_open,PASS,"frame=332 eyes open (L=0.36, R=0.39 > 0.25)",332
004,face_rgb,004_face_rgb.mp4,frame,check_face_blur,FAIL,frame=332 blur variance=7.8 < 90,332
004,face_rgb,004_face_rgb.mp4,frame,check_brightness,PASS,frame=332 brightness normal; 35 <= 148 <=200,332
004,face_rgb,004_face_rgb.mp4,frame,check_face_detected,PASS,frame=334 face detected,334
004,face_rgb,004_face_rgb.mp4,frame,check_head_fully,PASS,frame=334 Head is fully visible,334
004,face_rgb,004_face_rgb.mp4,frame,check_face_size,PASS,frame=334 face=618x736 >= 180x180,334
004,face_rgb,004_face_rgb.mp4,frame,check_eyes_open,PASS,"frame=334 eyes open (L=0.36, R=0.39 > 0.25)",334
004,face_rgb,004_face_rgb.mp4,frame,check_face_blur,FAIL,frame=334 blur variance=8.0 < 90,334
004,face_rgb,004_face_rgb.mp4,frame,check_brightness,PASS,frame=334 brightness normal; 35 <= 148 <=200,334
004,face_rgb,004_face_rgb.mp4,frame,check_face_detected,PASS,frame=336 face detected,336
004,face_rgb,004_face_rgb.mp4,frame,check_head_fully,PASS,frame=336 Head is fully visible,336
004,face_rgb,004_face_rgb.mp4,frame,check_face_size,PASS,frame=336 face=620x735 >= 180x180,336
004,face_rgb,004_face_rgb.mp4,frame,check_eyes_open,PASS,"frame=336 eyes open (L=0.36, R=0.39 > 0.25)",336
004,face_rgb,004_face_rgb.mp4,frame,check_face_blur,FAIL,frame=336 blur variance=8.1 < 90,336
004,face_rgb,004_face_rgb.mp4,frame,check_brightness,PASS,frame=336 brightness normal; 35 <= 148 <=200,336
004,face_rgb,004_face_rgb.mp4,frame,check_face_detected,PASS,frame=338 face detected,338
004,face_rgb,004_face_rgb.mp4,frame,check_head_fully,PASS,frame=338 Head is fully visible,338
004,face_rgb,004_face_rgb.mp4,frame,check_face_size,PASS,frame=338 face=621x734 >= 180x180,338
004,face_rgb,004_face_rgb.mp4,frame,check_eyes_open,PASS,"frame=338 eyes open (L=0.37, R=0.38 > 0.25)",338
004,face_rgb,004_face_rgb.mp4,frame,check_face_blur,FAIL,frame=338 blur variance=7.8 < 90,338
004,face_rgb,004_face_rgb.mp4,frame,check_brightness,PASS,frame=338 brightness normal; 35 <= 149 <=200,338
004,face_rgb,004_face_rgb.mp4,frame,check_face_detected,PASS,frame=340 face detected,340
004,face_rgb,004_face_rgb.mp4,frame,check_head_fully,PASS,frame=340 Head is fully visible,340
004,face_rgb,004_face_rgb.mp4,frame,check_face_size,PASS,frame=340 face=624x729 >= 180x180,340
004,face_rgb,004_face_rgb.mp4,frame,check_eyes_open,PASS,"frame=340 eyes open (L=0.37, R=0.38 > 0.25)",340
004,face_rgb,004_face_rgb.mp4,frame,check_face_blur,FAIL,frame=340 blur variance=7.8 < 90,340
004,face_rgb,004_face_rgb.mp4,frame,check_brightness,PASS,frame=340 brightness normal; 35 <= 150 <=200,340
004,face_rgb,004_face_rgb.mp4,frame,check_face_detected,PASS,frame=342 face detected,342
004,face_rgb,004_face_rgb.mp4,frame,check_head_fully,PASS,frame=342 Head is fully visible,342
004,face_rgb,004_face_rgb.mp4,frame,check_face_size,PASS,frame=342 face=625x727 >= 180x180,342
004,face_rgb,004_face_rgb.mp4,frame,check_eyes_open,PASS,"frame=342 eyes open (L=0.37, R=0.38 > 0.25)",342
004,face_rgb,004_face_rgb.mp4,frame,check_face_blur,FAIL,frame=342 blur variance=7.7 < 90,342
004,face_rgb,004_face_rgb.mp4,frame,check_brightness,PASS,frame=342 brightness normal; 35 <= 150 <=200,342
004,face_rgb,004_face_rgb.mp4,frame,check_face_detected,PASS,frame=344 face detected,344
004,face_rgb,004_face_rgb.mp4,frame,check_head_fully,PASS,frame=344 Head is fully visible,344
004,face_rgb,004_face_rgb.mp4,frame,check_face_size,PASS,frame=344 face=619x723 >= 180x180,344
004,face_rgb,004_face_rgb.mp4,frame,check_eyes_open,PASS,"frame=344 eyes open (L=0.37, R=0.38 > 0.25)",344
004,face_rgb,004_face_rgb.mp4,frame,check_face_blur,FAIL,frame=344 blur variance=7.9 < 90,344
004,face_rgb,004_face_rgb.mp4,frame,check_brightness,PASS,frame=344 brightness normal; 35 <= 150 <=200,344
004,face_rgb,004_face_rgb.mp4,frame,check_face_detected,PASS,frame=346 face detected,346
004,face_rgb,004_face_rgb.mp4,frame,check_head_fully,PASS,frame=346 Head is fully visible,346
004,face_rgb,004_face_rgb.mp4,frame,check_face_size,PASS,frame=346 face=616x714 >= 180x180,346
004,face_rgb,004_face_rgb.mp4,frame,check_eyes_open,PASS,"frame=346 eyes open (L=0.37, R=0.38 > 0.25)",346
004,face_rgb,004_face_rgb.mp4,frame,check_face_blur,FAIL,frame=346 blur variance=7.7 < 90,346
004,face_rgb,004_face_rgb.mp4,frame,check_brightness,PASS,frame=346 brightness normal; 35 <= 150 <=200,346
004,face_rgb,004_face_rgb.mp4,frame,check_face_detected,PASS,frame=348 face detected,348
004,face_rgb,004_face_rgb.mp4,frame,check_head_fully,PASS,frame=348 Head is fully visible,348
004,face_rgb,004_face_rgb.mp4,frame,check_face_size,PASS,frame=348 face=620x723 >= 180x180,348
004,face_rgb,004_face_rgb.mp4,frame,check_eyes_open,PASS,"frame=348 eyes open (L=0.37, R=0.38 > 0.25)",348
004,face_rgb,004_face_rgb.mp4,frame,check_face_blur,FAIL,frame=348 blur variance=8.1 < 90,348
004,face_rgb,004_face_rgb.mp4,frame,check_brightness,PASS,frame=348 brightness normal; 35 <= 151 <=200,348
004,face_rgb,004_face_rgb.mp4,frame,check_face_detected,PASS,frame=352 face detected,352
004,face_rgb,004_face_rgb.mp4,frame,check_head_fully,PASS,frame=352 Head is fully visible,352
004,face_rgb,004_face_rgb.mp4,frame,check_face_size,PASS,frame=352 face=617x716 >= 180x180,352
004,face_rgb,004_face_rgb.mp4,frame,check_eyes_open,PASS,"frame=352 eyes open (L=0.37, R=0.38 > 0.25)",352
004,face_rgb,004_face_rgb.mp4,frame,check_face_blur,FAIL,frame=352 blur variance=9.0 < 90,352
004,face_rgb,004_face_rgb.mp4,frame,check_brightness,PASS,frame=352 brightness normal; 35 <= 151 <=200,352
004,face_rgb,004_face_rgb.mp4,frame,check_face_detected,PASS,frame=354 face detected,354
004,face_rgb,004_face_rgb.mp4,frame,check_head_fully,PASS,frame=354 Head is fully visible,354
004,face_rgb,004_face_rgb.mp4,frame,check_face_size,PASS,frame=354 face=616x716 >= 180x180,354
004,face_rgb,004_face_rgb.mp4,frame,check_eyes_open,PASS,"frame=354 eyes open (L=0.38, R=0.37 > 0.25)",354
004,face_rgb,004_face_rgb.mp4,frame,check_face_blur,FAIL,frame=354 blur variance=9.0 < 90,354
004,face_rgb,004_face_rgb.mp4,frame,check_brightness,PASS,frame=354 brightness normal; 35 <= 151 <=200,354
004,face_rgb,004_face_rgb.mp4,frame,check_face_detected,PASS,frame=356 face detected,356
004,face_rgb,004_face_rgb.mp4,frame,check_head_fully,PASS,frame=356 Head is fully visible,356
004,face_rgb,004_face_rgb.mp4,frame,check_face_size,PASS,frame=356 face=616x717 >= 180x180,356
004,face_rgb,004_face_rgb.mp4,frame,check_eyes_open,PASS,"frame=356 eyes open (L=0.38, R=0.38 > 0.25)",356
004,face_rgb,004_face_rgb.mp4,frame,check_face_blur,FAIL,frame=356 blur variance=9.4 < 90,356
004,face_rgb,004_face_rgb.mp4,frame,check_brightness,PASS,frame=356 brightness normal; 35 <= 151 <=200,356
004,face_rgb,004_face_rgb.mp4,frame,check_face_detected,PASS,frame=358 face detected,358
004,face_rgb,004_face_rgb.mp4,frame,check_head_fully,PASS,frame=358 Head is fully visible,358
004,face_rgb,004_face_rgb.mp4,frame,check_face_size,PASS,frame=358 face=615x712 >= 180x180,358
004,face_rgb,004_face_rgb.mp4,frame,check_eyes_open,PASS,"frame=358 eyes open (L=0.38, R=0.38 > 0.25)",358
004,face_rgb,004_face_rgb.mp4,frame,check_face_blur,FAIL,frame=358 blur variance=9.4 < 90,358
004,face_rgb,004_face_rgb.mp4,frame,check_brightness,PASS,frame=358 brightness normal; 35 <= 151 <=200,358
004,face_rgb,004_face_rgb.mp4,frame,check_face_detected,PASS,frame=360 face detected,360
004,face_rgb,004_face_rgb.mp4,frame,check_head_fully,PASS,frame=360 Head is fully visible,360
004,face_rgb,004_face_rgb.mp4,frame,check_face_size,PASS,frame=360 face=617x711 >= 180x180,360
004,face_rgb,004_face_rgb.mp4,frame,check_eyes_open,PASS,"frame=360 eyes open (L=0.37, R=0.38 > 0.25)",360
004,face_rgb,004_face_rgb.mp4,frame,check_face_blur,FAIL,frame=360 blur variance=8.2 < 90,360
004,face_rgb,004_face_rgb.mp4,frame,check_brightness,PASS,frame=360 brightness normal; 35 <= 152 <=200,360
004,face_rgb,004_face_rgb.mp4,frame,check_face_detected,PASS,frame=362 face detected,362
004,face_rgb,004_face_rgb.mp4,frame,check_head_fully,PASS,frame=362 Head is fully visible,362
004,face_rgb,004_face_rgb.mp4,frame,check_face_size,PASS,frame=362 face=613x705 >= 180x180,362
004,face_rgb,004_face_rgb.mp4,frame,check_eyes_open,PASS,"frame=362 eyes open (L=0.38, R=0.38 > 0.25)",362
004,face_rgb,004_face_rgb.mp4,frame,check_face_blur,FAIL,frame=362 blur variance=8.8 < 90,362
004,face_rgb,004_face_rgb.mp4,frame,check_brightness,PASS,frame=362 brightness normal; 35 <= 152 <=200,362
004,face_rgb,004_face_rgb.mp4,frame,check_face_detected,PASS,frame=364 face detected,364
004,face_rgb,004_face_rgb.mp4,frame,check_head_fully,PASS,frame=364 Head is fully visible,364
004,face_rgb,004_face_rgb.mp4,frame,check_face_size,PASS,frame=364 face=609x703 >= 180x180,364
004,face_rgb,004_face_rgb.mp4,frame,check_eyes_open,PASS,"frame=364 eyes open (L=0.37, R=0.38 > 0.25)",364
004,face_rgb,004_face_rgb.mp4,frame,check_face_blur,FAIL,frame=364 blur variance=8.5 < 90,364
004,face_rgb,004_face_rgb.mp4,frame,check_brightness,PASS,frame=364 brightness normal; 35 <= 152 <=200,364
004,face_rgb,004_face_rgb.mp4,frame,check_face_detected,PASS,frame=366 face detected,366
004,face_rgb,004_face_rgb.mp4,frame,check_head_fully,PASS,frame=366 Head is fully visible,366
004,face_rgb,004_face_rgb.mp4,frame,check_face_size,PASS,frame=366 face=608x708 >= 180x180,366
004,face_rgb,004_face_rgb.mp4,frame,check_eyes_open,PASS,"frame=366 eyes open (L=0.38, R=0.38 > 0.25)",366
004,face_rgb,004_face_rgb.mp4,frame,check_face_blur,FAIL,frame=366 blur variance=8.2 < 90,366
004,face_rgb,004_face_rgb.mp4,frame,check_brightness,PASS,frame=366 brightness normal; 35 <= 152 <=200,366
004,face_rgb,004_face_rgb.mp4,frame,check_face_detected,PASS,frame=368 face detected,368
004,face_rgb,004_face_rgb.mp4,frame,check_head_fully,PASS,frame=368 Head is fully visible,368
004,face_rgb,004_face_rgb.mp4,frame,check_face_size,PASS,frame=368 face=608x705 >= 180x180,368
004,face_rgb,004_face_rgb.mp4,frame,check_eyes_open,PASS,"frame=368 eyes open (L=0.37, R=0.38 > 0.25)",368
004,face_rgb,004_face_rgb.mp4,frame,check_face_blur,FAIL,frame=368 blur variance=8.4 < 90,368
004,face_rgb,004_face_rgb.mp4,frame,check_brightness,PASS,frame=368 brightness normal; 35 <= 151 <=200,368
004,face_rgb,004_face_rgb.mp4,frame,check_face_detected,PASS,frame=370 face detected,370
004,face_rgb,004_face_rgb.mp4,frame,check_head_fully,PASS,frame=370 Head is fully visible,370
004,face_rgb,004_face_rgb.mp4,frame,check_face_size,PASS,frame=370 face=608x705 >= 180x180,370
004,face_rgb,004_face_rgb.mp4,frame,check_eyes_open,PASS,"frame=370 eyes open (L=0.37, R=0.38 > 0.25)",370
004,face_rgb,004_face_rgb.mp4,frame,check_face_blur,FAIL,frame=370 blur variance=9.4 < 90,370
004,face_rgb,004_face_rgb.mp4,frame,check_brightness,PASS,frame=370 brightness normal; 35 <= 151 <=200,370
004,face_rgb,004_face_rgb.mp4,frame,check_face_detected,PASS,frame=372 face detected,372
004,face_rgb,004_face_rgb.mp4,frame,check_head_fully,PASS,frame=372 Head is fully visible,372
004,face_rgb,004_face_rgb.mp4,frame,check_face_size,PASS,frame=372 face=612x712 >= 180x180,372
004,face_rgb,004_face_rgb.mp4,frame,check_eyes_open,PASS,"frame=372 eyes open (L=0.37, R=0.38 > 0.25)",372
004,face_rgb,004_face_rgb.mp4,frame,check_face_blur,FAIL,frame=372 blur variance=9.5 < 90,372
004,face_rgb,004_face_rgb.mp4,frame,check_brightness,PASS,frame=372 brightness normal; 35 <= 151 <=200,372
004,face_rgb,004_face_rgb.mp4,frame,check_face_detected,PASS,frame=374 face detected,374
004,face_rgb,004_face_rgb.mp4,frame,check_head_fully,PASS,frame=374 Head is fully visible,374
004,face_rgb,004_face_rgb.mp4,frame,check_face_size,PASS,frame=374 face=612x709 >= 180x180,374
004,face_rgb,004_face_rgb.mp4,frame,check_eyes_open,PASS,"frame=374 eyes open (L=0.38, R=0.39 > 0.25)",374
004,face_rgb,004_face_rgb.mp4,frame,check_face_blur,FAIL,frame=374 blur variance=9.6 < 90,374
004,face_rgb,004_face_rgb.mp4,frame,check_brightness,PASS,frame=374 brightness normal; 35 <= 151 <=200,374
004,face_rgb,004_face_rgb.mp4,frame,check_face_detected,PASS,frame=376 face detected,376
004,face_rgb,004_face_rgb.mp4,frame,check_head_fully,PASS,frame=376 Head is fully visible,376
004,face_rgb,004_face_rgb.mp4,frame,check_face_size,PASS,frame=376 face=609x705 >= 180x180,376
004,face_rgb,004_face_rgb.mp4,frame,check_eyes_open,PASS,"frame=376 eyes open (L=0.37, R=0.39 > 0.25)",376
004,face_rgb,004_face_rgb.mp4,frame,check_face_blur,FAIL,frame=376 blur variance=9.7 < 90,376
004,face_rgb,004_face_rgb.mp4,frame,check_brightness,PASS,frame=376 brightness normal; 35 <= 151 <=200,376
004,face_rgb,004_face_rgb.mp4,frame,check_face_detected,PASS,frame=380 face detected,380
004,face_rgb,004_face_rgb.mp4,frame,check_head_fully,PASS,frame=380 Head is fully visible,380
004,face_rgb,004_face_rgb.mp4,frame,check_face_size,PASS,frame=380 face=613x705 >= 180x180,380
004,face_rgb,004_face_rgb.mp4,frame,check_eyes_open,PASS,"frame=380 eyes open (L=0.38, R=0.38 > 0.25)",380
004,face_rgb,004_face_rgb.mp4,frame,check_face_blur,FAIL,frame=380 blur variance=9.7 < 90,380
004,face_rgb,004_face_rgb.mp4,frame,check_brightness,PASS,frame=380 brightness normal; 35 <= 151 <=200,380
004,face_rgb,004_face_rgb.mp4,frame,check_face_detected,PASS,frame=382 face detected,382
004,face_rgb,004_face_rgb.mp4,frame,check_head_fully,PASS,frame=382 Head is fully visible,382
004,face_rgb,004_face_rgb.mp4,frame,check_face_size,PASS,frame=382 face=613x708 >= 180x180,382
004,face_rgb,004_face_rgb.mp4,frame,check_eyes_open,PASS,"frame=382 eyes open (L=0.37, R=0.38 > 0.25)",382
004,face_rgb,004_face_rgb.mp4,frame,check_face_blur,FAIL,frame=382 blur variance=9.7 < 90,382
004,face_rgb,004_face_rgb.mp4,frame,check_brightness,PASS,frame=382 brightness normal; 35 <= 151 <=200,382
004,face_rgb,004_face_rgb.mp4,frame,check_face_detected,PASS,frame=384 face detected,384
004,face_rgb,004_face_rgb.mp4,frame,check_head_fully,PASS,frame=384 Head is fully visible,384
004,face_rgb,004_face_rgb.mp4,frame,check_face_size,PASS,frame=384 face=609x704 >= 180x180,384
004,face_rgb,004_face_rgb.mp4,frame,check_eyes_open,PASS,"frame=384 eyes open (L=0.38, R=0.38 > 0.25)",384
004,face_rgb,004_face_rgb.mp4,frame,check_face_blur,FAIL,frame=384 blur variance=9.6 < 90,384
004,face_rgb,004_face_rgb.mp4,frame,check_brightness,PASS,frame=384 brightness normal; 35 <= 151 <=200,384
004,face_rgb,004_face_rgb.mp4,frame,check_face_detected,PASS,frame=386 face detected,386
004,face_rgb,004_face_rgb.mp4,frame,check_head_fully,PASS,frame=386 Head is fully visible,386
004,face_rgb,004_face_rgb.mp4,frame,check_face_size,PASS,frame=386 face=608x708 >= 180x180,386
004,face_rgb,004_face_rgb.mp4,frame,check_eyes_open,PASS,"frame=386 eyes open (L=0.37, R=0.38 > 0.25)",386
004,face_rgb,004_face_rgb.mp4,frame,check_face_blur,FAIL,frame=386 blur variance=9.6 < 90,386
004,face_rgb,004_face_rgb.mp4,frame,check_brightness,PASS,frame=386 brightness normal; 35 <= 151 <=200,386
004,face_rgb,004_face_rgb.mp4,frame,check_face_detected,PASS,frame=388 face detected,388
004,face_rgb,004_face_rgb.mp4,frame,check_head_fully,PASS,frame=388 Head is fully visible,388
004,face_rgb,004_face_rgb.mp4,frame,check_face_size,PASS,frame=388 face=608x708 >= 180x180,388
004,face_rgb,004_face_rgb.mp4,frame,check_eyes_open,PASS,"frame=388 eyes open (L=0.37, R=0.38 > 0.25)",388
004,face_rgb,004_face_rgb.mp4,frame,check_face_blur,FAIL,frame=388 blur variance=9.7 < 90,388
004,face_rgb,004_face_rgb.mp4,frame,check_brightness,PASS,frame=388 brightness normal; 35 <= 151 <=200,388
004,face_rgb,004_face_rgb.mp4,frame,check_face_detected,PASS,frame=390 face detected,390
004,face_rgb,004_face_rgb.mp4,frame,check_head_fully,PASS,frame=390 Head is fully visible,390
004,face_rgb,004_face_rgb.mp4,frame,check_face_size,PASS,frame=390 face=609x711 >= 180x180,390
004,face_rgb,004_face_rgb.mp4,frame,check_eyes_open,PASS,"frame=390 eyes open (L=0.37, R=0.37 > 0.25)",390
004,face_rgb,004_face_rgb.mp4,frame,check_face_blur,FAIL,frame=390 blur variance=9.7 < 90,390
004,face_rgb,004_face_rgb.mp4,frame,check_brightness,PASS,frame=390 brightness normal; 35 <= 151 <=200,390
004,face_rgb,004_face_rgb.mp4,frame,check_face_detected,PASS,frame=392 face detected,392
004,face_rgb,004_face_rgb.mp4,frame,check_head_fully,PASS,frame=392 Head is fully visible,392
004,face_rgb,004_face_rgb.mp4,frame,check_face_size,PASS,frame=392 face=609x711 >= 180x180,392
004,face_rgb,004_face_rgb.mp4,frame,check_eyes_open,PASS,"frame=392 eyes open (L=0.37, R=0.38 > 0.25)",392
004,face_rgb,004_face_rgb.mp4,frame,check_face_blur,FAIL,frame=392 blur variance=9.7 < 90,392
004,face_rgb,004_face_rgb.mp4,frame,check_brightness,PASS,frame=392 brightness normal; 35 <= 150 <=200,392
004,face_rgb,004_face_rgb.mp4,frame,check_face_detected,PASS,frame=394 face detected,394
004,face_rgb,004_face_rgb.mp4,frame,check_head_fully,PASS,frame=394 Head is fully visible,394
004,face_rgb,004_face_rgb.mp4,frame,check_face_size,PASS,frame=394 face=613x712 >= 180x180,394
004,face_rgb,004_face_rgb.mp4,frame,check_eyes_open,PASS,"frame=394 eyes open (L=0.37, R=0.38 > 0.25)",394
004,face_rgb,004_face_rgb.mp4,frame,check_face_blur,FAIL,frame=394 blur variance=9.6 < 90,394
004,face_rgb,004_face_rgb.mp4,frame,check_brightness,PASS,frame=394 brightness normal; 35 <= 150 <=200,394
004,face_rgb,004_face_rgb.mp4,frame,check_face_detected,PASS,frame=396 face detected,396
004,face_rgb,004_face_rgb.mp4,frame,check_head_fully,PASS,frame=396 Head is fully visible,396
004,face_rgb,004_face_rgb.mp4,frame,check_face_size,PASS,frame=396 face=609x709 >= 180x180,396
004,face_rgb,004_face_rgb.mp4,frame,check_eyes_open,PASS,"frame=396 eyes open (L=0.37, R=0.38 > 0.25)",396
004,face_rgb,004_face_rgb.mp4,frame,check_face_blur,FAIL,frame=396 blur variance=9.2 < 90,396
004,face_rgb,004_face_rgb.mp4,frame,check_brightness,PASS,frame=396 brightness normal; 35 <= 151 <=200,396
004,face_rgb,004_face_rgb.mp4,frame,check_face_detected,PASS,frame=398 face detected,398
004,face_rgb,004_face_rgb.mp4,frame,check_head_fully,PASS,frame=398 Head is fully visible,398
004,face_rgb,004_face_rgb.mp4,frame,check_face_size,PASS,frame=398 face=609x710 >= 180x180,398
004,face_rgb,004_face_rgb.mp4,frame,check_eyes_open,PASS,"frame=398 eyes open (L=0.37, R=0.38 > 0.25)",398
004,face_rgb,004_face_rgb.mp4,frame,check_face_blur,FAIL,frame=398 blur variance=9.3 < 90,398
004,face_rgb,004_face_rgb.mp4,frame,check_brightness,PASS,frame=398 brightness normal; 35 <= 151 <=200,398
004,face_rgb,004_face_rgb.mp4,frame,check_face_detected,PASS,frame=400 face detected,400
004,face_rgb,004_face_rgb.mp4,frame,check_head_fully,PASS,frame=400 Head is fully visible,400
004,face_rgb,004_face_rgb.mp4,frame,check_face_size,PASS,frame=400 face=608x708 >= 180x180,400
004,face_rgb,004_face_rgb.mp4,frame,check_eyes_open,PASS,"frame=400 eyes open (L=0.37, R=0.37 > 0.25)",400
004,face_rgb,004_face_rgb.mp4,frame,check_face_blur,FAIL,frame=400 blur variance=9.4 < 90,400
004,face_rgb,004_face_rgb.mp4,frame,check_brightness,PASS,frame=400 brightness normal; 35 <= 151 <=200,400
004,face_rgb,004_face_rgb.mp4,frame,check_face_detected,PASS,frame=402 face detected,402
004,face_rgb,004_face_rgb.mp4,frame,check_head_fully,PASS,frame=402 Head is fully visible,402
004,face_rgb,004_face_rgb.mp4,frame,check_face_size,PASS,frame=402 face=608x709 >= 180x180,402
004,face_rgb,004_face_rgb.mp4,frame,check_eyes_open,PASS,"frame=402 eyes open (L=0.37, R=0.37 > 0.25)",402
004,face_rgb,004_face_rgb.mp4,frame,check_face_blur,FAIL,frame=402 blur variance=9.5 < 90,402
004,face_rgb,004_face_rgb.mp4,frame,check_brightness,PASS,frame=402 brightness normal; 35 <= 151 <=200,402
004,face_rgb,004_face_rgb.mp4,frame,check_face_detected,PASS,frame=404 face detected,404
004,face_rgb,004_face_rgb.mp4,frame,check_head_fully,PASS,frame=404 Head is fully visible,404
004,face_rgb,004_face_rgb.mp4,frame,check_face_size,PASS,frame=404 face=608x708 >= 180x180,404
004,face_rgb,004_face_rgb.mp4,frame,check_eyes_open,PASS,"frame=404 eyes open (L=0.37, R=0.37 > 0.25)",404
004,face_rgb,004_face_rgb.mp4,frame,check_face_blur,FAIL,frame=404 blur variance=9.4 < 90,404
004,face_rgb,004_face_rgb.mp4,frame,check_brightness,PASS,frame=404 brightness normal; 35 <= 151 <=200,404
004,face_rgb,004_face_rgb.mp4,frame,check_face_detected,PASS,frame=408 face detected,408
004,face_rgb,004_face_rgb.mp4,frame,check_head_fully,PASS,frame=408 Head is fully visible,408
004,face_rgb,004_face_rgb.mp4,frame,check_face_size,PASS,frame=408 face=609x709 >= 180x180,408
004,face_rgb,004_face_rgb.mp4,frame,check_eyes_open,PASS,"frame=408 eyes open (L=0.38, R=0.38 > 0.25)",408
004,face_rgb,004_face_rgb.mp4,frame,check_face_blur,FAIL,frame=408 blur variance=9.1 < 90,408
004,face_rgb,004_face_rgb.mp4,frame,check_brightness,PASS,frame=408 brightness normal; 35 <= 151 <=200,408
004,face_rgb,004_face_rgb.mp4,frame,check_face_detected,PASS,frame=410 face detected,410
004,face_rgb,004_face_rgb.mp4,frame,check_head_fully,PASS,frame=410 Head is fully visible,410
004,face_rgb,004_face_rgb.mp4,frame,check_face_size,PASS,frame=410 face=609x710 >= 180x180,410
004,face_rgb,004_face_rgb.mp4,frame,check_eyes_open,PASS,"frame=410 eyes open (L=0.38, R=0.37 > 0.25)",410
004,face_rgb,004_face_rgb.mp4,frame,check_face_blur,FAIL,frame=410 blur variance=9.2 < 90,410
004,face_rgb,004_face_rgb.mp4,frame,check_brightness,PASS,frame=410 brightness normal; 35 <= 150 <=200,410
004,face_rgb,004_face_rgb.mp4,frame,check_face_detected,PASS,frame=412 face detected,412
004,face_rgb,004_face_rgb.mp4,frame,check_head_fully,PASS,frame=412 Head is fully visible,412
004,face_rgb,004_face_rgb.mp4,frame,check_face_size,PASS,frame=412 face=609x711 >= 180x180,412
004,face_rgb,004_face_rgb.mp4,frame,check_eyes_open,PASS,"frame=412 eyes open (L=0.37, R=0.38 > 0.25)",412
004,face_rgb,004_face_rgb.mp4,frame,check_face_blur,FAIL,frame=412 blur variance=9.3 < 90,412
004,face_rgb,004_face_rgb.mp4,frame,check_brightness,PASS,frame=412 brightness normal; 35 <= 150 <=200,412
004,face_rgb,004_face_rgb.mp4,frame,check_face_detected,PASS,frame=414 face detected,414
004,face_rgb,004_face_rgb.mp4,frame,check_head_fully,PASS,frame=414 Head is fully visible,414
004,face_rgb,004_face_rgb.mp4,frame,check_face_size,PASS,frame=414 face=612x711 >= 180x180,414
004,face_rgb,004_face_rgb.mp4,frame,check_eyes_open,PASS,"frame=414 eyes open (L=0.38, R=0.37 > 0.25)",414
004,face_rgb,004_face_rgb.mp4,frame,check_face_blur,FAIL,frame=414 blur variance=9.4 < 90,414
004,face_rgb,004_face_rgb.mp4,frame,check_brightness,PASS,frame=414 brightness normal; 35 <= 150 <=200,414
004,face_rgb,004_face_rgb.mp4,frame,check_face_detected,PASS,frame=416 face detected,416
004,face_rgb,004_face_rgb.mp4,frame,check_head_fully,PASS,frame=416 Head is fully visible,416
004,face_rgb,004_face_rgb.mp4,frame,check_face_size,PASS,frame=416 face=609x710 >= 180x180,416
004,face_rgb,004_face_rgb.mp4,frame,check_eyes_open,PASS,"frame=416 eyes open (L=0.37, R=0.37 > 0.25)",416
004,face_rgb,004_face_rgb.mp4,frame,check_face_blur,FAIL,frame=416 blur variance=9.3 < 90,416
004,face_rgb,004_face_rgb.mp4,frame,check_brightness,PASS,frame=416 brightness normal; 35 <= 150 <=200,416
004,face_rgb,004_face_rgb.mp4,frame,check_face_detected,PASS,frame=418 face detected,418
004,face_rgb,004_face_rgb.mp4,frame,check_head_fully,PASS,frame=418 Head is fully visible,418
004,face_rgb,004_face_rgb.mp4,frame,check_face_size,PASS,frame=418 face=612x709 >= 180x180,418
004,face_rgb,004_face_rgb.mp4,frame,check_eyes_open,PASS,"frame=418 eyes open (L=0.37, R=0.38 > 0.25)",418
004,face_rgb,004_face_rgb.mp4,frame,check_face_blur,FAIL,frame=418 blur variance=9.0 < 90,418
004,face_rgb,004_face_rgb.mp4,frame,check_brightness,PASS,frame=418 brightness normal; 35 <= 150 <=200,418
004,face_rgb,004_face_rgb.mp4,frame,check_face_detected,PASS,frame=420 face detected,420
004,face_rgb,004_face_rgb.mp4,frame,check_head_fully,PASS,frame=420 Head is fully visible,420
004,face_rgb,004_face_rgb.mp4,frame,check_face_size,PASS,frame=420 face=612x709 >= 180x180,420
004,face_rgb,004_face_rgb.mp4,frame,check_eyes_open,PASS,"frame=420 eyes open (L=0.37, R=0.38 > 0.25)",420
004,face_rgb,004_face_rgb.mp4,frame,check_face_blur,FAIL,frame=420 blur variance=8.8 < 90,420
004,face_rgb,004_face_rgb.mp4,frame,check_brightness,PASS,frame=420 brightness normal; 35 <= 150 <=200,420
004,face_rgb,004_face_rgb.mp4,frame,check_face_detected,PASS,frame=422 face detected,422
004,face_rgb,004_face_rgb.mp4,frame,check_head_fully,PASS,frame=422 Head is fully visible,422
004,face_rgb,004_face_rgb.mp4,frame,check_face_size,PASS,frame=422 face=612x709 >= 180x180,422
004,face_rgb,004_face_rgb.mp4,frame,check_eyes_open,PASS,"frame=422 eyes open (L=0.37, R=0.38 > 0.25)",422
004,face_rgb,004_face_rgb.mp4,frame,check_face_blur,FAIL,frame=422 blur variance=8.5 < 90,422
004,face_rgb,004_face_rgb.mp4,frame,check_brightness,PASS,frame=422 brightness normal; 35 <= 151 <=200,422
004,face_rgb,004_face_rgb.mp4,frame,check_face_detected,PASS,frame=424 face detected,424
004,face_rgb,004_face_rgb.mp4,frame,check_head_fully,PASS,frame=424 Head is fully visible,424
004,face_rgb,004_face_rgb.mp4,frame,check_face_size,PASS,frame=424 face=608x705 >= 180x180,424
004,face_rgb,004_face_rgb.mp4,frame,check_eyes_open,PASS,"frame=424 eyes open (L=0.37, R=0.38 > 0.25)",424
004,face_rgb,004_face_rgb.mp4,frame,check_face_blur,FAIL,frame=424 blur variance=8.3 < 90,424
004,face_rgb,004_face_rgb.mp4,frame,check_brightness,PASS,frame=424 brightness normal; 35 <= 151 <=200,424
004,face_rgb,004_face_rgb.mp4,frame,check_face_detected,PASS,frame=426 face detected,426
004,face_rgb,004_face_rgb.mp4,frame,check_head_fully,PASS,frame=426 Head is fully visible,426
004,face_rgb,004_face_rgb.mp4,frame,check_face_size,PASS,frame=426 face=609x708 >= 180x180,426
004,face_rgb,004_face_rgb.mp4,frame,check_eyes_open,PASS,"frame=426 eyes open (L=0.37, R=0.38 > 0.25)",426
004,face_rgb,004_face_rgb.mp4,frame,check_face_blur,FAIL,frame=426 blur variance=8.8 < 90,426
004,face_rgb,004_face_rgb.mp4,frame,check_brightness,PASS,frame=426 brightness normal; 35 <= 150 <=200,426
004,face_rgb,004_face_rgb.mp4,frame,check_face_detected,PASS,frame=428 face detected,428
004,face_rgb,004_face_rgb.mp4,frame,check_head_fully,PASS,frame=428 Head is fully visible,428
004,face_rgb,004_face_rgb.mp4,frame,check_face_size,PASS,frame=428 face=615x714 >= 180x180,428
004,face_rgb,004_face_rgb.mp4,frame,check_eyes_open,PASS,"frame=428 eyes open (L=0.37, R=0.38 > 0.25)",428
004,face_rgb,004_face_rgb.mp4,frame,check_face_blur,FAIL,frame=428 blur variance=8.4 < 90,428
004,face_rgb,004_face_rgb.mp4,frame,check_brightness,PASS,frame=428 brightness normal; 35 <= 151 <=200,428
004,face_rgb,004_face_rgb.mp4,frame,check_face_detected,PASS,frame=430 face detected,430
004,face_rgb,004_face_rgb.mp4,frame,check_head_fully,PASS,frame=430 Head is fully visible,430
004,face_rgb,004_face_rgb.mp4,frame,check_face_size,PASS,frame=430 face=607x712 >= 180x180,430
004,face_rgb,004_face_rgb.mp4,frame,check_eyes_open,PASS,"frame=430 eyes open (L=0.37, R=0.37 > 0.25)",430
004,face_rgb,004_face_rgb.mp4,frame,check_face_blur,FAIL,frame=430 blur variance=8.4 < 90,430
004,face_rgb,004_face_rgb.mp4,frame,check_brightness,PASS,frame=430 brightness normal; 35 <= 152 <=200,430
004,face_rgb,004_face_rgb.mp4,frame,check_face_detected,PASS,frame=432 face detected,432
004,face_rgb,004_face_rgb.mp4,frame,check_head_fully,PASS,frame=432 Head is fully visible,432
004,face_rgb,004_face_rgb.mp4,frame,check_face_size,PASS,frame=432 face=617x716 >= 180x180,432
004,face_rgb,004_face_rgb.mp4,frame,check_eyes_open,PASS,"frame=432 eyes open (L=0.37, R=0.37 > 0.25)",432
004,face_rgb,004_face_rgb.mp4,frame,check_face_blur,FAIL,frame=432 blur variance=8.6 < 90,432
004,face_rgb,004_face_rgb.mp4,frame,check_brightness,PASS,frame=432 brightness normal; 35 <= 151 <=200,432
004,face_rgb,004_face_rgb.mp4,frame,check_face_detected,PASS,frame=436 face detected,436
004,face_rgb,004_face_rgb.mp4,frame,check_head_fully,PASS,frame=436 Head is fully visible,436
004,face_rgb,004_face_rgb.mp4,frame,check_face_size,PASS,frame=436 face=615x717 >= 180x180,436
004,face_rgb,004_face_rgb.mp4,frame,check_eyes_open,PASS,"frame=436 eyes open (L=0.37, R=0.37 > 0.25)",436
004,face_rgb,004_face_rgb.mp4,frame,check_face_blur,FAIL,frame=436 blur variance=7.5 < 90,436
004,face_rgb,004_face_rgb.mp4,frame,check_brightness,PASS,frame=436 brightness normal; 35 <= 154 <=200,436
004,face_rgb,004_face_rgb.mp4,frame,check_face_detected,PASS,frame=438 face detected,438
004,face_rgb,004_face_rgb.mp4,frame,check_head_fully,PASS,frame=438 Head is fully visible,438
004,face_rgb,004_face_rgb.mp4,frame,check_face_size,SKIP,frame=438 non-frontal (label=mid); not judged,438
004,face_rgb,004_face_rgb.mp4,frame,check_eyes_open,SKIP,frame=438 non-frontal (label=mid); not judged,438
004,face_rgb,004_face_rgb.mp4,frame,check_face_blur,SKIP,frame=438 non-frontal (label=mid); not judged,438
004,face_rgb,004_face_rgb.mp4,frame,check_brightness,SKIP,frame=438 non-frontal (label=mid); not judged,438
004,face_rgb,004_face_rgb.mp4,frame,check_face_detected,PASS,frame=440 face detected,440
004,face_rgb,004_face_rgb.mp4,frame,check_head_fully,PASS,frame=440 Head is fully visible,440
004,face_rgb,004_face_rgb.mp4,frame,check_face_size,SKIP,frame=440 non-frontal (label=mid); not judged,440
004,face_rgb,004_face_rgb.mp4,frame,check_eyes_open,SKIP,frame=440 non-frontal (label=mid); not judged,440
004,face_rgb,004_face_rgb.mp4,frame,check_face_blur,SKIP,frame=440 non-frontal (label=mid); not judged,440
004,face_rgb,004_face_rgb.mp4,frame,check_brightness,SKIP,frame=440 non-frontal (label=mid); not judged,440
004,face_rgb,004_face_rgb.mp4,frame,check_face_detected,PASS,frame=442 face detected,442
004,face_rgb,004_face_rgb.mp4,frame,check_head_fully,PASS,frame=442 Head is fully visible,442
004,face_rgb,004_face_rgb.mp4,frame,check_face_size,SKIP,frame=442 non-frontal (label=mid); not judged,442
004,face_rgb,004_face_rgb.mp4,frame,check_eyes_open,SKIP,frame=442 non-frontal (label=mid); not judged,442
004,face_rgb,004_face_rgb.mp4,frame,check_face_blur,SKIP,frame=442 non-frontal (label=mid); not judged,442
004,face_rgb,004_face_rgb.mp4,frame,check_brightness,SKIP,frame=442 non-frontal (label=mid); not judged,442
004,face_rgb,004_face_rgb.mp4,frame,check_face_detected,PASS,frame=444 face detected,444
004,face_rgb,004_face_rgb.mp4,frame,check_head_fully,PASS,frame=444 Head is fully visible,444
004,face_rgb,004_face_rgb.mp4,frame,check_face_size,SKIP,frame=444 non-frontal (label=mid); not judged,444
004,face_rgb,004_face_rgb.mp4,frame,check_eyes_open,SKIP,frame=444 non-frontal (label=mid); not judged,444
004,face_rgb,004_face_rgb.mp4,frame,check_face_blur,SKIP,frame=444 non-frontal (label=mid); not judged,444
004,face_rgb,004_face_rgb.mp4,frame,check_brightness,SKIP,frame=444 non-frontal (label=mid); not judged,444
004,face_rgb,004_face_rgb.mp4,frame,check_face_detected,PASS,frame=446 face detected,446
004,face_rgb,004_face_rgb.mp4,frame,check_head_fully,PASS,frame=446 Head is fully visible,446
004,face_rgb,004_face_rgb.mp4,frame,check_face_size,SKIP,frame=446 non-frontal (label=right); not judged,446
004,face_rgb,004_face_rgb.mp4,frame,check_eyes_open,SKIP,frame=446 non-frontal (label=right); not judged,446
004,face_rgb,004_face_rgb.mp4,frame,check_face_blur,SKIP,frame=446 non-frontal (label=right); not judged,446
004,face_rgb,004_face_rgb.mp4,frame,check_brightness,SKIP,frame=446 non-frontal (label=right); not judged,446
004,face_rgb,004_face_rgb.mp4,frame,check_face_detected,PASS,frame=448 face detected,448
004,face_rgb,004_face_rgb.mp4,frame,check_head_fully,PASS,frame=448 Head is fully visible,448
004,face_rgb,004_face_rgb.mp4,frame,check_face_size,SKIP,frame=448 non-frontal (label=right); not judged,448
004,face_rgb,004_face_rgb.mp4,frame,check_eyes_open,SKIP,frame=448 non-frontal (label=right); not judged,448
004,face_rgb,004_face_rgb.mp4,frame,check_face_blur,SKIP,frame=448 non-frontal (label=right); not judged,448
004,face_rgb,004_face_rgb.mp4,frame,check_brightness,SKIP,frame=448 non-frontal (label=right); not judged,448
004,face_rgb,004_face_rgb.mp4,frame,check_face_detected,PASS,frame=450 face detected,450
004,face_rgb,004_face_rgb.mp4,frame,check_head_fully,PASS,frame=450 Head is fully visible,450
004,face_rgb,004_face_rgb.mp4,frame,check_face_size,SKIP,frame=450 non-frontal (label=right); not judged,450
004,face_rgb,004_face_rgb.mp4,frame,check_eyes_open,SKIP,frame=450 non-frontal (label=right); not judged,450
004,face_rgb,004_face_rgb.mp4,frame,check_face_blur,SKIP,frame=450 non-frontal (label=right); not judged,450
004,face_rgb,004_face_rgb.mp4,frame,check_brightness,SKIP,frame=450 non-frontal (label=right); not judged,450
004,face_rgb,004_face_rgb.mp4,frame,check_face_detected,PASS,frame=452 face detected,452
004,face_rgb,004_face_rgb.mp4,frame,check_head_fully,PASS,frame=452 Head is fully visible,452
004,face_rgb,004_face_rgb.mp4,frame,check_face_size,SKIP,frame=452 non-frontal (label=right); not judged,452
004,face_rgb,004_face_rgb.mp4,frame,check_eyes_open,SKIP,frame=452 non-frontal (label=right); not judged,452
004,face_rgb,004_face_rgb.mp4,frame,check_face_blur,SKIP,frame=452 non-frontal (label=right); not judged,452
004,face_rgb,004_face_rgb.mp4,frame,check_brightness,SKIP,frame=452 non-frontal (label=right); not judged,452
004,face_rgb,004_face_rgb.mp4,frame,check_face_detected,PASS,frame=454 face detected,454
004,face_rgb,004_face_rgb.mp4,frame,check_head_fully,PASS,frame=454 Head is fully visible,454
004,face_rgb,004_face_rgb.mp4,frame,check_face_size,SKIP,frame=454 non-frontal (label=right); not judged,454
004,face_rgb,004_face_rgb.mp4,frame,check_eyes_open,SKIP,frame=454 non-frontal (label=right); not judged,454
004,face_rgb,004_face_rgb.mp4,frame,check_face_blur,SKIP,frame=454 non-frontal (label=right); not judged,454
004,face_rgb,004_face_rgb.mp4,frame,check_brightness,SKIP,frame=454 non-frontal (label=right); not judged,454
004,face_rgb,004_face_rgb.mp4,frame,check_face_detected,PASS,frame=456 face detected,456
004,face_rgb,004_face_rgb.mp4,frame,check_head_fully,PASS,frame=456 Head is fully visible,456
004,face_rgb,004_face_rgb.mp4,frame,check_face_size,SKIP,frame=456 non-frontal (label=right); not judged,456
004,face_rgb,004_face_rgb.mp4,frame,check_eyes_open,SKIP,frame=456 non-frontal (label=right); not judged,456
004,face_rgb,004_face_rgb.mp4,frame,check_face_blur,SKIP,frame=456 non-frontal (label=right); not judged,456
004,face_rgb,004_face_rgb.mp4,frame,check_brightness,SKIP,frame=456 non-frontal (label=right); not judged,456
004,face_rgb,004_face_rgb.mp4,frame,check_face_detected,PASS,frame=458 face detected,458
004,face_rgb,004_face_rgb.mp4,frame,check_head_fully,PASS,frame=458 Head is fully visible,458
004,face_rgb,004_face_rgb.mp4,frame,check_face_size,SKIP,frame=458 non-frontal (label=right); not judged,458
004,face_rgb,004_face_rgb.mp4,frame,check_eyes_open,SKIP,frame=458 non-frontal (label=right); not judged,458
004,face_rgb,004_face_rgb.mp4,frame,check_face_blur,SKIP,frame=458 non-frontal (label=right); not judged,458
004,face_rgb,004_face_rgb.mp4,frame,check_brightness,SKIP,frame=458 non-frontal (label=right); not judged,458
004,face_rgb,004_face_rgb.mp4,frame,check_face_detected,PASS,frame=460 face detected,460
004,face_rgb,004_face_rgb.mp4,frame,check_head_fully,PASS,frame=460 Head is fully visible,460
004,face_rgb,004_face_rgb.mp4,frame,check_face_size,SKIP,frame=460 non-frontal (label=right); not judged,460
004,face_rgb,004_face_rgb.mp4,frame,check_eyes_open,SKIP,frame=460 non-frontal (label=right); not judged,460
004,face_rgb,004_face_rgb.mp4,frame,check_face_blur,SKIP,frame=460 non-frontal (label=right); not judged,460
004,face_rgb,004_face_rgb.mp4,frame,check_brightness,SKIP,frame=460 non-frontal (label=right); not judged,460
004,face_rgb,004_face_rgb.mp4,frame,check_face_detected,PASS,frame=464 face detected,464
004,face_rgb,004_face_rgb.mp4,frame,check_head_fully,PASS,frame=464 Head is fully visible,464
004,face_rgb,004_face_rgb.mp4,frame,check_face_size,SKIP,frame=464 non-frontal (label=right); not judged,464
004,face_rgb,004_face_rgb.mp4,frame,check_eyes_open,SKIP,frame=464 non-frontal (label=right); not judged,464
004,face_rgb,004_face_rgb.mp4,frame,check_face_blur,SKIP,frame=464 non-frontal (label=right); not judged,464
004,face_rgb,004_face_rgb.mp4,frame,check_brightness,SKIP,frame=464 non-frontal (label=right); not judged,464
004,face_rgb,004_face_rgb.mp4,frame,check_face_detected,PASS,frame=466 face detected,466
004,face_rgb,004_face_rgb.mp4,frame,check_head_fully,PASS,frame=466 Head is fully visible,466
004,face_rgb,004_face_rgb.mp4,frame,check_face_size,SKIP,frame=466 non-frontal (label=right); not judged,466
004,face_rgb,004_face_rgb.mp4,frame,check_eyes_open,SKIP,frame=466 non-frontal (label=right); not judged,466
004,face_rgb,004_face_rgb.mp4,frame,check_face_blur,SKIP,frame=466 non-frontal (label=right); not judged,466
004,face_rgb,004_face_rgb.mp4,frame,check_brightness,SKIP,frame=466 non-frontal (label=right); not judged,466
004,face_rgb,004_face_rgb.mp4,frame,check_face_detected,PASS,frame=468 face detected,468
004,face_rgb,004_face_rgb.mp4,frame,check_head_fully,PASS,frame=468 Head is fully visible,468
004,face_rgb,004_face_rgb.mp4,frame,check_face_size,SKIP,frame=468 non-frontal (label=right); not judged,468
004,face_rgb,004_face_rgb.mp4,frame,check_eyes_open,SKIP,frame=468 non-frontal (label=right); not judged,468
004,face_rgb,004_face_rgb.mp4,frame,check_face_blur,SKIP,frame=468 non-frontal (label=right); not judged,468
004,face_rgb,004_face_rgb.mp4,frame,check_brightness,SKIP,frame=468 non-frontal (label=right); not judged,468
004,face_rgb,004_face_rgb.mp4,frame,check_face_detected,PASS,frame=470 face detected,470
004,face_rgb,004_face_rgb.mp4,frame,check_head_fully,PASS,frame=470 Head is fully visible,470
004,face_rgb,004_face_rgb.mp4,frame,check_face_size,SKIP,frame=470 non-frontal (label=right); not judged,470
004,face_rgb,004_face_rgb.mp4,frame,check_eyes_open,SKIP,frame=470 non-frontal (label=right); not judged,470
004,face_rgb,004_face_rgb.mp4,frame,check_face_blur,SKIP,frame=470 non-frontal (label=right); not judged,470
004,face_rgb,004_face_rgb.mp4,frame,check_brightness,SKIP,frame=470 non-frontal (label=right); not judged,470
004,face_rgb,004_face_rgb.mp4,frame,check_face_detected,PASS,frame=472 face detected,472
004,face_rgb,004_face_rgb.mp4,frame,check_head_fully,PASS,frame=472 Head is fully visible,472
004,face_rgb,004_face_rgb.mp4,frame,check_face_size,SKIP,frame=472 non-frontal (label=right); not judged,472
004,face_rgb,004_face_rgb.mp4,frame,check_eyes_open,SKIP,frame=472 non-frontal (label=right); not judged,472
004,face_rgb,004_face_rgb.mp4,frame,check_face_blur,SKIP,frame=472 non-frontal (label=right); not judged,472
004,face_rgb,004_face_rgb.mp4,frame,check_brightness,SKIP,frame=472 non-frontal (label=right); not judged,472
004,face_rgb,004_face_rgb.mp4,frame,check_face_detected,PASS,frame=474 face detected,474
004,face_rgb,004_face_rgb.mp4,frame,check_head_fully,PASS,frame=474 Head is fully visible,474
004,face_rgb,004_face_rgb.mp4,frame,check_face_size,SKIP,frame=474 non-frontal (label=right); not judged,474
004,face_rgb,004_face_rgb.mp4,frame,check_eyes_open,SKIP,frame=474 non-frontal (label=right); not judged,474
004,face_rgb,004_face_rgb.mp4,frame,check_face_blur,SKIP,frame=474 non-frontal (label=right); not judged,474
004,face_rgb,004_face_rgb.mp4,frame,check_brightness,SKIP,frame=474 non-frontal (label=right); not judged,474
004,face_rgb,004_face_rgb.mp4,frame,check_face_detected,PASS,frame=476 face detected,476
004,face_rgb,004_face_rgb.mp4,frame,check_head_fully,PASS,frame=476 Head is fully visible,476
004,face_rgb,004_face_rgb.mp4,frame,check_face_size,SKIP,frame=476 non-frontal (label=right); not judged,476
004,face_rgb,004_face_rgb.mp4,frame,check_eyes_open,SKIP,frame=476 non-frontal (label=right); not judged,476
004,face_rgb,004_face_rgb.mp4,frame,check_face_blur,SKIP,frame=476 non-frontal (label=right); not judged,476
004,face_rgb,004_face_rgb.mp4,frame,check_brightness,SKIP,frame=476 non-frontal (label=right); not judged,476
004,face_rgb,004_face_rgb.mp4,frame,check_face_detected,PASS,frame=478 face detected,478
004,face_rgb,004_face_rgb.mp4,frame,check_head_fully,PASS,frame=478 Head is fully visible,478
004,face_rgb,004_face_rgb.mp4,frame,check_face_size,SKIP,frame=478 non-frontal (label=right); not judged,478
004,face_rgb,004_face_rgb.mp4,frame,check_eyes_open,SKIP,frame=478 non-frontal (label=right); not judged,478
004,face_rgb,004_face_rgb.mp4,frame,check_face_blur,SKIP,frame=478 non-frontal (label=right); not judged,478
004,face_rgb,004_face_rgb.mp4,frame,check_brightness,SKIP,frame=478 non-frontal (label=right); not judged,478
004,face_rgb,004_face_rgb.mp4,frame,check_face_detected,PASS,frame=480 face detected,480
004,face_rgb,004_face_rgb.mp4,frame,check_head_fully,PASS,frame=480 Head is fully visible,480
004,face_rgb,004_face_rgb.mp4,frame,check_face_size,SKIP,frame=480 non-frontal (label=right); not judged,480
004,face_rgb,004_face_rgb.mp4,frame,check_eyes_open,SKIP,frame=480 non-frontal (label=right); not judged,480
004,face_rgb,004_face_rgb.mp4,frame,check_face_blur,SKIP,frame=480 non-frontal (label=right); not judged,480
004,face_rgb,004_face_rgb.mp4,frame,check_brightness,SKIP,frame=480 non-frontal (label=right); not judged,480
004,face_rgb,004_face_rgb.mp4,frame,check_face_detected,PASS,frame=482 face detected,482
004,face_rgb,004_face_rgb.mp4,frame,check_head_fully,PASS,frame=482 Head is fully visible,482
004,face_rgb,004_face_rgb.mp4,frame,check_face_size,SKIP,frame=482 non-frontal (label=right); not judged,482
004,face_rgb,004_face_rgb.mp4,frame,check_eyes_open,SKIP,frame=482 non-frontal (label=right); not judged,482
004,face_rgb,004_face_rgb.mp4,frame,check_face_blur,SKIP,frame=482 non-frontal (label=right); not judged,482
004,face_rgb,004_face_rgb.mp4,frame,check_brightness,SKIP,frame=482 non-frontal (label=right); not judged,482
004,face_rgb,004_face_rgb.mp4,frame,check_face_detected,PASS,frame=484 face detected,484
004,face_rgb,004_face_rgb.mp4,frame,check_head_fully,PASS,frame=484 Head is fully visible,484
004,face_rgb,004_face_rgb.mp4,frame,check_face_size,SKIP,frame=484 non-frontal (label=right); not judged,484
004,face_rgb,004_face_rgb.mp4,frame,check_eyes_open,SKIP,frame=484 non-frontal (label=right); not judged,484
004,face_rgb,004_face_rgb.mp4,frame,check_face_blur,SKIP,frame=484 non-frontal (label=right); not judged,484
004,face_rgb,004_face_rgb.mp4,frame,check_brightness,SKIP,frame=484 non-frontal (label=right); not judged,484
004,face_rgb,004_face_rgb.mp4,frame,check_face_detected,PASS,frame=486 face detected,486
004,face_rgb,004_face_rgb.mp4,frame,check_head_fully,PASS,frame=486 Head is fully visible,486
004,face_rgb,004_face_rgb.mp4,frame,check_face_size,SKIP,frame=486 non-frontal (label=right); not judged,486
004,face_rgb,004_face_rgb.mp4,frame,check_eyes_open,SKIP,frame=486 non-frontal (label=right); not judged,486
004,face_rgb,004_face_rgb.mp4,frame,check_face_blur,SKIP,frame=486 non-frontal (label=right); not judged,486
004,face_rgb,004_face_rgb.mp4,frame,check_brightness,SKIP,frame=486 non-frontal (label=right); not judged,486
004,face_rgb,004_face_rgb.mp4,frame,check_face_detected,PASS,frame=488 face detected,488
004,face_rgb,004_face_rgb.mp4,frame,check_head_fully,PASS,frame=488 Head is fully visible,488
004,face_rgb,004_face_rgb.mp4,frame,check_face_size,SKIP,frame=488 non-frontal (label=right); not judged,488
004,face_rgb,004_face_rgb.mp4,frame,check_eyes_open,SKIP,frame=488 non-frontal (label=right); not judged,488
004,face_rgb,004_face_rgb.mp4,frame,check_face_blur,SKIP,frame=488 non-frontal (label=right); not judged,488
004,face_rgb,004_face_rgb.mp4,frame,check_brightness,SKIP,frame=488 non-frontal (label=right); not judged,488
004,face_rgb,004_face_rgb.mp4,frame,check_face_detected,PASS,frame=492 face detected,492
004,face_rgb,004_face_rgb.mp4,frame,check_head_fully,PASS,frame=492 Head is fully visible,492
004,face_rgb,004_face_rgb.mp4,frame,check_face_size,SKIP,frame=492 non-frontal (label=right); not judged,492
004,face_rgb,004_face_rgb.mp4,frame,check_eyes_open,SKIP,frame=492 non-frontal (label=right); not judged,492
004,face_rgb,004_face_rgb.mp4,frame,check_face_blur,SKIP,frame=492 non-frontal (label=right); not judged,492
004,face_rgb,004_face_rgb.mp4,frame,check_brightness,SKIP,frame=492 non-frontal (label=right); not judged,492
004,face_rgb,004_face_rgb.mp4,frame,check_face_detected,PASS,frame=494 face detected,494
004,face_rgb,004_face_rgb.mp4,frame,check_head_fully,PASS,frame=494 Head is fully visible,494
004,face_rgb,004_face_rgb.mp4,frame,check_face_size,SKIP,frame=494 non-frontal (label=right); not judged,494
004,face_rgb,004_face_rgb.mp4,frame,check_eyes_open,SKIP,frame=494 non-frontal (label=right); not judged,494
004,face_rgb,004_face_rgb.mp4,frame,check_face_blur,SKIP,frame=494 non-frontal (label=right); not judged,494
004,face_rgb,004_face_rgb.mp4,frame,check_brightness,SKIP,frame=494 non-frontal (label=right); not judged,494
004,face_rgb,004_face_rgb.mp4,frame,check_face_detected,PASS,frame=496 face detected,496
004,face_rgb,004_face_rgb.mp4,frame,check_head_fully,PASS,frame=496 Head is fully visible,496
004,face_rgb,004_face_rgb.mp4,frame,check_face_size,SKIP,frame=496 non-frontal (label=right); not judged,496
004,face_rgb,004_face_rgb.mp4,frame,check_eyes_open,SKIP,frame=496 non-frontal (label=right); not judged,496
004,face_rgb,004_face_rgb.mp4,frame,check_face_blur,SKIP,frame=496 non-frontal (label=right); not judged,496
004,face_rgb,004_face_rgb.mp4,frame,check_brightness,SKIP,frame=496 non-frontal (label=right); not judged,496
004,face_rgb,004_face_rgb.mp4,frame,check_face_detected,PASS,frame=498 face detected,498
004,face_rgb,004_face_rgb.mp4,frame,check_head_fully,PASS,frame=498 Head is fully visible,498
004,face_rgb,004_face_rgb.mp4,frame,check_face_size,SKIP,frame=498 non-frontal (label=right); not judged,498
004,face_rgb,004_face_rgb.mp4,frame,check_eyes_open,SKIP,frame=498 non-frontal (label=right); not judged,498
004,face_rgb,004_face_rgb.mp4,frame,check_face_blur,SKIP,frame=498 non-frontal (label=right); not judged,498
004,face_rgb,004_face_rgb.mp4,frame,check_brightness,SKIP,frame=498 non-frontal (label=right); not judged,498
004,face_rgb,004_face_rgb.mp4,frame,check_face_detected,PASS,frame=500 face detected,500
004,face_rgb,004_face_rgb.mp4,frame,check_head_fully,PASS,frame=500 Head is fully visible,500
004,face_rgb,004_face_rgb.mp4,frame,check_face_size,SKIP,frame=500 non-frontal (label=right); not judged,500
004,face_rgb,004_face_rgb.mp4,frame,check_eyes_open,SKIP,frame=500 non-frontal (label=right); not judged,500
004,face_rgb,004_face_rgb.mp4,frame,check_face_blur,SKIP,frame=500 non-frontal (label=right); not judged,500
004,face_rgb,004_face_rgb.mp4,frame,check_brightness,SKIP,frame=500 non-frontal (label=right); not judged,500
004,face_rgb,004_face_rgb.mp4,frame,check_face_detected,PASS,frame=502 face detected,502
004,face_rgb,004_face_rgb.mp4,frame,check_head_fully,PASS,frame=502 Head is fully visible,502
004,face_rgb,004_face_rgb.mp4,frame,check_face_size,SKIP,frame=502 non-frontal (label=right); not judged,502
004,face_rgb,004_face_rgb.mp4,frame,check_eyes_open,SKIP,frame=502 non-frontal (label=right); not judged,502
004,face_rgb,004_face_rgb.mp4,frame,check_face_blur,SKIP,frame=502 non-frontal (label=right); not judged,502
004,face_rgb,004_face_rgb.mp4,frame,check_brightness,SKIP,frame=502 non-frontal (label=right); not judged,502
004,face_rgb,004_face_rgb.mp4,frame,check_face_detected,PASS,frame=504 face detected,504
004,face_rgb,004_face_rgb.mp4,frame,check_head_fully,PASS,frame=504 Head is fully visible,504
004,face_rgb,004_face_rgb.mp4,frame,check_face_size,SKIP,frame=504 non-frontal (label=right); not judged,504
004,face_rgb,004_face_rgb.mp4,frame,check_eyes_open,SKIP,frame=504 non-frontal (label=right); not judged,504
004,face_rgb,004_face_rgb.mp4,frame,check_face_blur,SKIP,frame=504 non-frontal (label=right); not judged,504
004,face_rgb,004_face_rgb.mp4,frame,check_brightness,SKIP,frame=504 non-frontal (label=right); not judged,504
004,face_rgb,004_face_rgb.mp4,frame,check_face_detected,PASS,frame=506 face detected,506
004,face_rgb,004_face_rgb.mp4,frame,check_head_fully,PASS,frame=506 Head is fully visible,506
004,face_rgb,004_face_rgb.mp4,frame,check_face_size,SKIP,frame=506 non-frontal (label=right); not judged,506
004,face_rgb,004_face_rgb.mp4,frame,check_eyes_open,SKIP,frame=506 non-frontal (label=right); not judged,506
004,face_rgb,004_face_rgb.mp4,frame,check_face_blur,SKIP,frame=506 non-frontal (label=right); not judged,506
004,face_rgb,004_face_rgb.mp4,frame,check_brightness,SKIP,frame=506 non-frontal (label=right); not judged,506
004,face_rgb,004_face_rgb.mp4,frame,check_face_detected,PASS,frame=508 face detected,508
004,face_rgb,004_face_rgb.mp4,frame,check_head_fully,PASS,frame=508 Head is fully visible,508
004,face_rgb,004_face_rgb.mp4,frame,check_face_size,SKIP,frame=508 non-frontal (label=right); not judged,508
004,face_rgb,004_face_rgb.mp4,frame,check_eyes_open,SKIP,frame=508 non-frontal (label=right); not judged,508
004,face_rgb,004_face_rgb.mp4,frame,check_face_blur,SKIP,frame=508 non-frontal (label=right); not judged,508
004,face_rgb,004_face_rgb.mp4,frame,check_brightness,SKIP,frame=508 non-frontal (label=right); not judged,508
004,face_rgb,004_face_rgb.mp4,frame,check_face_detected,PASS,frame=510 face detected,510
004,face_rgb,004_face_rgb.mp4,frame,check_head_fully,PASS,frame=510 Head is fully visible,510
004,face_rgb,004_face_rgb.mp4,frame,check_face_size,SKIP,frame=510 non-frontal (label=right); not judged,510
004,face_rgb,004_face_rgb.mp4,frame,check_eyes_open,SKIP,frame=510 non-frontal (label=right); not judged,510
004,face_rgb,004_face_rgb.mp4,frame,check_face_blur,SKIP,frame=510 non-frontal (label=right); not judged,510
004,face_rgb,004_face_rgb.mp4,frame,check_brightness,SKIP,frame=510 non-frontal (label=right); not judged,510
004,face_rgb,004_face_rgb.mp4,frame,check_face_detected,PASS,frame=512 face detected,512
004,face_rgb,004_face_rgb.mp4,frame,check_head_fully,PASS,frame=512 Head is fully visible,512
004,face_rgb,004_face_rgb.mp4,frame,check_face_size,SKIP,frame=512 non-frontal (label=right); not judged,512
004,face_rgb,004_face_rgb.mp4,frame,check_eyes_open,SKIP,frame=512 non-frontal (label=right); not judged,512
004,face_rgb,004_face_rgb.mp4,frame,check_face_blur,SKIP,frame=512 non-frontal (label=right); not judged,512
004,face_rgb,004_face_rgb.mp4,frame,check_brightness,SKIP,frame=512 non-frontal (label=right); not judged,512
004,face_rgb,004_face_rgb.mp4,frame,check_face_detected,PASS,frame=514 face detected,514
004,face_rgb,004_face_rgb.mp4,frame,check_head_fully,PASS,frame=514 Head is fully visible,514
004,face_rgb,004_face_rgb.mp4,frame,check_face_size,SKIP,frame=514 non-frontal (label=right); not judged,514
004,face_rgb,004_face_rgb.mp4,frame,check_eyes_open,SKIP,frame=514 non-frontal (label=right); not judged,514
004,face_rgb,004_face_rgb.mp4,frame,check_face_blur,SKIP,frame=514 non-frontal (label=right); not judged,514
004,face_rgb,004_face_rgb.mp4,frame,check_brightness,SKIP,frame=514 non-frontal (label=right); not judged,514
004,face_rgb,004_face_rgb.mp4,frame,check_face_detected,PASS,frame=516 face detected,516
004,face_rgb,004_face_rgb.mp4,frame,check_head_fully,PASS,frame=516 Head is fully visible,516
004,face_rgb,004_face_rgb.mp4,frame,check_face_size,SKIP,frame=516 non-frontal (label=right); not judged,516
004,face_rgb,004_face_rgb.mp4,frame,check_eyes_open,SKIP,frame=516 non-frontal (label=right); not judged,516
004,face_rgb,004_face_rgb.mp4,frame,check_face_blur,SKIP,frame=516 non-frontal (label=right); not judged,516
004,face_rgb,004_face_rgb.mp4,frame,check_brightness,SKIP,frame=516 non-frontal (label=right); not judged,516
004,face_rgb,004_face_rgb.mp4,frame,check_face_detected,PASS,frame=520 face detected,520
004,face_rgb,004_face_rgb.mp4,frame,check_head_fully,PASS,frame=520 Head is fully visible,520
004,face_rgb,004_face_rgb.mp4,frame,check_face_size,SKIP,frame=520 non-frontal (label=right); not judged,520
004,face_rgb,004_face_rgb.mp4,frame,check_eyes_open,SKIP,frame=520 non-frontal (label=right); not judged,520
004,face_rgb,004_face_rgb.mp4,frame,check_face_blur,SKIP,frame=520 non-frontal (label=right); not judged,520
004,face_rgb,004_face_rgb.mp4,frame,check_brightness,SKIP,frame=520 non-frontal (label=right); not judged,520
004,face_rgb,004_face_rgb.mp4,frame,check_face_detected,PASS,frame=522 face detected,522
004,face_rgb,004_face_rgb.mp4,frame,check_head_fully,PASS,frame=522 Head is fully visible,522
004,face_rgb,004_face_rgb.mp4,frame,check_face_size,SKIP,frame=522 non-frontal (label=right); not judged,522
004,face_rgb,004_face_rgb.mp4,frame,check_eyes_open,SKIP,frame=522 non-frontal (label=right); not judged,522
004,face_rgb,004_face_rgb.mp4,frame,check_face_blur,SKIP,frame=522 non-frontal (label=right); not judged,522
004,face_rgb,004_face_rgb.mp4,frame,check_brightness,SKIP,frame=522 non-frontal (label=right); not judged,522
004,face_rgb,004_face_rgb.mp4,frame,check_face_detected,PASS,frame=524 face detected,524
004,face_rgb,004_face_rgb.mp4,frame,check_head_fully,PASS,frame=524 Head is fully visible,524
004,face_rgb,004_face_rgb.mp4,frame,check_face_size,SKIP,frame=524 non-frontal (label=right); not judged,524
004,face_rgb,004_face_rgb.mp4,frame,check_eyes_open,SKIP,frame=524 non-frontal (label=right); not judged,524
004,face_rgb,004_face_rgb.mp4,frame,check_face_blur,SKIP,frame=524 non-frontal (label=right); not judged,524
004,face_rgb,004_face_rgb.mp4,frame,check_brightness,SKIP,frame=524 non-frontal (label=right); not judged,524
004,face_rgb,004_face_rgb.mp4,frame,check_face_detected,PASS,frame=526 face detected,526
004,face_rgb,004_face_rgb.mp4,frame,check_head_fully,PASS,frame=526 Head is fully visible,526
004,face_rgb,004_face_rgb.mp4,frame,check_face_size,SKIP,frame=526 non-frontal (label=right); not judged,526
004,face_rgb,004_face_rgb.mp4,frame,check_eyes_open,SKIP,frame=526 non-frontal (label=right); not judged,526
004,face_rgb,004_face_rgb.mp4,frame,check_face_blur,SKIP,frame=526 non-frontal (label=right); not judged,526
004,face_rgb,004_face_rgb.mp4,frame,check_brightness,SKIP,frame=526 non-frontal (label=right); not judged,526
004,face_rgb,004_face_rgb.mp4,frame,check_face_detected,PASS,frame=528 face detected,528
004,face_rgb,004_face_rgb.mp4,frame,check_head_fully,PASS,frame=528 Head is fully visible,528
004,face_rgb,004_face_rgb.mp4,frame,check_face_size,SKIP,frame=528 non-frontal (label=right); not judged,528
004,face_rgb,004_face_rgb.mp4,frame,check_eyes_open,SKIP,frame=528 non-frontal (label=right); not judged,528
004,face_rgb,004_face_rgb.mp4,frame,check_face_blur,SKIP,frame=528 non-frontal (label=right); not judged,528
004,face_rgb,004_face_rgb.mp4,frame,check_brightness,SKIP,frame=528 non-frontal (label=right); not judged,528
004,face_rgb,004_face_rgb.mp4,frame,check_face_detected,PASS,frame=530 face detected,530
004,face_rgb,004_face_rgb.mp4,frame,check_head_fully,PASS,frame=530 Head is fully visible,530
004,face_rgb,004_face_rgb.mp4,frame,check_face_size,SKIP,frame=530 non-frontal (label=right); not judged,530
004,face_rgb,004_face_rgb.mp4,frame,check_eyes_open,SKIP,frame=530 non-frontal (label=right); not judged,530
004,face_rgb,004_face_rgb.mp4,frame,check_face_blur,SKIP,frame=530 non-frontal (label=right); not judged,530
004,face_rgb,004_face_rgb.mp4,frame,check_brightness,SKIP,frame=530 non-frontal (label=right); not judged,530
004,face_rgb,004_face_rgb.mp4,frame,check_face_detected,PASS,frame=532 face detected,532
004,face_rgb,004_face_rgb.mp4,frame,check_head_fully,PASS,frame=532 Head is fully visible,532
004,face_rgb,004_face_rgb.mp4,frame,check_face_size,SKIP,frame=532 non-frontal (label=right); not judged,532
004,face_rgb,004_face_rgb.mp4,frame,check_eyes_open,SKIP,frame=532 non-frontal (label=right); not judged,532
004,face_rgb,004_face_rgb.mp4,frame,check_face_blur,SKIP,frame=532 non-frontal (label=right); not judged,532
004,face_rgb,004_face_rgb.mp4,frame,check_brightness,SKIP,frame=532 non-frontal (label=right); not judged,532
004,face_rgb,004_face_rgb.mp4,frame,check_face_detected,PASS,frame=534 face detected,534
004,face_rgb,004_face_rgb.mp4,frame,check_head_fully,PASS,frame=534 Head is fully visible,534
004,face_rgb,004_face_rgb.mp4,frame,check_face_size,SKIP,frame=534 non-frontal (label=right); not judged,534
004,face_rgb,004_face_rgb.mp4,frame,check_eyes_open,SKIP,frame=534 non-frontal (label=right); not judged,534
004,face_rgb,004_face_rgb.mp4,frame,check_face_blur,SKIP,frame=534 non-frontal (label=right); not judged,534
004,face_rgb,004_face_rgb.mp4,frame,check_brightness,SKIP,frame=534 non-frontal (label=right); not judged,534
004,face_rgb,004_face_rgb.mp4,frame,check_face_detected,PASS,frame=536 face detected,536
004,face_rgb,004_face_rgb.mp4,frame,check_head_fully,PASS,frame=536 Head is fully visible,536
004,face_rgb,004_face_rgb.mp4,frame,check_face_size,SKIP,frame=536 non-frontal (label=right); not judged,536
004,face_rgb,004_face_rgb.mp4,frame,check_eyes_open,SKIP,frame=536 non-frontal (label=right); not judged,536
004,face_rgb,004_face_rgb.mp4,frame,check_face_blur,SKIP,frame=536 non-frontal (label=right); not judged,536
004,face_rgb,004_face_rgb.mp4,frame,check_brightness,SKIP,frame=536 non-frontal (label=right); not judged,536
004,face_rgb,004_face_rgb.mp4,frame,check_face_detected,PASS,frame=538 face detected,538
004,face_rgb,004_face_rgb.mp4,frame,check_head_fully,PASS,frame=538 Head is fully visible,538
004,face_rgb,004_face_rgb.mp4,frame,check_face_size,SKIP,frame=538 non-frontal (label=right); not judged,538
004,face_rgb,004_face_rgb.mp4,frame,check_eyes_open,SKIP,frame=538 non-frontal (label=right); not judged,538
004,face_rgb,004_face_rgb.mp4,frame,check_face_blur,SKIP,frame=538 non-frontal (label=right); not judged,538
004,face_rgb,004_face_rgb.mp4,frame,check_brightness,SKIP,frame=538 non-frontal (label=right); not judged,538
004,face_rgb,004_face_rgb.mp4,frame,check_face_detected,PASS,frame=540 face detected,540
004,face_rgb,004_face_rgb.mp4,frame,check_head_fully,PASS,frame=540 Head is fully visible,540
004,face_rgb,004_face_rgb.mp4,frame,check_face_size,SKIP,frame=540 non-frontal (label=right); not judged,540
004,face_rgb,004_face_rgb.mp4,frame,check_eyes_open,SKIP,frame=540 non-frontal (label=right); not judged,540
004,face_rgb,004_face_rgb.mp4,frame,check_face_blur,SKIP,frame=540 non-frontal (label=right); not judged,540
004,face_rgb,004_face_rgb.mp4,frame,check_brightness,SKIP,frame=540 non-frontal (label=right); not judged,540
004,face_rgb,004_face_rgb.mp4,frame,check_face_detected,PASS,frame=542 face detected,542
004,face_rgb,004_face_rgb.mp4,frame,check_head_fully,PASS,frame=542 Head is fully visible,542
004,face_rgb,004_face_rgb.mp4,frame,check_face_size,SKIP,frame=542 non-frontal (label=right); not judged,542
004,face_rgb,004_face_rgb.mp4,frame,check_eyes_open,SKIP,frame=542 non-frontal (label=right); not judged,542
004,face_rgb,004_face_rgb.mp4,frame,check_face_blur,SKIP,frame=542 non-frontal (label=right); not judged,542
004,face_rgb,004_face_rgb.mp4,frame,check_brightness,SKIP,frame=542 non-frontal (label=right); not judged,542
004,face_rgb,004_face_rgb.mp4,frame,check_face_detected,PASS,frame=544 face detected,544
004,face_rgb,004_face_rgb.mp4,frame,check_head_fully,PASS,frame=544 Head is fully visible,544
004,face_rgb,004_face_rgb.mp4,frame,check_face_size,SKIP,frame=544 non-frontal (label=right); not judged,544
004,face_rgb,004_face_rgb.mp4,frame,check_eyes_open,SKIP,frame=544 non-frontal (label=right); not judged,544
004,face_rgb,004_face_rgb.mp4,frame,check_face_blur,SKIP,frame=544 non-frontal (label=right); not judged,544
004,face_rgb,004_face_rgb.mp4,frame,check_brightness,SKIP,frame=544 non-frontal (label=right); not judged,544
004,face_rgb,004_face_rgb.mp4,frame,check_face_detected,PASS,frame=548 face detected,548
004,face_rgb,004_face_rgb.mp4,frame,check_head_fully,PASS,frame=548 Head is fully visible,548
004,face_rgb,004_face_rgb.mp4,frame,check_face_size,SKIP,frame=548 non-frontal (label=right); not judged,548
004,face_rgb,004_face_rgb.mp4,frame,check_eyes_open,SKIP,frame=548 non-frontal (label=right); not judged,548
004,face_rgb,004_face_rgb.mp4,frame,check_face_blur,SKIP,frame=548 non-frontal (label=right); not judged,548
004,face_rgb,004_face_rgb.mp4,frame,check_brightness,SKIP,frame=548 non-frontal (label=right); not judged,548
004,face_rgb,004_face_rgb.mp4,frame,check_face_detected,PASS,frame=550 face detected,550
004,face_rgb,004_face_rgb.mp4,frame,check_head_fully,PASS,frame=550 Head is fully visible,550
004,face_rgb,004_face_rgb.mp4,frame,check_face_size,SKIP,frame=550 non-frontal (label=right); not judged,550
004,face_rgb,004_face_rgb.mp4,frame,check_eyes_open,SKIP,frame=550 non-frontal (label=right); not judged,550
004,face_rgb,004_face_rgb.mp4,frame,check_face_blur,SKIP,frame=550 non-frontal (label=right); not judged,550
004,face_rgb,004_face_rgb.mp4,frame,check_brightness,SKIP,frame=550 non-frontal (label=right); not judged,550
004,face_rgb,004_face_rgb.mp4,frame,check_face_detected,PASS,frame=552 face detected,552
004,face_rgb,004_face_rgb.mp4,frame,check_head_fully,PASS,frame=552 Head is fully visible,552
004,face_rgb,004_face_rgb.mp4,frame,check_face_size,SKIP,frame=552 non-frontal (label=right); not judged,552
004,face_rgb,004_face_rgb.mp4,frame,check_eyes_open,SKIP,frame=552 non-frontal (label=right); not judged,552
004,face_rgb,004_face_rgb.mp4,frame,check_face_blur,SKIP,frame=552 non-frontal (label=right); not judged,552
004,face_rgb,004_face_rgb.mp4,frame,check_brightness,SKIP,frame=552 non-frontal (label=right); not judged,552
004,face_rgb,004_face_rgb.mp4,frame,check_face_detected,PASS,frame=554 face detected,554
004,face_rgb,004_face_rgb.mp4,frame,check_head_fully,PASS,frame=554 Head is fully visible,554
004,face_rgb,004_face_rgb.mp4,frame,check_face_size,SKIP,frame=554 non-frontal (label=right); not judged,554
004,face_rgb,004_face_rgb.mp4,frame,check_eyes_open,SKIP,frame=554 non-frontal (label=right); not judged,554
004,face_rgb,004_face_rgb.mp4,frame,check_face_blur,SKIP,frame=554 non-frontal (label=right); not judged,554
004,face_rgb,004_face_rgb.mp4,frame,check_brightness,SKIP,frame=554 non-frontal (label=right); not judged,554
004,face_rgb,004_face_rgb.mp4,frame,check_face_detected,PASS,frame=556 face detected,556
004,face_rgb,004_face_rgb.mp4,frame,check_head_fully,PASS,frame=556 Head is fully visible,556
004,face_rgb,004_face_rgb.mp4,frame,check_face_size,SKIP,frame=556 non-frontal (label=right); not judged,556
004,face_rgb,004_face_rgb.mp4,frame,check_eyes_open,SKIP,frame=556 non-frontal (label=right); not judged,556
004,face_rgb,004_face_rgb.mp4,frame,check_face_blur,SKIP,frame=556 non-frontal (label=right); not judged,556
004,face_rgb,004_face_rgb.mp4,frame,check_brightness,SKIP,frame=556 non-frontal (label=right); not judged,556
004,face_rgb,004_face_rgb.mp4,frame,check_face_detected,PASS,frame=558 face detected,558
004,face_rgb,004_face_rgb.mp4,frame,check_head_fully,PASS,frame=558 Head is fully visible,558
004,face_rgb,004_face_rgb.mp4,frame,check_face_size,SKIP,frame=558 non-frontal (label=right); not judged,558
004,face_rgb,004_face_rgb.mp4,frame,check_eyes_open,SKIP,frame=558 non-frontal (label=right); not judged,558
004,face_rgb,004_face_rgb.mp4,frame,check_face_blur,SKIP,frame=558 non-frontal (label=right); not judged,558
004,face_rgb,004_face_rgb.mp4,frame,check_brightness,SKIP,frame=558 non-frontal (label=right); not judged,558
004,face_rgb,004_face_rgb.mp4,frame,check_face_detected,PASS,frame=560 face detected,560
004,face_rgb,004_face_rgb.mp4,frame,check_head_fully,PASS,frame=560 Head is fully visible,560
004,face_rgb,004_face_rgb.mp4,frame,check_face_size,SKIP,frame=560 non-frontal (label=right); not judged,560
004,face_rgb,004_face_rgb.mp4,frame,check_eyes_open,SKIP,frame=560 non-frontal (label=right); not judged,560
004,face_rgb,004_face_rgb.mp4,frame,check_face_blur,SKIP,frame=560 non-frontal (label=right); not judged,560
004,face_rgb,004_face_rgb.mp4,frame,check_brightness,SKIP,frame=560 non-frontal (label=right); not judged,560
004,face_rgb,004_face_rgb.mp4,frame,check_face_detected,PASS,frame=562 face detected,562
004,face_rgb,004_face_rgb.mp4,frame,check_head_fully,PASS,frame=562 Head is fully visible,562
004,face_rgb,004_face_rgb.mp4,frame,check_face_size,SKIP,frame=562 non-frontal (label=right); not judged,562
004,face_rgb,004_face_rgb.mp4,frame,check_eyes_open,SKIP,frame=562 non-frontal (label=right); not judged,562
004,face_rgb,004_face_rgb.mp4,frame,check_face_blur,SKIP,frame=562 non-frontal (label=right); not judged,562
004,face_rgb,004_face_rgb.mp4,frame,check_brightness,SKIP,frame=562 non-frontal (label=right); not judged,562
004,face_rgb,004_face_rgb.mp4,frame,check_face_detected,PASS,frame=564 face detected,564
004,face_rgb,004_face_rgb.mp4,frame,check_head_fully,PASS,frame=564 Head is fully visible,564
004,face_rgb,004_face_rgb.mp4,frame,check_face_size,SKIP,frame=564 non-frontal (label=right); not judged,564
004,face_rgb,004_face_rgb.mp4,frame,check_eyes_open,SKIP,frame=564 non-frontal (label=right); not judged,564
004,face_rgb,004_face_rgb.mp4,frame,check_face_blur,SKIP,frame=564 non-frontal (label=right); not judged,564
004,face_rgb,004_face_rgb.mp4,frame,check_brightness,SKIP,frame=564 non-frontal (label=right); not judged,564
004,face_rgb,004_face_rgb.mp4,frame,check_face_detected,PASS,frame=566 face detected,566
004,face_rgb,004_face_rgb.mp4,frame,check_head_fully,PASS,frame=566 Head is fully visible,566
004,face_rgb,004_face_rgb.mp4,frame,check_face_size,SKIP,frame=566 non-frontal (label=right); not judged,566
004,face_rgb,004_face_rgb.mp4,frame,check_eyes_open,SKIP,frame=566 non-frontal (label=right); not judged,566
004,face_rgb,004_face_rgb.mp4,frame,check_face_blur,SKIP,frame=566 non-frontal (label=right); not judged,566
004,face_rgb,004_face_rgb.mp4,frame,check_brightness,SKIP,frame=566 non-frontal (label=right); not judged,566
004,face_rgb,004_face_rgb.mp4,frame,check_face_detected,PASS,frame=568 face detected,568
004,face_rgb,004_face_rgb.mp4,frame,check_head_fully,PASS,frame=568 Head is fully visible,568
004,face_rgb,004_face_rgb.mp4,frame,check_face_size,SKIP,frame=568 non-frontal (label=right); not judged,568
004,face_rgb,004_face_rgb.mp4,frame,check_eyes_open,SKIP,frame=568 non-frontal (label=right); not judged,568
004,face_rgb,004_face_rgb.mp4,frame,check_face_blur,SKIP,frame=568 non-frontal (label=right); not judged,568
004,face_rgb,004_face_rgb.mp4,frame,check_brightness,SKIP,frame=568 non-frontal (label=right); not judged,568
004,face_rgb,004_face_rgb.mp4,frame,check_face_detected,PASS,frame=570 face detected,570
004,face_rgb,004_face_rgb.mp4,frame,check_head_fully,PASS,frame=570 Head is fully visible,570
004,face_rgb,004_face_rgb.mp4,frame,check_face_size,SKIP,frame=570 non-frontal (label=right); not judged,570
004,face_rgb,004_face_rgb.mp4,frame,check_eyes_open,SKIP,frame=570 non-frontal (label=right); not judged,570
004,face_rgb,004_face_rgb.mp4,frame,check_face_blur,SKIP,frame=570 non-frontal (label=right); not judged,570
004,face_rgb,004_face_rgb.mp4,frame,check_brightness,SKIP,frame=570 non-frontal (label=right); not judged,570
004,face_rgb,004_face_rgb.mp4,frame,check_face_detected,PASS,frame=572 face detected,572
004,face_rgb,004_face_rgb.mp4,frame,check_head_fully,PASS,frame=572 Head is fully visible,572
004,face_rgb,004_face_rgb.mp4,frame,check_face_size,SKIP,frame=572 non-frontal (label=mid); not judged,572
004,face_rgb,004_face_rgb.mp4,frame,check_eyes_open,SKIP,frame=572 non-frontal (label=mid); not judged,572
004,face_rgb,004_face_rgb.mp4,frame,check_face_blur,SKIP,frame=572 non-frontal (label=mid); not judged,572
004,face_rgb,004_face_rgb.mp4,frame,check_brightness,SKIP,frame=572 non-frontal (label=mid); not judged,572
004,face_rgb,004_face_rgb.mp4,frame,check_face_detected,PASS,frame=576 face detected,576
004,face_rgb,004_face_rgb.mp4,frame,check_head_fully,PASS,frame=576 Head is fully visible,576
004,face_rgb,004_face_rgb.mp4,frame,check_face_size,SKIP,frame=576 non-frontal (label=mid); not judged,576
004,face_rgb,004_face_rgb.mp4,frame,check_eyes_open,SKIP,frame=576 non-frontal (label=mid); not judged,576
004,face_rgb,004_face_rgb.mp4,frame,check_face_blur,SKIP,frame=576 non-frontal (label=mid); not judged,576
004,face_rgb,004_face_rgb.mp4,frame,check_brightness,SKIP,frame=576 non-frontal (label=mid); not judged,576
004,face_rgb,004_face_rgb.mp4,frame,check_face_detected,PASS,frame=578 face detected,578
004,face_rgb,004_face_rgb.mp4,frame,check_head_fully,PASS,frame=578 Head is fully visible,578
004,face_rgb,004_face_rgb.mp4,frame,check_face_size,PASS,frame=578 face=620x728 >= 180x180,578
004,face_rgb,004_face_rgb.mp4,frame,check_eyes_open,PASS,"frame=578 eyes open (L=0.39, R=0.36 > 0.25)",578
004,face_rgb,004_face_rgb.mp4,frame,check_face_blur,FAIL,frame=578 blur variance=6.7 < 90,578
004,face_rgb,004_face_rgb.mp4,frame,check_brightness,PASS,frame=578 brightness normal; 35 <= 153 <=200,578
004,face_rgb,004_face_rgb.mp4,frame,check_face_detected,PASS,frame=580 face detected,580
004,face_rgb,004_face_rgb.mp4,frame,check_head_fully,PASS,frame=580 Head is fully visible,580
004,face_rgb,004_face_rgb.mp4,frame,check_face_size,PASS,frame=580 face=617x723 >= 180x180,580
004,face_rgb,004_face_rgb.mp4,frame,check_eyes_open,PASS,"frame=580 eyes open (L=0.39, R=0.37 > 0.25)",580
004,face_rgb,004_face_rgb.mp4,frame,check_face_blur,FAIL,frame=580 blur variance=7.0 < 90,580
004,face_rgb,004_face_rgb.mp4,frame,check_brightness,PASS,frame=580 brightness normal; 35 <= 153 <=200,580
004,face_rgb,004_face_rgb.mp4,frame,check_face_detected,PASS,frame=582 face detected,582
004,face_rgb,004_face_rgb.mp4,frame,check_head_fully,PASS,frame=582 Head is fully visible,582
004,face_rgb,004_face_rgb.mp4,frame,check_face_size,PASS,frame=582 face=626x733 >= 180x180,582
004,face_rgb,004_face_rgb.mp4,frame,check_eyes_open,PASS,"frame=582 eyes open (L=0.38, R=0.36 > 0.25)",582
004,face_rgb,004_face_rgb.mp4,frame,check_face_blur,FAIL,frame=582 blur variance=7.2 < 90,582
004,face_rgb,004_face_rgb.mp4,frame,check_brightness,PASS,frame=582 brightness normal; 35 <= 152 <=200,582
004,face_rgb,004_face_rgb.mp4,frame,check_face_detected,PASS,frame=584 face detected,584
004,face_rgb,004_face_rgb.mp4,frame,check_head_fully,PASS,frame=584 Head is fully visible,584
004,face_rgb,004_face_rgb.mp4,frame,check_face_size,PASS,frame=584 face=621x720 >= 180x180,584
004,face_rgb,004_face_rgb.mp4,frame,check_eyes_open,PASS,"frame=584 eyes open (L=0.38, R=0.36 > 0.25)",584
004,face_rgb,004_face_rgb.mp4,frame,check_face_blur,FAIL,frame=584 blur variance=7.8 < 90,584
004,face_rgb,004_face_rgb.mp4,frame,check_brightness,PASS,frame=584 brightness normal; 35 <= 151 <=200,584
004,face_rgb,004_face_rgb.mp4,frame,check_face_detected,PASS,frame=586 face detected,586
004,face_rgb,004_face_rgb.mp4,frame,check_head_fully,PASS,frame=586 Head is fully visible,586
004,face_rgb,004_face_rgb.mp4,frame,check_face_size,PASS,frame=586 face=624x715 >= 180x180,586
004,face_rgb,004_face_rgb.mp4,frame,check_eyes_open,PASS,"frame=586 eyes open (L=0.38, R=0.37 > 0.25)",586
004,face_rgb,004_face_rgb.mp4,frame,check_face_blur,FAIL,frame=586 blur variance=7.7 < 90,586
004,face_rgb,004_face_rgb.mp4,frame,check_brightness,PASS,frame=586 brightness normal; 35 <= 150 <=200,586
004,face_rgb,004_face_rgb.mp4,frame,check_face_detected,PASS,frame=588 face detected,588
004,face_rgb,004_face_rgb.mp4,frame,check_head_fully,PASS,frame=588 Head is fully visible,588
004,face_rgb,004_face_rgb.mp4,frame,check_face_size,PASS,frame=588 face=618x703 >= 180x180,588
004,face_rgb,004_face_rgb.mp4,frame,check_eyes_open,PASS,"frame=588 eyes open (L=0.38, R=0.39 > 0.25)",588
004,face_rgb,004_face_rgb.mp4,frame,check_face_blur,FAIL,frame=588 blur variance=7.7 < 90,588
004,face_rgb,004_face_rgb.mp4,frame,check_brightness,PASS,frame=588 brightness normal; 35 <= 150 <=200,588
004,face_rgb,004_face_rgb.mp4,frame,check_face_detected,PASS,frame=590 face detected,590
004,face_rgb,004_face_rgb.mp4,frame,check_head_fully,PASS,frame=590 Head is fully visible,590
004,face_rgb,004_face_rgb.mp4,frame,check_face_size,PASS,frame=590 face=615x702 >= 180x180,590
004,face_rgb,004_face_rgb.mp4,frame,check_eyes_open,PASS,"frame=590 eyes open (L=0.38, R=0.38 > 0.25)",590
004,face_rgb,004_face_rgb.mp4,frame,check_face_blur,FAIL,frame=590 blur variance=7.7 < 90,590
004,face_rgb,004_face_rgb.mp4,frame,check_brightness,PASS,frame=590 brightness normal; 35 <= 150 <=200,590
004,face_rgb,004_face_rgb.mp4,frame,check_face_detected,PASS,frame=592 face detected,592
004,face_rgb,004_face_rgb.mp4,frame,check_head_fully,PASS,frame=592 Head is fully visible,592
004,face_rgb,004_face_rgb.mp4,frame,check_face_size,PASS,frame=592 face=608x698 >= 180x180,592
004,face_rgb,004_face_rgb.mp4,frame,check_eyes_open,PASS,"frame=592 eyes open (L=0.38, R=0.39 > 0.25)",592
004,face_rgb,004_face_rgb.mp4,frame,check_face_blur,FAIL,frame=592 blur variance=7.8 < 90,592
004,face_rgb,004_face_rgb.mp4,frame,check_brightness,PASS,frame=592 brightness normal; 35 <= 150 <=200,592
004,face_rgb,004_face_rgb.mp4,frame,check_face_detected,PASS,frame=594 face detected,594
004,face_rgb,004_face_rgb.mp4,frame,check_head_fully,PASS,frame=594 Head is fully visible,594
004,face_rgb,004_face_rgb.mp4,frame,check_face_size,PASS,frame=594 face=608x697 >= 180x180,594
004,face_rgb,004_face_rgb.mp4,frame,check_eyes_open,PASS,"frame=594 eyes open (L=0.39, R=0.39 > 0.25)",594
004,face_rgb,004_face_rgb.mp4,frame,check_face_blur,FAIL,frame=594 blur variance=8.0 < 90,594
004,face_rgb,004_face_rgb.mp4,frame,check_brightness,PASS,frame=594 brightness normal; 35 <= 150 <=200,594
004,face_rgb,004_face_rgb.mp4,frame,check_face_detected,PASS,frame=596 face detected,596
004,face_rgb,004_face_rgb.mp4,frame,check_head_fully,PASS,frame=596 Head is fully visible,596
004,face_rgb,004_face_rgb.mp4,frame,check_face_size,PASS,frame=596 face=607x693 >= 180x180,596
004,face_rgb,004_face_rgb.mp4,frame,check_eyes_open,PASS,"frame=596 eyes open (L=0.38, R=0.38 > 0.25)",596
004,face_rgb,004_face_rgb.mp4,frame,check_face_blur,FAIL,frame=596 blur variance=8.0 < 90,596
004,face_rgb,004_face_rgb.mp4,frame,check_brightness,PASS,frame=596 brightness normal; 35 <= 150 <=200,596
004,face_rgb,004_face_rgb.mp4,frame,check_face_detected,PASS,frame=598 face detected,598
004,face_rgb,004_face_rgb.mp4,frame,check_head_fully,PASS,frame=598 Head is fully visible,598
004,face_rgb,004_face_rgb.mp4,frame,check_face_size,PASS,frame=598 face=605x697 >= 180x180,598
004,face_rgb,004_face_rgb.mp4,frame,check_eyes_open,PASS,"frame=598 eyes open (L=0.38, R=0.39 > 0.25)",598
004,face_rgb,004_face_rgb.mp4,frame,check_face_blur,FAIL,frame=598 blur variance=8.0 < 90,598
004,face_rgb,004_face_rgb.mp4,frame,check_brightness,PASS,frame=598 brightness normal; 35 <= 150 <=200,598
004,face_rgb,004_face_rgb.mp4,frame,check_face_detected,PASS,frame=600 face detected,600
004,face_rgb,004_face_rgb.mp4,frame,check_head_fully,PASS,frame=600 Head is fully visible,600
004,face_rgb,004_face_rgb.mp4,frame,check_face_size,PASS,frame=600 face=612x711 >= 180x180,600
004,face_rgb,004_face_rgb.mp4,frame,check_eyes_open,PASS,"frame=600 eyes open (L=0.37, R=0.38 > 0.25)",600
004,face_rgb,004_face_rgb.mp4,frame,check_face_blur,FAIL,frame=600 blur variance=9.0 < 90,600
004,face_rgb,004_face_rgb.mp4,frame,check_brightness,PASS,frame=600 brightness normal; 35 <= 151 <=200,600
004,face_rgb,004_face_rgb.mp4,frame,check_face_detected,PASS,frame=604 face detected,604
004,face_rgb,004_face_rgb.mp4,frame,check_head_fully,PASS,frame=604 Head is fully visible,604
004,face_rgb,004_face_rgb.mp4,frame,check_face_size,PASS,frame=604 face=618x720 >= 180x180,604
004,face_rgb,004_face_rgb.mp4,frame,check_eyes_open,PASS,"frame=604 eyes open (L=0.37, R=0.38 > 0.25)",604
004,face_rgb,004_face_rgb.mp4,frame,check_face_blur,FAIL,frame=604 blur variance=8.9 < 90,604
004,face_rgb,004_face_rgb.mp4,frame,check_brightness,PASS,frame=604 brightness normal; 35 <= 151 <=200,604
004,face_rgb,004_face_rgb.mp4,frame,check_face_detected,PASS,frame=606 face detected,606
004,face_rgb,004_face_rgb.mp4,frame,check_head_fully,PASS,frame=606 Head is fully visible,606
004,face_rgb,004_face_rgb.mp4,frame,check_face_size,PASS,frame=606 face=620x727 >= 180x180,606
004,face_rgb,004_face_rgb.mp4,frame,check_eyes_open,PASS,"frame=606 eyes open (L=0.38, R=0.37 > 0.25)",606
004,face_rgb,004_face_rgb.mp4,frame,check_face_blur,FAIL,frame=606 blur variance=8.9 < 90,606
004,face_rgb,004_face_rgb.mp4,frame,check_brightness,PASS,frame=606 brightness normal; 35 <= 150 <=200,606
004,face_rgb,004_face_rgb.mp4,frame,check_face_detected,PASS,frame=608 face detected,608
004,face_rgb,004_face_rgb.mp4,frame,check_head_fully,PASS,frame=608 Head is fully visible,608
004,face_rgb,004_face_rgb.mp4,frame,check_face_size,PASS,frame=608 face=625x733 >= 180x180,608
004,face_rgb,004_face_rgb.mp4,frame,check_eyes_open,PASS,"frame=608 eyes open (L=0.37, R=0.37 > 0.25)",608
004,face_rgb,004_face_rgb.mp4,frame,check_face_blur,FAIL,frame=608 blur variance=8.8 < 90,608
004,face_rgb,004_face_rgb.mp4,frame,check_brightness,PASS,frame=608 brightness normal; 35 <= 150 <=200,608
004,face_rgb,004_face_rgb.mp4,frame,check_face_detected,PASS,frame=610 face detected,610
004,face_rgb,004_face_rgb.mp4,frame,check_head_fully,PASS,frame=610 Head is fully visible,610
004,face_rgb,004_face_rgb.mp4,frame,check_face_size,PASS,frame=610 face=620x728 >= 180x180,610
004,face_rgb,004_face_rgb.mp4,frame,check_eyes_open,PASS,"frame=610 eyes open (L=0.37, R=0.37 > 0.25)",610
004,face_rgb,004_face_rgb.mp4,frame,check_face_blur,FAIL,frame=610 blur variance=8.6 < 90,610
004,face_rgb,004_face_rgb.mp4,frame,check_brightness,PASS,frame=610 brightness normal; 35 <= 150 <=200,610
004,face_rgb,004_face_rgb.mp4,frame,check_face_detected,PASS,frame=612 face detected,612
004,face_rgb,004_face_rgb.mp4,frame,check_head_fully,PASS,frame=612 Head is fully visible,612
004,face_rgb,004_face_rgb.mp4,frame,check_face_size,PASS,frame=612 face=621x729 >= 180x180,612
004,face_rgb,004_face_rgb.mp4,frame,check_eyes_open,PASS,"frame=612 eyes open (L=0.37, R=0.37 > 0.25)",612
004,face_rgb,004_face_rgb.mp4,frame,check_face_blur,FAIL,frame=612 blur variance=8.8 < 90,612
004,face_rgb,004_face_rgb.mp4,frame,check_brightness,PASS,frame=612 brightness normal; 35 <= 150 <=200,612
004,face_rgb,004_face_rgb.mp4,frame,check_face_detected,PASS,frame=614 face detected,614
004,face_rgb,004_face_rgb.mp4,frame,check_head_fully,PASS,frame=614 Head is fully visible,614
004,face_rgb,004_face_rgb.mp4,frame,check_face_size,PASS,frame=614 face=621x727 >= 180x180,614
004,face_rgb,004_face_rgb.mp4,frame,check_eyes_open,PASS,"frame=614 eyes open (L=0.37, R=0.37 > 0.25)",614
004,face_rgb,004_face_rgb.mp4,frame,check_face_blur,FAIL,frame=614 blur variance=8.9 < 90,614
004,face_rgb,004_face_rgb.mp4,frame,check_brightness,PASS,frame=614 brightness normal; 35 <= 150 <=200,614
004,face_rgb,004_face_rgb.mp4,frame,check_face_detected,PASS,frame=616 face detected,616
004,face_rgb,004_face_rgb.mp4,frame,check_head_fully,PASS,frame=616 Head is fully visible,616
004,face_rgb,004_face_rgb.mp4,frame,check_face_size,PASS,frame=616 face=620x725 >= 180x180,616
004,face_rgb,004_face_rgb.mp4,frame,check_eyes_open,PASS,"frame=616 eyes open (L=0.37, R=0.37 > 0.25)",616
004,face_rgb,004_face_rgb.mp4,frame,check_face_blur,FAIL,frame=616 blur variance=9.1 < 90,616
004,face_rgb,004_face_rgb.mp4,frame,check_brightness,PASS,frame=616 brightness normal; 35 <= 150 <=200,616
004,face_rgb,004_face_rgb.mp4,frame,check_face_detected,PASS,frame=618 face detected,618
004,face_rgb,004_face_rgb.mp4,frame,check_head_fully,PASS,frame=618 Head is fully visible,618
004,face_rgb,004_face_rgb.mp4,frame,check_face_size,PASS,frame=618 face=619x725 >= 180x180,618
004,face_rgb,004_face_rgb.mp4,frame,check_eyes_open,PASS,"frame=618 eyes open (L=0.37, R=0.38 > 0.25)",618
004,face_rgb,004_face_rgb.mp4,frame,check_face_blur,FAIL,frame=618 blur variance=9.2 < 90,618
004,face_rgb,004_face_rgb.mp4,frame,check_brightness,PASS,frame=618 brightness normal; 35 <= 150 <=200,618
004,face_rgb,004_face_rgb.mp4,frame,check_face_detected,PASS,frame=620 face detected,620
004,face_rgb,004_face_rgb.mp4,frame,check_head_fully,PASS,frame=620 Head is fully visible,620
004,face_rgb,004_face_rgb.mp4,frame,check_face_size,PASS,frame=620 face=620x724 >= 180x180,620
004,face_rgb,004_face_rgb.mp4,frame,check_eyes_open,PASS,"frame=620 eyes open (L=0.37, R=0.38 > 0.25)",620
004,face_rgb,004_face_rgb.mp4,frame,check_face_blur,FAIL,frame=620 blur variance=9.4 < 90,620
004,face_rgb,004_face_rgb.mp4,frame,check_brightness,PASS,frame=620 brightness normal; 35 <= 150 <=200,620
004,face_rgb,004_face_rgb.mp4,frame,check_face_detected,PASS,frame=622 face detected,622
004,face_rgb,004_face_rgb.mp4,frame,check_head_fully,PASS,frame=622 Head is fully visible,622
004,face_rgb,004_face_rgb.mp4,frame,check_face_size,PASS,frame=622 face=621x727 >= 180x180,622
004,face_rgb,004_face_rgb.mp4,frame,check_eyes_open,PASS,"frame=622 eyes open (L=0.37, R=0.37 > 0.25)",622
004,face_rgb,004_face_rgb.mp4,frame,check_face_blur,FAIL,frame=622 blur variance=9.4 < 90,622
004,face_rgb,004_face_rgb.mp4,frame,check_brightness,PASS,frame=622 brightness normal; 35 <= 150 <=200,622
004,face_rgb,004_face_rgb.mp4,frame,check_face_detected,PASS,frame=624 face detected,624
004,face_rgb,004_face_rgb.mp4,frame,check_head_fully,PASS,frame=624 Head is fully visible,624
004,face_rgb,004_face_rgb.mp4,frame,check_face_size,PASS,frame=624 face=624x728 >= 180x180,624
004,face_rgb,004_face_rgb.mp4,frame,check_eyes_open,PASS,"frame=624 eyes open (L=0.38, R=0.38 > 0.25)",624
004,face_rgb,004_face_rgb.mp4,frame,check_face_blur,FAIL,frame=624 blur variance=9.4 < 90,624
004,face_rgb,004_face_rgb.mp4,frame,check_brightness,PASS,frame=624 brightness normal; 35 <= 150 <=200,624
004,face_rgb,004_face_rgb.mp4,frame,check_face_detected,PASS,frame=626 face detected,626
004,face_rgb,004_face_rgb.mp4,frame,check_head_fully,PASS,frame=626 Head is fully visible,626
004,face_rgb,004_face_rgb.mp4,frame,check_face_size,PASS,frame=626 face=624x728 >= 180x180,626
004,face_rgb,004_face_rgb.mp4,frame,check_eyes_open,PASS,"frame=626 eyes open (L=0.37, R=0.38 > 0.25)",626
004,face_rgb,004_face_rgb.mp4,frame,check_face_blur,FAIL,frame=626 blur variance=9.4 < 90,626
004,face_rgb,004_face_rgb.mp4,frame,check_brightness,PASS,frame=626 brightness normal; 35 <= 150 <=200,626
004,face_rgb,004_face_rgb.mp4,frame,check_face_detected,PASS,frame=628 face detected,628
004,face_rgb,004_face_rgb.mp4,frame,check_head_fully,PASS,frame=628 Head is fully visible,628
004,face_rgb,004_face_rgb.mp4,frame,check_face_size,PASS,frame=628 face=619x726 >= 180x180,628
004,face_rgb,004_face_rgb.mp4,frame,check_eyes_open,PASS,"frame=628 eyes open (L=0.37, R=0.37 > 0.25)",628
004,face_rgb,004_face_rgb.mp4,frame,check_face_blur,FAIL,frame=628 blur variance=8.4 < 90,628
004,face_rgb,004_face_rgb.mp4,frame,check_brightness,PASS,frame=628 brightness normal; 35 <= 151 <=200,628
004,face_rgb,004_face_rgb.mp4,frame,check_face_detected,PASS,frame=632 face detected,632
004,face_rgb,004_face_rgb.mp4,frame,check_head_fully,PASS,frame=632 Head is fully visible,632
004,face_rgb,004_face_rgb.mp4,frame,check_face_size,PASS,frame=632 face=624x732 >= 180x180,632
004,face_rgb,004_face_rgb.mp4,frame,check_eyes_open,PASS,"frame=632 eyes open (L=0.38, R=0.38 > 0.25)",632
004,face_rgb,004_face_rgb.mp4,frame,check_face_blur,FAIL,frame=632 blur variance=8.0 < 90,632
004,face_rgb,004_face_rgb.mp4,frame,check_brightness,PASS,frame=632 brightness normal; 35 <= 151 <=200,632
004,face_rgb,004_face_rgb.mp4,frame,check_face_detected,PASS,frame=634 face detected,634
004,face_rgb,004_face_rgb.mp4,frame,check_head_fully,PASS,frame=634 Head is fully visible,634
004,face_rgb,004_face_rgb.mp4,frame,check_face_size,PASS,frame=634 face=621x732 >= 180x180,634
004,face_rgb,004_face_rgb.mp4,frame,check_eyes_open,PASS,"frame=634 eyes open (L=0.37, R=0.38 > 0.25)",634
004,face_rgb,004_face_rgb.mp4,frame,check_face_blur,FAIL,frame=634 blur variance=7.8 < 90,634
004,face_rgb,004_face_rgb.mp4,frame,check_brightness,PASS,frame=634 brightness normal; 35 <= 151 <=200,634
004,face_rgb,004_face_rgb.mp4,frame,check_face_detected,PASS,frame=636 face detected,636
004,face_rgb,004_face_rgb.mp4,frame,check_head_fully,PASS,frame=636 Head is fully visible,636
004,face_rgb,004_face_rgb.mp4,frame,check_face_size,PASS,frame=636 face=620x734 >= 180x180,636
004,face_rgb,004_face_rgb.mp4,frame,check_eyes_open,PASS,"frame=636 eyes open (L=0.37, R=0.37 > 0.25)",636
004,face_rgb,004_face_rgb.mp4,frame,check_face_blur,FAIL,frame=636 blur variance=7.5 < 90,636
004,face_rgb,004_face_rgb.mp4,frame,check_brightness,PASS,frame=636 brightness normal; 35 <= 151 <=200,636
004,face_rgb,004_face_rgb.mp4,frame,check_face_detected,PASS,frame=638 face detected,638
004,face_rgb,004_face_rgb.mp4,frame,check_head_fully,PASS,frame=638 Head is fully visible,638
004,face_rgb,004_face_rgb.mp4,frame,check_face_size,PASS,frame=638 face=619x734 >= 180x180,638
004,face_rgb,004_face_rgb.mp4,frame,check_eyes_open,PASS,"frame=638 eyes open (L=0.37, R=0.38 > 0.25)",638
004,face_rgb,004_face_rgb.mp4,frame,check_face_blur,FAIL,frame=638 blur variance=8.0 < 90,638
004,face_rgb,004_face_rgb.mp4,frame,check_brightness,PASS,frame=638 brightness normal; 35 <= 151 <=200,638
004,face_rgb,004_face_rgb.mp4,frame,check_face_detected,PASS,frame=640 face detected,640
004,face_rgb,004_face_rgb.mp4,frame,check_head_fully,PASS,frame=640 Head is fully visible,640
004,face_rgb,004_face_rgb.mp4,frame,check_face_size,PASS,frame=640 face=619x733 >= 180x180,640
004,face_rgb,004_face_rgb.mp4,frame,check_eyes_open,PASS,"frame=640 eyes open (L=0.37, R=0.38 > 0.25)",640
004,face_rgb,004_face_rgb.mp4,frame,check_face_blur,FAIL,frame=640 blur variance=8.2 < 90,640
004,face_rgb,004_face_rgb.mp4,frame,check_brightness,PASS,frame=640 brightness normal; 35 <= 151 <=200,640
004,face_rgb,004_face_rgb.mp4,frame,check_face_detected,PASS,frame=642 face detected,642
004,face_rgb,004_face_rgb.mp4,frame,check_head_fully,PASS,frame=642 Head is fully visible,642
004,face_rgb,004_face_rgb.mp4,frame,check_face_size,PASS,frame=642 face=620x729 >= 180x180,642
004,face_rgb,004_face_rgb.mp4,frame,check_eyes_open,PASS,"frame=642 eyes open (L=0.37, R=0.37 > 0.25)",642
004,face_rgb,004_face_rgb.mp4,frame,check_face_blur,FAIL,frame=642 blur variance=8.6 < 90,642
004,face_rgb,004_face_rgb.mp4,frame,check_brightness,PASS,frame=642 brightness normal; 35 <= 151 <=200,642
004,face_rgb,004_face_rgb.mp4,frame,check_face_detected,PASS,frame=644 face detected,644
004,face_rgb,004_face_rgb.mp4,frame,check_head_fully,PASS,frame=644 Head is fully visible,644
004,face_rgb,004_face_rgb.mp4,frame,check_face_size,PASS,frame=644 face=619x725 >= 180x180,644
004,face_rgb,004_face_rgb.mp4,frame,check_eyes_open,PASS,"frame=644 eyes open (L=0.37, R=0.38 > 0.25)",644
004,face_rgb,004_face_rgb.mp4,frame,check_face_blur,FAIL,frame=644 blur variance=8.8 < 90,644
004,face_rgb,004_face_rgb.mp4,frame,check_brightness,PASS,frame=644 brightness normal; 35 <= 151 <=200,644
004,face_rgb,004_face_rgb.mp4,frame,check_face_detected,PASS,frame=646 face detected,646
004,face_rgb,004_face_rgb.mp4,frame,check_head_fully,PASS,frame=646 Head is fully visible,646
004,face_rgb,004_face_rgb.mp4,frame,check_face_size,PASS,frame=646 face=617x725 >= 180x180,646
004,face_rgb,004_face_rgb.mp4,frame,check_eyes_open,PASS,"frame=646 eyes open (L=0.37, R=0.37 > 0.25)",646
004,face_rgb,004_face_rgb.mp4,frame,check_face_blur,FAIL,frame=646 blur variance=8.8 < 90,646
004,face_rgb,004_face_rgb.mp4,frame,check_brightness,PASS,frame=646 brightness normal; 35 <= 151 <=200,646
004,face_rgb,004_face_rgb.mp4,frame,check_face_detected,PASS,frame=648 face detected,648
004,face_rgb,004_face_rgb.mp4,frame,check_head_fully,PASS,frame=648 Head is fully visible,648
004,face_rgb,004_face_rgb.mp4,frame,check_face_size,PASS,frame=648 face=616x722 >= 180x180,648
004,face_rgb,004_face_rgb.mp4,frame,check_eyes_open,PASS,"frame=648 eyes open (L=0.37, R=0.38 > 0.25)",648
004,face_rgb,004_face_rgb.mp4,frame,check_face_blur,FAIL,frame=648 blur variance=9.3 < 90,648
004,face_rgb,004_face_rgb.mp4,frame,check_brightness,PASS,frame=648 brightness normal; 35 <= 151 <=200,648
004,face_rgb,004_face_rgb.mp4,frame,check_face_detected,PASS,frame=650 face detected,650
004,face_rgb,004_face_rgb.mp4,frame,check_head_fully,PASS,frame=650 Head is fully visible,650
004,face_rgb,004_face_rgb.mp4,frame,check_face_size,PASS,frame=650 face=615x723 >= 180x180,650
004,face_rgb,004_face_rgb.mp4,frame,check_eyes_open,PASS,"frame=650 eyes open (L=0.36, R=0.37 > 0.25)",650
004,face_rgb,004_face_rgb.mp4,frame,check_face_blur,FAIL,frame=650 blur variance=9.2 < 90,650
004,face_rgb,004_face_rgb.mp4,frame,check_brightness,PASS,frame=650 brightness normal; 35 <= 151 <=200,650
004,face_rgb,004_face_rgb.mp4,frame,check_face_detected,PASS,frame=652 face detected,652
004,face_rgb,004_face_rgb.mp4,frame,check_head_fully,PASS,frame=652 Head is fully visible,652
004,face_rgb,004_face_rgb.mp4,frame,check_face_size,PASS,frame=652 face=616x723 >= 180x180,652
004,face_rgb,004_face_rgb.mp4,frame,check_eyes_open,PASS,"frame=652 eyes open (L=0.37, R=0.38 > 0.25)",652
004,face_rgb,004_face_rgb.mp4,frame,check_face_blur,FAIL,frame=652 blur variance=9.2 < 90,652
004,face_rgb,004_face_rgb.mp4,frame,check_brightness,PASS,frame=652 brightness normal; 35 <= 151 <=200,652
004,face_rgb,004_face_rgb.mp4,frame,check_face_detected,PASS,frame=654 face detected,654
004,face_rgb,004_face_rgb.mp4,frame,check_head_fully,PASS,frame=654 Head is fully visible,654
004,face_rgb,004_face_rgb.mp4,frame,check_face_size,PASS,frame=654 face=616x723 >= 180x180,654
004,face_rgb,004_face_rgb.mp4,frame,check_eyes_open,PASS,"frame=654 eyes open (L=0.37, R=0.37 > 0.25)",654
004,face_rgb,004_face_rgb.mp4,frame,check_face_blur,FAIL,frame=654 blur variance=8.5 < 90,654
004,face_rgb,004_face_rgb.mp4,frame,check_brightness,PASS,frame=654 brightness normal; 35 <= 151 <=200,654
004,face_rgb,004_face_rgb.mp4,frame,check_face_detected,PASS,frame=656 face detected,656
004,face_rgb,004_face_rgb.mp4,frame,check_head_fully,PASS,frame=656 Head is fully visible,656
004,face_rgb,004_face_rgb.mp4,frame,check_face_size,PASS,frame=656 face=616x721 >= 180x180,656
004,face_rgb,004_face_rgb.mp4,frame,check_eyes_open,PASS,"frame=656 eyes open (L=0.37, R=0.37 > 0.25)",656
004,face_rgb,004_face_rgb.mp4,frame,check_face_blur,FAIL,frame=656 blur variance=8.4 < 90,656
004,face_rgb,004_face_rgb.mp4,frame,check_brightness,PASS,frame=656 brightness normal; 35 <= 151 <=200,656
004,face_rgb,004_face_rgb.mp4,frame,check_face_detected,PASS,frame=658 face detected,658
004,face_rgb,004_face_rgb.mp4,frame,check_head_fully,PASS,frame=658 Head is fully visible,658
004,face_rgb,004_face_rgb.mp4,frame,check_face_size,PASS,frame=658 face=616x722 >= 180x180,658
004,face_rgb,004_face_rgb.mp4,frame,check_eyes_open,PASS,"frame=658 eyes open (L=0.36, R=0.38 > 0.25)",658
004,face_rgb,004_face_rgb.mp4,frame,check_face_blur,FAIL,frame=658 blur variance=9.6 < 90,658
004,face_rgb,004_face_rgb.mp4,frame,check_brightness,PASS,frame=658 brightness normal; 35 <= 151 <=200,658
004,face_rgb,004_face_rgb.mp4,frame,check_face_detected,PASS,frame=662 face detected,662
004,face_rgb,004_face_rgb.mp4,frame,check_head_fully,PASS,frame=662 Head is fully visible,662
004,face_rgb,004_face_rgb.mp4,frame,check_face_size,PASS,frame=662 face=618x724 >= 180x180,662
004,face_rgb,004_face_rgb.mp4,frame,check_eyes_open,PASS,"frame=662 eyes open (L=0.37, R=0.37 > 0.25)",662
004,face_rgb,004_face_rgb.mp4,frame,check_face_blur,FAIL,frame=662 blur variance=9.2 < 90,662
004,face_rgb,004_face_rgb.mp4,frame,check_brightness,PASS,frame=662 brightness normal; 35 <= 151 <=200,662
004,face_rgb,004_face_rgb.mp4,frame,check_face_detected,PASS,frame=664 face detected,664
004,face_rgb,004_face_rgb.mp4,frame,check_head_fully,PASS,frame=664 Head is fully visible,664
004,face_rgb,004_face_rgb.mp4,frame,check_face_size,PASS,frame=664 face=619x723 >= 180x180,664
004,face_rgb,004_face_rgb.mp4,frame,check_eyes_open,PASS,"frame=664 eyes open (L=0.37, R=0.37 > 0.25)",664
004,face_rgb,004_face_rgb.mp4,frame,check_face_blur,FAIL,frame=664 blur variance=9.2 < 90,664
004,face_rgb,004_face_rgb.mp4,frame,check_brightness,PASS,frame=664 brightness normal; 35 <= 151 <=200,664
004,face_rgb,004_face_rgb.mp4,frame,check_face_detected,PASS,frame=666 face detected,666
004,face_rgb,004_face_rgb.mp4,frame,check_head_fully,PASS,frame=666 Head is fully visible,666
004,face_rgb,004_face_rgb.mp4,frame,check_face_size,PASS,frame=666 face=619x722 >= 180x180,666
004,face_rgb,004_face_rgb.mp4,frame,check_eyes_open,PASS,"frame=666 eyes open (L=0.38, R=0.37 > 0.25)",666
004,face_rgb,004_face_rgb.mp4,frame,check_face_blur,FAIL,frame=666 blur variance=9.2 < 90,666
004,face_rgb,004_face_rgb.mp4,frame,check_brightness,PASS,frame=666 brightness normal; 35 <= 151 <=200,666
004,face_rgb,004_face_rgb.mp4,frame,check_face_detected,PASS,frame=668 face detected,668
004,face_rgb,004_face_rgb.mp4,frame,check_head_fully,PASS,frame=668 Head is fully visible,668
004,face_rgb,004_face_rgb.mp4,frame,check_face_size,PASS,frame=668 face=616x720 >= 180x180,668
004,face_rgb,004_face_rgb.mp4,frame,check_eyes_open,PASS,"frame=668 eyes open (L=0.37, R=0.37 > 0.25)",668
004,face_rgb,004_face_rgb.mp4,frame,check_face_blur,FAIL,frame=668 blur variance=9.1 < 90,668
004,face_rgb,004_face_rgb.mp4,frame,check_brightness,PASS,frame=668 brightness normal; 35 <= 151 <=200,668
004,face_rgb,004_face_rgb.mp4,frame,check_face_detected,PASS,frame=670 face detected,670
004,face_rgb,004_face_rgb.mp4,frame,check_head_fully,PASS,frame=670 Head is fully visible,670
004,face_rgb,004_face_rgb.mp4,frame,check_face_size,PASS,frame=670 face=617x721 >= 180x180,670
004,face_rgb,004_face_rgb.mp4,frame,check_eyes_open,PASS,"frame=670 eyes open (L=0.37, R=0.37 > 0.25)",670
004,face_rgb,004_face_rgb.mp4,frame,check_face_blur,FAIL,frame=670 blur variance=9.1 < 90,670
004,face_rgb,004_face_rgb.mp4,frame,check_brightness,PASS,frame=670 brightness normal; 35 <= 151 <=200,670
004,face_rgb,004_face_rgb.mp4,frame,check_face_detected,PASS,frame=672 face detected,672
004,face_rgb,004_face_rgb.mp4,frame,check_head_fully,PASS,frame=672 Head is fully visible,672
004,face_rgb,004_face_rgb.mp4,frame,check_face_size,PASS,frame=672 face=618x723 >= 180x180,672
004,face_rgb,004_face_rgb.mp4,frame,check_eyes_open,PASS,"frame=672 eyes open (L=0.37, R=0.37 > 0.25)",672
004,face_rgb,004_face_rgb.mp4,frame,check_face_blur,FAIL,frame=672 blur variance=9.1 < 90,672
004,face_rgb,004_face_rgb.mp4,frame,check_brightness,PASS,frame=672 brightness normal; 35 <= 151 <=200,672
004,face_rgb,004_face_rgb.mp4,frame,check_face_detected,PASS,frame=674 face detected,674
004,face_rgb,004_face_rgb.mp4,frame,check_head_fully,PASS,frame=674 Head is fully visible,674
004,face_rgb,004_face_rgb.mp4,frame,check_face_size,PASS,frame=674 face=617x723 >= 180x180,674
004,face_rgb,004_face_rgb.mp4,frame,check_eyes_open,PASS,"frame=674 eyes open (L=0.37, R=0.37 > 0.25)",674
004,face_rgb,004_face_rgb.mp4,frame,check_face_blur,FAIL,frame=674 blur variance=9.1 < 90,674
004,face_rgb,004_face_rgb.mp4,frame,check_brightness,PASS,frame=674 brightness normal; 35 <= 151 <=200,674
004,face_rgb,004_face_rgb.mp4,frame,check_face_detected,PASS,frame=676 face detected,676
004,face_rgb,004_face_rgb.mp4,frame,check_head_fully,PASS,frame=676 Head is fully visible,676
004,face_rgb,004_face_rgb.mp4,frame,check_face_size,PASS,frame=676 face=618x723 >= 180x180,676
004,face_rgb,004_face_rgb.mp4,frame,check_eyes_open,PASS,"frame=676 eyes open (L=0.36, R=0.37 > 0.25)",676
004,face_rgb,004_face_rgb.mp4,frame,check_face_blur,FAIL,frame=676 blur variance=9.2 < 90,676
004,face_rgb,004_face_rgb.mp4,frame,check_brightness,PASS,frame=676 brightness normal; 35 <= 151 <=200,676
004,face_rgb,004_face_rgb.mp4,frame,check_face_detected,PASS,frame=678 face detected,678
004,face_rgb,004_face_rgb.mp4,frame,check_head_fully,PASS,frame=678 Head is fully visible,678
004,face_rgb,004_face_rgb.mp4,frame,check_face_size,PASS,frame=678 face=618x721 >= 180x180,678
004,face_rgb,004_face_rgb.mp4,frame,check_eyes_open,PASS,"frame=678 eyes open (L=0.37, R=0.37 > 0.25)",678
004,face_rgb,004_face_rgb.mp4,frame,check_face_blur,FAIL,frame=678 blur variance=9.2 < 90,678
004,face_rgb,004_face_rgb.mp4,frame,check_brightness,PASS,frame=678 brightness normal; 35 <= 151 <=200,678
004,face_rgb,004_face_rgb.mp4,frame,check_face_detected,PASS,frame=680 face detected,680
004,face_rgb,004_face_rgb.mp4,frame,check_head_fully,PASS,frame=680 Head is fully visible,680
004,face_rgb,004_face_rgb.mp4,frame,check_face_size,PASS,frame=680 face=616x721 >= 180x180,680
004,face_rgb,004_face_rgb.mp4,frame,check_eyes_open,PASS,"frame=680 eyes open (L=0.36, R=0.37 > 0.25)",680
004,face_rgb,004_face_rgb.mp4,frame,check_face_blur,FAIL,frame=680 blur variance=9.2 < 90,680
004,face_rgb,004_face_rgb.mp4,frame,check_brightness,PASS,frame=680 brightness normal; 35 <= 151 <=200,680
004,face_rgb,004_face_rgb.mp4,frame,check_face_detected,PASS,frame=682 face detected,682
004,face_rgb,004_face_rgb.mp4,frame,check_head_fully,PASS,frame=682 Head is fully visible,682
004,face_rgb,004_face_rgb.mp4,frame,check_face_size,PASS,frame=682 face=615x717 >= 180x180,682
004,face_rgb,004_face_rgb.mp4,frame,check_eyes_open,PASS,"frame=682 eyes open (L=0.36, R=0.38 > 0.25)",682
004,face_rgb,004_face_rgb.mp4,frame,check_face_blur,FAIL,frame=682 blur variance=9.2 < 90,682
004,face_rgb,004_face_rgb.mp4,frame,check_brightness,PASS,frame=682 brightness normal; 35 <= 151 <=200,682
004,face_rgb,004_face_rgb.mp4,frame,check_face_detected,PASS,frame=684 face detected,684
004,face_rgb,004_face_rgb.mp4,frame,check_head_fully,PASS,frame=684 Head is fully visible,684
004,face_rgb,004_face_rgb.mp4,frame,check_face_size,PASS,frame=684 face=617x720 >= 180x180,684
004,face_rgb,004_face_rgb.mp4,frame,check_eyes_open,PASS,"frame=684 eyes open (L=0.36, R=0.37 > 0.25)",684
004,face_rgb,004_face_rgb.mp4,frame,check_face_blur,FAIL,frame=684 blur variance=9.3 < 90,684
004,face_rgb,004_face_rgb.mp4,frame,check_brightness,PASS,frame=684 brightness normal; 35 <= 151 <=200,684
004,face_rgb,004_face_rgb.mp4,frame,check_face_detected,PASS,frame=686 face detected,686
004,face_rgb,004_face_rgb.mp4,frame,check_head_fully,PASS,frame=686 Head is fully visible,686
004,face_rgb,004_face_rgb.mp4,frame,check_face_size,PASS,frame=686 face=618x722 >= 180x180,686
004,face_rgb,004_face_rgb.mp4,frame,check_eyes_open,PASS,"frame=686 eyes open (L=0.36, R=0.37 > 0.25)",686
004,face_rgb,004_face_rgb.mp4,frame,check_face_blur,FAIL,frame=686 blur variance=8.2 < 90,686
004,face_rgb,004_face_rgb.mp4,frame,check_brightness,PASS,frame=686 brightness normal; 35 <= 152 <=200,686
004,face_rgb,004_face_rgb.mp4,frame,check_face_detected,PASS,frame=690 face detected,690
004,face_rgb,004_face_rgb.mp4,frame,check_head_fully,PASS,frame=690 Head is fully visible,690
004,face_rgb,004_face_rgb.mp4,frame,check_face_size,PASS,frame=690 face=613x716 >= 180x180,690
004,face_rgb,004_face_rgb.mp4,frame,check_eyes_open,PASS,"frame=690 eyes open (L=0.37, R=0.37 > 0.25)",690
004,face_rgb,004_face_rgb.mp4,frame,check_face_blur,FAIL,frame=690 blur variance=8.0 < 90,690
004,face_rgb,004_face_rgb.mp4,frame,check_brightness,PASS,frame=690 brightness normal; 35 <= 152 <=200,690
004,face_rgb,004_face_rgb.mp4,frame,check_face_detected,PASS,frame=692 face detected,692
004,face_rgb,004_face_rgb.mp4,frame,check_head_fully,PASS,frame=692 Head is fully visible,692
004,face_rgb,004_face_rgb.mp4,frame,check_face_size,PASS,frame=692 face=608x712 >= 180x180,692
004,face_rgb,004_face_rgb.mp4,frame,check_eyes_open,PASS,"frame=692 eyes open (L=0.37, R=0.38 > 0.25)",692
004,face_rgb,004_face_rgb.mp4,frame,check_face_blur,FAIL,frame=692 blur variance=8.0 < 90,692
004,face_rgb,004_face_rgb.mp4,frame,check_brightness,PASS,frame=692 brightness normal; 35 <= 152 <=200,692
004,face_rgb,004_face_rgb.mp4,frame,check_face_detected,PASS,frame=694 face detected,694
004,face_rgb,004_face_rgb.mp4,frame,check_head_fully,PASS,frame=694 Head is fully visible,694
004,face_rgb,004_face_rgb.mp4,frame,check_face_size,PASS,frame=694 face=612x726 >= 180x180,694
004,face_rgb,004_face_rgb.mp4,frame,check_eyes_open,PASS,"frame=694 eyes open (L=0.37, R=0.37 > 0.25)",694
004,face_rgb,004_face_rgb.mp4,frame,check_face_blur,FAIL,frame=694 blur variance=7.6 < 90,694
004,face_rgb,004_face_rgb.mp4,frame,check_brightness,PASS,frame=694 brightness normal; 35 <= 152 <=200,694
004,face_rgb,004_face_rgb.mp4,frame,check_face_detected,PASS,frame=696 face detected,696
004,face_rgb,004_face_rgb.mp4,frame,check_head_fully,PASS,frame=696 Head is fully visible,696
004,face_rgb,004_face_rgb.mp4,frame,check_face_size,PASS,frame=696 face=616x734 >= 180x180,696
004,face_rgb,004_face_rgb.mp4,frame,check_eyes_open,PASS,"frame=696 eyes open (L=0.37, R=0.36 > 0.25)",696
004,face_rgb,004_face_rgb.mp4,frame,check_face_blur,FAIL,frame=696 blur variance=7.3 < 90,696
004,face_rgb,004_face_rgb.mp4,frame,check_brightness,PASS,frame=696 brightness normal; 35 <= 154 <=200,696
004,face_rgb,004_face_rgb.mp4,frame,check_face_detected,PASS,frame=698 face detected,698
004,face_rgb,004_face_rgb.mp4,frame,check_head_fully,PASS,frame=698 Head is fully visible,698
004,face_rgb,004_face_rgb.mp4,frame,check_face_size,PASS,frame=698 face=606x710 >= 180x180,698
004,face_rgb,004_face_rgb.mp4,frame,check_eyes_open,PASS,"frame=698 eyes open (L=0.37, R=0.37 > 0.25)",698
004,face_rgb,004_face_rgb.mp4,frame,check_face_blur,FAIL,frame=698 blur variance=8.7 < 90,698
004,face_rgb,004_face_rgb.mp4,frame,check_brightness,PASS,frame=698 brightness normal; 35 <= 156 <=200,698
004,face_rgb,004_face_rgb.mp4,frame,check_face_detected,PASS,frame=700 face detected,700
004,face_rgb,004_face_rgb.mp4,frame,check_head_fully,PASS,frame=700 Head is fully visible,700
004,face_rgb,004_face_rgb.mp4,frame,check_face_size,PASS,frame=700 face=596x663 >= 180x180,700
004,face_rgb,004_face_rgb.mp4,frame,check_eyes_open,PASS,"frame=700 eyes open (L=0.38, R=0.40 > 0.25)",700
004,face_rgb,004_face_rgb.mp4,frame,check_face_blur,FAIL,frame=700 blur variance=8.6 < 90,700
004,face_rgb,004_face_rgb.mp4,frame,check_brightness,PASS,frame=700 brightness normal; 35 <= 160 <=200,700
004,face_rgb,004_face_rgb.mp4,frame,check_face_detected,PASS,frame=702 face detected,702
004,face_rgb,004_face_rgb.mp4,frame,check_head_fully,PASS,frame=702 Head is fully visible,702
004,face_rgb,004_face_rgb.mp4,frame,check_face_size,SKIP,frame=702 non-frontal (label=up); not judged,702
004,face_rgb,004_face_rgb.mp4,frame,check_eyes_open,SKIP,frame=702 non-frontal (label=up); not judged,702
004,face_rgb,004_face_rgb.mp4,frame,check_face_blur,SKIP,frame=702 non-frontal (label=up); not judged,702
004,face_rgb,004_face_rgb.mp4,frame,check_brightness,SKIP,frame=702 non-frontal (label=up); not judged,702
004,face_rgb,004_face_rgb.mp4,frame,check_face_detected,PASS,frame=704 face detected,704
004,face_rgb,004_face_rgb.mp4,frame,check_head_fully,PASS,frame=704 Head is fully visible,704
004,face_rgb,004_face_rgb.mp4,frame,check_face_size,SKIP,frame=704 non-frontal (label=up); not judged,704
004,face_rgb,004_face_rgb.mp4,frame,check_eyes_open,SKIP,frame=704 non-frontal (label=up); not judged,704
004,face_rgb,004_face_rgb.mp4,frame,check_face_blur,SKIP,frame=704 non-frontal (label=up); not judged,704
004,face_rgb,004_face_rgb.mp4,frame,check_brightness,SKIP,frame=704 non-frontal (label=up); not judged,704
004,face_rgb,004_face_rgb.mp4,frame,check_face_detected,PASS,frame=706 face detected,706
004,face_rgb,004_face_rgb.mp4,frame,check_head_fully,PASS,frame=706 Head is fully visible,706
004,face_rgb,004_face_rgb.mp4,frame,check_face_size,SKIP,frame=706 non-frontal (label=up); not judged,706
004,face_rgb,004_face_rgb.mp4,frame,check_eyes_open,SKIP,frame=706 non-frontal (label=up); not judged,706
004,face_rgb,004_face_rgb.mp4,frame,check_face_blur,SKIP,frame=706 non-frontal (label=up); not judged,706
004,face_rgb,004_face_rgb.mp4,frame,check_brightness,SKIP,frame=706 non-frontal (label=up); not judged,706
004,face_rgb,004_face_rgb.mp4,frame,check_face_detected,PASS,frame=708 face detected,708
004,face_rgb,004_face_rgb.mp4,frame,check_head_fully,PASS,frame=708 Head is fully visible,708
004,face_rgb,004_face_rgb.mp4,frame,check_face_size,SKIP,frame=708 non-frontal (label=up); not judged,708
004,face_rgb,004_face_rgb.mp4,frame,check_eyes_open,SKIP,frame=708 non-frontal (label=up); not judged,708
004,face_rgb,004_face_rgb.mp4,frame,check_face_blur,SKIP,frame=708 non-frontal (label=up); not judged,708
004,face_rgb,004_face_rgb.mp4,frame,check_brightness,SKIP,frame=708 non-frontal (label=up); not judged,708
004,face_rgb,004_face_rgb.mp4,frame,check_face_detected,PASS,frame=710 face detected,710
004,face_rgb,004_face_rgb.mp4,frame,check_head_fully,PASS,frame=710 Head is fully visible,710
004,face_rgb,004_face_rgb.mp4,frame,check_face_size,SKIP,frame=710 non-frontal (label=up); not judged,710
004,face_rgb,004_face_rgb.mp4,frame,check_eyes_open,SKIP,frame=710 non-frontal (label=up); not judged,710
004,face_rgb,004_face_rgb.mp4,frame,check_face_blur,SKIP,frame=710 non-frontal (label=up); not judged,710
004,face_rgb,004_face_rgb.mp4,frame,check_brightness,SKIP,frame=710 non-frontal (label=up); not judged,710
004,face_rgb,004_face_rgb.mp4,frame,check_face_detected,PASS,frame=712 face detected,712
004,face_rgb,004_face_rgb.mp4,frame,check_head_fully,PASS,frame=712 Head is fully visible,712
004,face_rgb,004_face_rgb.mp4,frame,check_face_size,SKIP,frame=712 non-frontal (label=up); not judged,712
004,face_rgb,004_face_rgb.mp4,frame,check_eyes_open,SKIP,frame=712 non-frontal (label=up); not judged,712
004,face_rgb,004_face_rgb.mp4,frame,check_face_blur,SKIP,frame=712 non-frontal (label=up); not judged,712
004,face_rgb,004_face_rgb.mp4,frame,check_brightness,SKIP,frame=712 non-frontal (label=up); not judged,712
004,face_rgb,004_face_rgb.mp4,frame,check_face_detected,PASS,frame=714 face detected,714
004,face_rgb,004_face_rgb.mp4,frame,check_head_fully,PASS,frame=714 Head is fully visible,714
004,face_rgb,004_face_rgb.mp4,frame,check_face_size,SKIP,frame=714 non-frontal (label=up); not judged,714
004,face_rgb,004_face_rgb.mp4,frame,check_eyes_open,SKIP,frame=714 non-frontal (label=up); not judged,714
004,face_rgb,004_face_rgb.mp4,frame,check_face_blur,SKIP,frame=714 non-frontal (label=up); not judged,714
004,face_rgb,004_face_rgb.mp4,frame,check_brightness,SKIP,frame=714 non-frontal (label=up); not judged,714
004,face_rgb,004_face_rgb.mp4,frame,check_face_detected,PASS,frame=718 face detected,718
004,face_rgb,004_face_rgb.mp4,frame,check_head_fully,PASS,frame=718 Head is fully visible,718
004,face_rgb,004_face_rgb.mp4,frame,check_face_size,SKIP,frame=718 non-frontal (label=up); not judged,718
004,face_rgb,004_face_rgb.mp4,frame,check_eyes_open,SKIP,frame=718 non-frontal (label=up); not judged,718
004,face_rgb,004_face_rgb.mp4,frame,check_face_blur,SKIP,frame=718 non-frontal (label=up); not judged,718
004,face_rgb,004_face_rgb.mp4,frame,check_brightness,SKIP,frame=718 non-frontal (label=up); not judged,718
004,face_rgb,004_face_rgb.mp4,frame,check_face_detected,PASS,frame=720 face detected,720
004,face_rgb,004_face_rgb.mp4,frame,check_head_fully,PASS,frame=720 Head is fully visible,720
004,face_rgb,004_face_rgb.mp4,frame,check_face_size,SKIP,frame=720 non-frontal (label=up); not judged,720
004,face_rgb,004_face_rgb.mp4,frame,check_eyes_open,SKIP,frame=720 non-frontal (label=up); not judged,720
004,face_rgb,004_face_rgb.mp4,frame,check_face_blur,SKIP,frame=720 non-frontal (label=up); not judged,720
004,face_rgb,004_face_rgb.mp4,frame,check_brightness,SKIP,frame=720 non-frontal (label=up); not judged,720
004,face_rgb,004_face_rgb.mp4,frame,check_face_detected,PASS,frame=722 face detected,722
004,face_rgb,004_face_rgb.mp4,frame,check_head_fully,PASS,frame=722 Head is fully visible,722
004,face_rgb,004_face_rgb.mp4,frame,check_face_size,SKIP,frame=722 non-frontal (label=up); not judged,722
004,face_rgb,004_face_rgb.mp4,frame,check_eyes_open,SKIP,frame=722 non-frontal (label=up); not judged,722
004,face_rgb,004_face_rgb.mp4,frame,check_face_blur,SKIP,frame=722 non-frontal (label=up); not judged,722
004,face_rgb,004_face_rgb.mp4,frame,check_brightness,SKIP,frame=722 non-frontal (label=up); not judged,722
004,face_rgb,004_face_rgb.mp4,frame,check_face_detected,SKIP,frame=724 No faces detected; expected gap (peak of up turn),724
004,face_rgb,004_face_rgb.mp4,frame,check_face_detected,SKIP,frame=726 No faces detected; expected gap (peak of up turn),726
004,face_rgb,004_face_rgb.mp4,frame,check_face_detected,SKIP,frame=728 No faces detected; expected gap (peak of up turn),728
004,face_rgb,004_face_rgb.mp4,frame,check_face_detected,SKIP,frame=730 No faces detected; expected gap (peak of up turn),730
004,face_rgb,004_face_rgb.mp4,frame,check_face_detected,SKIP,frame=732 No faces detected; expected gap (peak of up turn),732
004,face_rgb,004_face_rgb.mp4,frame,check_face_detected,SKIP,frame=734 No faces detected; expected gap (peak of up turn),734
004,face_rgb,004_face_rgb.mp4,frame,check_face_detected,SKIP,frame=736 No faces detected; expected gap (peak of up turn),736
004,face_rgb,004_face_rgb.mp4,frame,check_face_detected,SKIP,frame=738 No faces detected; expected gap (peak of up turn),738
004,face_rgb,004_face_rgb.mp4,frame,check_face_detected,SKIP,frame=740 No faces detected; expected gap (peak of up turn),740
004,face_rgb,004_face_rgb.mp4,frame,check_face_detected,SKIP,frame=742 No faces detected; expected gap (peak of up turn),742
004,face_rgb,004_face_rgb.mp4,frame,check_face_detected,SKIP,frame=746 No faces detected; expected gap (peak of up turn),746
004,face_rgb,004_face_rgb.mp4,frame,check_face_detected,SKIP,frame=748 No faces detected; expected gap (peak of up turn),748
004,face_rgb,004_face_rgb.mp4,frame,check_face_detected,SKIP,frame=750 No faces detected; expected gap (peak of up turn),750
004,face_rgb,004_face_rgb.mp4,frame,check_face_detected,SKIP,frame=752 No faces detected; expected gap (peak of up turn),752
004,face_rgb,004_face_rgb.mp4,frame,check_face_detected,SKIP,frame=754 No faces detected; expected gap (peak of up turn),754
004,face_rgb,004_face_rgb.mp4,frame,check_face_detected,SKIP,frame=756 No faces detected; expected gap (peak of up turn),756
004,face_rgb,004_face_rgb.mp4,frame,check_face_detected,SKIP,frame=758 No faces detected; expected gap (peak of up turn),758
004,face_rgb,004_face_rgb.mp4,frame,check_face_detected,SKIP,frame=760 No faces detected; expected gap (peak of up turn),760
004,face_rgb,004_face_rgb.mp4,frame,check_face_detected,SKIP,frame=762 No faces detected; expected gap (peak of up turn),762
004,face_rgb,004_face_rgb.mp4,frame,check_face_detected,SKIP,frame=764 No faces detected; expected gap (peak of up turn),764
004,face_rgb,004_face_rgb.mp4,frame,check_face_detected,SKIP,frame=766 No faces detected; expected gap (peak of up turn),766
004,face_rgb,004_face_rgb.mp4,frame,check_face_detected,SKIP,frame=768 No faces detected; expected gap (peak of up turn),768
004,face_rgb,004_face_rgb.mp4,frame,check_face_detected,SKIP,frame=770 No faces detected; expected gap (peak of up turn),770
004,face_rgb,004_face_rgb.mp4,frame,check_face_detected,SKIP,frame=774 No faces detected; expected gap (peak of up turn),774
004,face_rgb,004_face_rgb.mp4,frame,check_face_detected,SKIP,frame=776 No faces detected; expected gap (peak of up turn),776
004,face_rgb,004_face_rgb.mp4,frame,check_face_detected,SKIP,frame=778 No faces detected; expected gap (peak of up turn),778
004,face_rgb,004_face_rgb.mp4,frame,check_face_detected,SKIP,frame=780 No faces detected; expected gap (peak of up turn),780
004,face_rgb,004_face_rgb.mp4,frame,check_face_detected,SKIP,frame=782 No faces detected; expected gap (peak of up turn),782
004,face_rgb,004_face_rgb.mp4,frame,check_face_detected,SKIP,frame=784 No faces detected; expected gap (peak of up turn),784
004,face_rgb,004_face_rgb.mp4,frame,check_face_detected,SKIP,frame=786 No faces detected; expected gap (peak of up turn),786
004,face_rgb,004_face_rgb.mp4,frame,check_face_detected,SKIP,frame=788 No faces detected; expected gap (peak of up turn),788
004,face_rgb,004_face_rgb.mp4,frame,check_face_detected,SKIP,frame=790 No faces detected; expected gap (peak of up turn),790
004,face_rgb,004_face_rgb.mp4,frame,check_face_detected,SKIP,frame=792 No faces detected; expected gap (peak of up turn),792
004,face_rgb,004_face_rgb.mp4,frame,check_face_detected,SKIP,frame=794 No faces detected; expected gap (peak of up turn),794
004,face_rgb,004_face_rgb.mp4,frame,check_face_detected,SKIP,frame=796 No faces detected; expected gap (peak of up turn),796
004,face_rgb,004_face_rgb.mp4,frame,check_face_detected,SKIP,frame=798 No faces detected; expected gap (peak of up turn),798
004,face_rgb,004_face_rgb.mp4,frame,check_face_detected,SKIP,frame=802 No faces detected; expected gap (peak of up turn),802
004,face_rgb,004_face_rgb.mp4,frame,check_face_detected,SKIP,frame=804 No faces detected; expected gap (peak of up turn),804
004,face_rgb,004_face_rgb.mp4,frame,check_face_detected,SKIP,frame=806 No faces detected; expected gap (peak of up turn),806
004,face_rgb,004_face_rgb.mp4,frame,check_face_detected,SKIP,frame=808 No faces detected; expected gap (peak of up turn),808
004,face_rgb,004_face_rgb.mp4,frame,check_face_detected,SKIP,frame=810 No faces detected; expected gap (peak of up turn),810
004,face_rgb,004_face_rgb.mp4,frame,check_face_detected,SKIP,frame=812 No faces detected; expected gap (peak of up turn),812
004,face_rgb,004_face_rgb.mp4,frame,check_face_detected,SKIP,frame=814 No faces detected; expected gap (peak of up turn),814
004,face_rgb,004_face_rgb.mp4,frame,check_face_detected,SKIP,frame=816 No faces detected; expected gap (peak of up turn),816
004,face_rgb,004_face_rgb.mp4,frame,check_face_detected,SKIP,frame=818 No faces detected; expected gap (peak of up turn),818
004,face_rgb,004_face_rgb.mp4,frame,check_face_detected,PASS,frame=820 face detected,820
004,face_rgb,004_face_rgb.mp4,frame,check_head_fully,PASS,frame=820 Head is fully visible,820
004,face_rgb,004_face_rgb.mp4,frame,check_face_size,SKIP,frame=820 non-frontal (label=up); not judged,820
004,face_rgb,004_face_rgb.mp4,frame,check_eyes_open,SKIP,frame=820 non-frontal (label=up); not judged,820
004,face_rgb,004_face_rgb.mp4,frame,check_face_blur,SKIP,frame=820 non-frontal (label=up); not judged,820
004,face_rgb,004_face_rgb.mp4,frame,check_brightness,SKIP,frame=820 non-frontal (label=up); not judged,820
004,face_rgb,004_face_rgb.mp4,frame,check_face_detected,PASS,frame=822 face detected,822
004,face_rgb,004_face_rgb.mp4,frame,check_head_fully,PASS,frame=822 Head is fully visible,822
004,face_rgb,004_face_rgb.mp4,frame,check_face_size,SKIP,frame=822 non-frontal (label=up); not judged,822
004,face_rgb,004_face_rgb.mp4,frame,check_eyes_open,SKIP,frame=822 non-frontal (label=up); not judged,822
004,face_rgb,004_face_rgb.mp4,frame,check_face_blur,SKIP,frame=822 non-frontal (label=up); not judged,822
004,face_rgb,004_face_rgb.mp4,frame,check_brightness,SKIP,frame=822 non-frontal (label=up); not judged,822
004,face_rgb,004_face_rgb.mp4,frame,check_face_detected,PASS,frame=824 face detected,824
004,face_rgb,004_face_rgb.mp4,frame,check_head_fully,PASS,frame=824 Head is fully visible,824
004,face_rgb,004_face_rgb.mp4,frame,check_face_size,SKIP,frame=824 non-frontal (label=up); not judged,824
004,face_rgb,004_face_rgb.mp4,frame,check_eyes_open,SKIP,frame=824 non-frontal (label=up); not judged,824
004,face_rgb,004_face_rgb.mp4,frame,check_face_blur,SKIP,frame=824 non-frontal (label=up); not judged,824
004,face_rgb,004_face_rgb.mp4,frame,check_brightness,SKIP,frame=824 non-frontal (label=up); not judged,824
004,face_rgb,004_face_rgb.mp4,frame,check_face_detected,PASS,frame=826 face detected,826
004,face_rgb,004_face_rgb.mp4,frame,check_head_fully,PASS,frame=826 Head is fully visible,826
004,face_rgb,004_face_rgb.mp4,frame,check_face_size,SKIP,frame=826 non-frontal (label=up); not judged,826
004,face_rgb,004_face_rgb.mp4,frame,check_eyes_open,SKIP,frame=826 non-frontal (label=up); not judged,826
004,face_rgb,004_face_rgb.mp4,frame,check_face_blur,SKIP,frame=826 non-frontal (label=up); not judged,826
004,face_rgb,004_face_rgb.mp4,frame,check_brightness,SKIP,frame=826 non-frontal (label=up); not judged,826
004,face_rgb,004_face_rgb.mp4,frame,check_face_detected,PASS,frame=830 face detected,830
004,face_rgb,004_face_rgb.mp4,frame,check_head_fully,PASS,frame=830 Head is fully visible,830
004,face_rgb,004_face_rgb.mp4,frame,check_face_size,SKIP,frame=830 non-frontal (label=up); not judged,830
004,face_rgb,004_face_rgb.mp4,frame,check_eyes_open,SKIP,frame=830 non-frontal (label=up); not judged,830
004,face_rgb,004_face_rgb.mp4,frame,check_face_blur,SKIP,frame=830 non-frontal (label=up); not judged,830
004,face_rgb,004_face_rgb.mp4,frame,check_brightness,SKIP,frame=830 non-frontal (label=up); not judged,830
004,face_rgb,004_face_rgb.mp4,frame,check_face_detected,PASS,frame=832 face detected,832
004,face_rgb,004_face_rgb.mp4,frame,check_head_fully,PASS,frame=832 Head is fully visible,832
004,face_rgb,004_face_rgb.mp4,frame,check_face_size,SKIP,frame=832 non-frontal (label=up); not judged,832
004,face_rgb,004_face_rgb.mp4,frame,check_eyes_open,SKIP,frame=832 non-frontal (label=up); not judged,832
004,face_rgb,004_face_rgb.mp4,frame,check_face_blur,SKIP,frame=832 non-frontal (label=up); not judged,832
004,face_rgb,004_face_rgb.mp4,frame,check_brightness,SKIP,frame=832 non-frontal (label=up); not judged,832
004,face_rgb,004_face_rgb.mp4,frame,check_face_detected,PASS,frame=834 face detected,834
004,face_rgb,004_face_rgb.mp4,frame,check_head_fully,PASS,frame=834 Head is fully visible,834
004,face_rgb,004_face_rgb.mp4,frame,check_face_size,PASS,frame=834 face=618x688 >= 180x180,834
004,face_rgb,004_face_rgb.mp4,frame,check_eyes_open,PASS,"frame=834 eyes open (L=0.36, R=0.36 > 0.25)",834
004,face_rgb,004_face_rgb.mp4,frame,check_face_blur,FAIL,frame=834 blur variance=6.9 < 90,834
004,face_rgb,004_face_rgb.mp4,frame,check_brightness,PASS,frame=834 brightness normal; 35 <= 156 <=200,834
004,face_rgb,004_face_rgb.mp4,frame,check_face_detected,PASS,frame=836 face detected,836
004,face_rgb,004_face_rgb.mp4,frame,check_head_fully,PASS,frame=836 Head is fully visible,836
004,face_rgb,004_face_rgb.mp4,frame,check_face_size,PASS,frame=836 face=624x726 >= 180x180,836
004,face_rgb,004_face_rgb.mp4,frame,check_eyes_open,PASS,"frame=836 eyes open (L=0.36, R=0.36 > 0.25)",836
004,face_rgb,004_face_rgb.mp4,frame,check_face_blur,FAIL,frame=836 blur variance=7.1 < 90,836
004,face_rgb,004_face_rgb.mp4,frame,check_brightness,PASS,frame=836 brightness normal; 35 <= 155 <=200,836
004,face_rgb,004_face_rgb.mp4,frame,check_face_detected,PASS,frame=838 face detected,838
004,face_rgb,004_face_rgb.mp4,frame,check_head_fully,PASS,frame=838 Head is fully visible,838
004,face_rgb,004_face_rgb.mp4,frame,check_face_size,PASS,frame=838 face=624x734 >= 180x180,838
004,face_rgb,004_face_rgb.mp4,frame,check_eyes_open,PASS,"frame=838 eyes open (L=0.35, R=0.34 > 0.25)",838
004,face_rgb,004_face_rgb.mp4,frame,check_face_blur,FAIL,frame=838 blur variance=6.8 < 90,838
004,face_rgb,004_face_rgb.mp4,frame,check_brightness,PASS,frame=838 brightness normal; 35 <= 154 <=200,838
004,face_rgb,004_face_rgb.mp4,frame,check_face_detected,PASS,frame=840 face detected,840
004,face_rgb,004_face_rgb.mp4,frame,check_head_fully,PASS,frame=840 Head is fully visible,840
004,face_rgb,004_face_rgb.mp4,frame,check_face_size,PASS,frame=840 face=626x737 >= 180x180,840
004,face_rgb,004_face_rgb.mp4,frame,check_eyes_open,PASS,"frame=840 eyes open (L=0.35, R=0.34 > 0.25)",840
004,face_rgb,004_face_rgb.mp4,frame,check_face_blur,FAIL,frame=840 blur variance=7.1 < 90,840
004,face_rgb,004_face_rgb.mp4,frame,check_brightness,PASS,frame=840 brightness normal; 35 <= 152 <=200,840
004,face_rgb,004_face_rgb.mp4,frame,check_face_detected,PASS,frame=842 face detected,842
004,face_rgb,004_face_rgb.mp4,frame,check_head_fully,PASS,frame=842 Head is fully visible,842
004,face_rgb,004_face_rgb.mp4,frame,check_face_size,PASS,frame=842 face=625x734 >= 180x180,842
004,face_rgb,004_face_rgb.mp4,frame,check_eyes_open,PASS,"frame=842 eyes open (L=0.36, R=0.35 > 0.25)",842
004,face_rgb,004_face_rgb.mp4,frame,check_face_blur,FAIL,frame=842 blur variance=7.5 < 90,842
004,face_rgb,004_face_rgb.mp4,frame,check_brightness,PASS,frame=842 brightness normal; 35 <= 151 <=200,842
004,face_rgb,004_face_rgb.mp4,frame,check_face_detected,PASS,frame=844 face detected,844
004,face_rgb,004_face_rgb.mp4,frame,check_head_fully,PASS,frame=844 Head is fully visible,844
004,face_rgb,004_face_rgb.mp4,frame,check_face_size,PASS,frame=844 face=630x734 >= 180x180,844
004,face_rgb,004_face_rgb.mp4,frame,check_eyes_open,PASS,"frame=844 eyes open (L=0.36, R=0.36 > 0.25)",844
004,face_rgb,004_face_rgb.mp4,frame,check_face_blur,FAIL,frame=844 blur variance=7.8 < 90,844
004,face_rgb,004_face_rgb.mp4,frame,check_brightness,PASS,frame=844 brightness normal; 35 <= 150 <=200,844
004,face_rgb,004_face_rgb.mp4,frame,check_face_detected,PASS,frame=846 face detected,846
004,face_rgb,004_face_rgb.mp4,frame,check_head_fully,PASS,frame=846 Head is fully visible,846
004,face_rgb,004_face_rgb.mp4,frame,check_face_size,PASS,frame=846 face=631x740 >= 180x180,846
004,face_rgb,004_face_rgb.mp4,frame,check_eyes_open,PASS,"frame=846 eyes open (L=0.37, R=0.36 > 0.25)",846
004,face_rgb,004_face_rgb.mp4,frame,check_face_blur,FAIL,frame=846 blur variance=7.9 < 90,846
004,face_rgb,004_face_rgb.mp4,frame,check_brightness,PASS,frame=846 brightness normal; 35 <= 150 <=200,846
004,face_rgb,004_face_rgb.mp4,frame,check_face_detected,PASS,frame=848 face detected,848
004,face_rgb,004_face_rgb.mp4,frame,check_head_fully,PASS,frame=848 Head is fully visible,848
004,face_rgb,004_face_rgb.mp4,frame,check_face_size,PASS,frame=848 face=630x736 >= 180x180,848
004,face_rgb,004_face_rgb.mp4,frame,check_eyes_open,PASS,"frame=848 eyes open (L=0.36, R=0.36 > 0.25)",848
004,face_rgb,004_face_rgb.mp4,frame,check_face_blur,FAIL,frame=848 blur variance=8.4 < 90,848
004,face_rgb,004_face_rgb.mp4,frame,check_brightness,PASS,frame=848 brightness normal; 35 <= 150 <=200,848
004,face_rgb,004_face_rgb.mp4,frame,check_face_detected,PASS,frame=850 face detected,850
004,face_rgb,004_face_rgb.mp4,frame,check_head_fully,PASS,frame=850 Head is fully visible,850
004,face_rgb,004_face_rgb.mp4,frame,check_face_size,PASS,frame=850 face=630x735 >= 180x180,850
004,face_rgb,004_face_rgb.mp4,frame,check_eyes_open,PASS,"frame=850 eyes open (L=0.35, R=0.34 > 0.25)",850
004,face_rgb,004_face_rgb.mp4,frame,check_face_blur,FAIL,frame=850 blur variance=8.3 < 90,850
004,face_rgb,004_face_rgb.mp4,frame,check_brightness,PASS,frame=850 brightness normal; 35 <= 151 <=200,850
004,face_rgb,004_face_rgb.mp4,frame,check_face_detected,PASS,frame=852 face detected,852
004,face_rgb,004_face_rgb.mp4,frame,check_head_fully,PASS,frame=852 Head is fully visible,852
004,face_rgb,004_face_rgb.mp4,frame,check_face_size,PASS,frame=852 face=631x741 >= 180x180,852
004,face_rgb,004_face_rgb.mp4,frame,check_eyes_open,PASS,"frame=852 eyes open (L=0.36, R=0.36 > 0.25)",852
004,face_rgb,004_face_rgb.mp4,frame,check_face_blur,FAIL,frame=852 blur variance=8.5 < 90,852
004,face_rgb,004_face_rgb.mp4,frame,check_brightness,PASS,frame=852 brightness normal; 35 <= 150 <=200,852
004,face_rgb,004_face_rgb.mp4,frame,check_face_detected,PASS,frame=854 face detected,854
004,face_rgb,004_face_rgb.mp4,frame,check_head_fully,PASS,frame=854 Head is fully visible,854
004,face_rgb,004_face_rgb.mp4,frame,check_face_size,PASS,frame=854 face=633x740 >= 180x180,854
004,face_rgb,004_face_rgb.mp4,frame,check_eyes_open,PASS,"frame=854 eyes open (L=0.36, R=0.36 > 0.25)",854
004,face_rgb,004_face_rgb.mp4,frame,check_face_blur,FAIL,frame=854 blur variance=9.0 < 90,854
004,face_rgb,004_face_rgb.mp4,frame,check_brightness,PASS,frame=854 brightness normal; 35 <= 150 <=200,854
004,face_rgb,004_face_rgb.mp4,frame,check_face_detected,PASS,frame=858 face detected,858
004,face_rgb,004_face_rgb.mp4,frame,check_head_fully,PASS,frame=858 Head is fully visible,858
004,face_rgb,004_face_rgb.mp4,frame,check_face_size,PASS,frame=858 face=633x744 >= 180x180,858
004,face_rgb,004_face_rgb.mp4,frame,check_eyes_open,PASS,"frame=858 eyes open (L=0.37, R=0.37 > 0.25)",858
004,face_rgb,004_face_rgb.mp4,frame,check_face_blur,FAIL,frame=858 blur variance=9.0 < 90,858
004,face_rgb,004_face_rgb.mp4,frame,check_brightness,PASS,frame=858 brightness normal; 35 <= 151 <=200,858
004,face_rgb,004_face_rgb.mp4,frame,check_face_detected,PASS,frame=860 face detected,860
004,face_rgb,004_face_rgb.mp4,frame,check_head_fully,PASS,frame=860 Head is fully visible,860
004,face_rgb,004_face_rgb.mp4,frame,check_face_size,PASS,frame=860 face=633x744 >= 180x180,860
004,face_rgb,004_face_rgb.mp4,frame,check_eyes_open,PASS,"frame=860 eyes open (L=0.37, R=0.37 > 0.25)",860
004,face_rgb,004_face_rgb.mp4,frame,check_face_blur,FAIL,frame=860 blur variance=8.2 < 90,860
004,face_rgb,004_face_rgb.mp4,frame,check_brightness,PASS,frame=860 brightness normal; 35 <= 151 <=200,860
004,face_rgb,004_face_rgb.mp4,frame,check_face_detected,PASS,frame=862 face detected,862
004,face_rgb,004_face_rgb.mp4,frame,check_head_fully,PASS,frame=862 Head is fully visible,862
004,face_rgb,004_face_rgb.mp4,frame,check_face_size,PASS,frame=862 face=633x741 >= 180x180,862
004,face_rgb,004_face_rgb.mp4,frame,check_eyes_open,PASS,"frame=862 eyes open (L=0.37, R=0.37 > 0.25)",862
004,face_rgb,004_face_rgb.mp4,frame,check_face_blur,FAIL,frame=862 blur variance=8.7 < 90,862
004,face_rgb,004_face_rgb.mp4,frame,check_brightness,PASS,frame=862 brightness normal; 35 <= 151 <=200,862
004,face_rgb,004_face_rgb.mp4,frame,check_face_detected,PASS,frame=864 face detected,864
004,face_rgb,004_face_rgb.mp4,frame,check_head_fully,PASS,frame=864 Head is fully visible,864
004,face_rgb,004_face_rgb.mp4,frame,check_face_size,PASS,frame=864 face=633x740 >= 180x180,864
004,face_rgb,004_face_rgb.mp4,frame,check_eyes_open,PASS,"frame=864 eyes open (L=0.38, R=0.37 > 0.25)",864
004,face_rgb,004_face_rgb.mp4,frame,check_face_blur,FAIL,frame=864 blur variance=8.4 < 90,864
004,face_rgb,004_face_rgb.mp4,frame,check_brightness,PASS,frame=864 brightness normal; 35 <= 151 <=200,864
004,face_rgb,004_face_rgb.mp4,frame,check_face_detected,PASS,frame=866 face detected,866
004,face_rgb,004_face_rgb.mp4,frame,check_head_fully,PASS,frame=866 Head is fully visible,866
004,face_rgb,004_face_rgb.mp4,frame,check_face_size,PASS,frame=866 face=631x740 >= 180x180,866
004,face_rgb,004_face_rgb.mp4,frame,check_eyes_open,PASS,"frame=866 eyes open (L=0.37, R=0.37 > 0.25)",866
004,face_rgb,004_face_rgb.mp4,frame,check_face_blur,FAIL,frame=866 blur variance=8.7 < 90,866
004,face_rgb,004_face_rgb.mp4,frame,check_brightness,PASS,frame=866 brightness normal; 35 <= 151 <=200,866
004,face_rgb,004_face_rgb.mp4,frame,check_face_detected,PASS,frame=868 face detected,868
004,face_rgb,004_face_rgb.mp4,frame,check_head_fully,PASS,frame=868 Head is fully visible,868
004,face_rgb,004_face_rgb.mp4,frame,check_face_size,PASS,frame=868 face=631x741 >= 180x180,868
004,face_rgb,004_face_rgb.mp4,frame,check_eyes_open,PASS,"frame=868 eyes open (L=0.37, R=0.37 > 0.25)",868
004,face_rgb,004_face_rgb.mp4,frame,check_face_blur,FAIL,frame=868 blur variance=8.8 < 90,868
004,face_rgb,004_face_rgb.mp4,frame,check_brightness,PASS,frame=868 brightness normal; 35 <= 151 <=200,868
004,face_rgb,004_face_rgb.mp4,frame,check_face_detected,PASS,frame=870 face detected,870
004,face_rgb,004_face_rgb.mp4,frame,check_head_fully,PASS,frame=870 Head is fully visible,870
004,face_rgb,004_face_rgb.mp4,frame,check_face_size,PASS,frame=870 face=632x744 >= 180x180,870
004,face_rgb,004_face_rgb.mp4,frame,check_eyes_open,PASS,"frame=870 eyes open (L=0.37, R=0.37 > 0.25)",870
004,face_rgb,004_face_rgb.mp4,frame,check_face_blur,FAIL,frame=870 blur variance=8.8 < 90,870
004,face_rgb,004_face_rgb.mp4,frame,check_brightness,PASS,frame=870 brightness normal; 35 <= 151 <=200,870
004,face_rgb,004_face_rgb.mp4,frame,check_face_detected,PASS,frame=872 face detected,872
004,face_rgb,004_face_rgb.mp4,frame,check_head_fully,PASS,frame=872 Head is fully visible,872
004,face_rgb,004_face_rgb.mp4,frame,check_face_size,PASS,frame=872 face=632x744 >= 180x180,872
004,face_rgb,004_face_rgb.mp4,frame,check_eyes_open,PASS,"frame=872 eyes open (L=0.37, R=0.37 > 0.25)",872
004,face_rgb,004_face_rgb.mp4,frame,check_face_blur,FAIL,frame=872 blur variance=8.3 < 90,872
004,face_rgb,004_face_rgb.mp4,frame,check_brightness,PASS,frame=872 brightness normal; 35 <= 151 <=200,872
004,face_rgb,004_face_rgb.mp4,frame,check_face_detected,PASS,frame=874 face detected,874
004,face_rgb,004_face_rgb.mp4,frame,check_head_fully,PASS,frame=874 Head is fully visible,874
004,face_rgb,004_face_rgb.mp4,frame,check_face_size,PASS,frame=874 face=633x745 >= 180x180,874
004,face_rgb,004_face_rgb.mp4,frame,check_eyes_open,PASS,"frame=874 eyes open (L=0.37, R=0.37 > 0.25)",874
004,face_rgb,004_face_rgb.mp4,frame,check_face_blur,FAIL,frame=874 blur variance=8.1 < 90,874
004,face_rgb,004_face_rgb.mp4,frame,check_brightness,PASS,frame=874 brightness normal; 35 <= 151 <=200,874
004,face_rgb,004_face_rgb.mp4,frame,check_face_detected,PASS,frame=876 face detected,876
004,face_rgb,004_face_rgb.mp4,frame,check_head_fully,PASS,frame=876 Head is fully visible,876
004,face_rgb,004_face_rgb.mp4,frame,check_face_size,PASS,frame=876 face=637x745 >= 180x180,876
004,face_rgb,004_face_rgb.mp4,frame,check_eyes_open,PASS,"frame=876 eyes open (L=0.37, R=0.37 > 0.25)",876
004,face_rgb,004_face_rgb.mp4,frame,check_face_blur,FAIL,frame=876 blur variance=7.9 < 90,876
004,face_rgb,004_face_rgb.mp4,frame,check_brightness,PASS,frame=876 brightness normal; 35 <= 151 <=200,876
004,face_rgb,004_face_rgb.mp4,frame,check_face_detected,PASS,frame=878 face detected,878
004,face_rgb,004_face_rgb.mp4,frame,check_head_fully,PASS,frame=878 Head is fully visible,878
004,face_rgb,004_face_rgb.mp4,frame,check_face_size,PASS,frame=878 face=638x744 >= 180x180,878
004,face_rgb,004_face_rgb.mp4,frame,check_eyes_open,PASS,"frame=878 eyes open (L=0.37, R=0.37 > 0.25)",878
004,face_rgb,004_face_rgb.mp4,frame,check_face_blur,FAIL,frame=878 blur variance=8.7 < 90,878
004,face_rgb,004_face_rgb.mp4,frame,check_brightness,PASS,frame=878 brightness normal; 35 <= 151 <=200,878
004,face_rgb,004_face_rgb.mp4,frame,check_face_detected,PASS,frame=880 face detected,880
004,face_rgb,004_face_rgb.mp4,frame,check_head_fully,PASS,frame=880 Head is fully visible,880
004,face_rgb,004_face_rgb.mp4,frame,check_face_size,PASS,frame=880 face=639x744 >= 180x180,880
004,face_rgb,004_face_rgb.mp4,frame,check_eyes_open,PASS,"frame=880 eyes open (L=0.36, R=0.37 > 0.25)",880
004,face_rgb,004_face_rgb.mp4,frame,check_face_blur,FAIL,frame=880 blur variance=8.9 < 90,880
004,face_rgb,004_face_rgb.mp4,frame,check_brightness,PASS,frame=880 brightness normal; 35 <= 151 <=200,880
004,face_rgb,004_face_rgb.mp4,frame,check_face_detected,PASS,frame=882 face detected,882
004,face_rgb,004_face_rgb.mp4,frame,check_head_fully,PASS,frame=882 Head is fully visible,882
004,face_rgb,004_face_rgb.mp4,frame,check_face_size,PASS,frame=882 face=638x744 >= 180x180,882
004,face_rgb,004_face_rgb.mp4,frame,check_eyes_open,PASS,"frame=882 eyes open (L=0.36, R=0.37 > 0.25)",882
004,face_rgb,004_face_rgb.mp4,frame,check_face_blur,FAIL,frame=882 blur variance=8.5 < 90,882
004,face_rgb,004_face_rgb.mp4,frame,check_brightness,PASS,frame=882 brightness normal; 35 <= 152 <=200,882
004,face_rgb,004_face_rgb.mp4,frame,check_face_detected,PASS,frame=886 face detected,886
004,face_rgb,004_face_rgb.mp4,frame,check_head_fully,PASS,frame=886 Head is fully visible,886
004,face_rgb,004_face_rgb.mp4,frame,check_face_size,PASS,frame=886 face=631x733 >= 180x180,886
004,face_rgb,004_face_rgb.mp4,frame,check_eyes_open,PASS,"frame=886 eyes open (L=0.37, R=0.37 > 0.25)",886
004,face_rgb,004_face_rgb.mp4,frame,check_face_blur,FAIL,frame=886 blur variance=8.8 < 90,886
004,face_rgb,004_face_rgb.mp4,frame,check_brightness,PASS,frame=886 brightness normal; 35 <= 152 <=200,886
004,face_rgb,004_face_rgb.mp4,frame,check_face_detected,PASS,frame=888 face detected,888
004,face_rgb,004_face_rgb.mp4,frame,check_head_fully,PASS,frame=888 Head is fully visible,888
004,face_rgb,004_face_rgb.mp4,frame,check_face_size,PASS,frame=888 face=630x734 >= 180x180,888
004,face_rgb,004_face_rgb.mp4,frame,check_eyes_open,PASS,"frame=888 eyes open (L=0.37, R=0.36 > 0.25)",888
004,face_rgb,004_face_rgb.mp4,frame,check_face_blur,FAIL,frame=888 blur variance=8.6 < 90,888
004,face_rgb,004_face_rgb.mp4,frame,check_brightness,PASS,frame=888 brightness normal; 35 <= 151 <=200,888
004,face_rgb,004_face_rgb.mp4,frame,check_face_detected,PASS,frame=890 face detected,890
004,face_rgb,004_face_rgb.mp4,frame,check_head_fully,PASS,frame=890 Head is fully visible,890
004,face_rgb,004_face_rgb.mp4,frame,check_face_size,PASS,frame=890 face=631x733 >= 180x180,890
004,face_rgb,004_face_rgb.mp4,frame,check_eyes_open,PASS,"frame=890 eyes open (L=0.37, R=0.37 > 0.25)",890
004,face_rgb,004_face_rgb.mp4,frame,check_face_blur,FAIL,frame=890 blur variance=9.8 < 90,890
004,face_rgb,004_face_rgb.mp4,frame,check_brightness,PASS,frame=890 brightness normal; 35 <= 151 <=200,890
004,face_rgb,004_face_rgb.mp4,frame,check_face_detected,PASS,frame=892 face detected,892
004,face_rgb,004_face_rgb.mp4,frame,check_head_fully,PASS,frame=892 Head is fully visible,892
004,face_rgb,004_face_rgb.mp4,frame,check_face_size,PASS,frame=892 face=630x733 >= 180x180,892
004,face_rgb,004_face_rgb.mp4,frame,check_eyes_open,PASS,"frame=892 eyes open (L=0.37, R=0.36 > 0.25)",892
004,face_rgb,004_face_rgb.mp4,frame,check_face_blur,FAIL,frame=892 blur variance=9.3 < 90,892
004,face_rgb,004_face_rgb.mp4,frame,check_brightness,PASS,frame=892 brightness normal; 35 <= 151 <=200,892
004,face_rgb,004_face_rgb.mp4,frame,check_face_detected,PASS,frame=894 face detected,894
004,face_rgb,004_face_rgb.mp4,frame,check_head_fully,PASS,frame=894 Head is fully visible,894
004,face_rgb,004_face_rgb.mp4,frame,check_face_size,PASS,frame=894 face=632x736 >= 180x180,894
004,face_rgb,004_face_rgb.mp4,frame,check_eyes_open,PASS,"frame=894 eyes open (L=0.37, R=0.37 > 0.25)",894
004,face_rgb,004_face_rgb.mp4,frame,check_face_blur,FAIL,frame=894 blur variance=9.4 < 90,894
004,face_rgb,004_face_rgb.mp4,frame,check_brightness,PASS,frame=894 brightness normal; 35 <= 151 <=200,894
004,face_rgb,004_face_rgb.mp4,frame,check_face_detected,PASS,frame=896 face detected,896
004,face_rgb,004_face_rgb.mp4,frame,check_head_fully,PASS,frame=896 Head is fully visible,896
004,face_rgb,004_face_rgb.mp4,frame,check_face_size,PASS,frame=896 face=629x737 >= 180x180,896
004,face_rgb,004_face_rgb.mp4,frame,check_eyes_open,PASS,"frame=896 eyes open (L=0.37, R=0.36 > 0.25)",896
004,face_rgb,004_face_rgb.mp4,frame,check_face_blur,FAIL,frame=896 blur variance=9.3 < 90,896
004,face_rgb,004_face_rgb.mp4,frame,check_brightness,PASS,frame=896 brightness normal; 35 <= 151 <=200,896
004,face_rgb,004_face_rgb.mp4,frame,check_face_detected,PASS,frame=898 face detected,898
004,face_rgb,004_face_rgb.mp4,frame,check_head_fully,PASS,frame=898 Head is fully visible,898
004,face_rgb,004_face_rgb.mp4,frame,check_face_size,PASS,frame=898 face=629x735 >= 180x180,898
004,face_rgb,004_face_rgb.mp4,frame,check_eyes_open,PASS,"frame=898 eyes open (L=0.36, R=0.36 > 0.25)",898
004,face_rgb,004_face_rgb.mp4,frame,check_face_blur,FAIL,frame=898 blur variance=9.4 < 90,898
004,face_rgb,004_face_rgb.mp4,frame,check_brightness,PASS,frame=898 brightness normal; 35 <= 151 <=200,898
004,face_rgb,004_face_rgb.mp4,frame,check_face_detected,PASS,frame=900 face detected,900
004,face_rgb,004_face_rgb.mp4,frame,check_head_fully,PASS,frame=900 Head is fully visible,900
004,face_rgb,004_face_rgb.mp4,frame,check_face_size,PASS,frame=900 face=630x733 >= 180x180,900
004,face_rgb,004_face_rgb.mp4,frame,check_eyes_open,PASS,"frame=900 eyes open (L=0.36, R=0.37 > 0.25)",900
004,face_rgb,004_face_rgb.mp4,frame,check_face_blur,FAIL,frame=900 blur variance=9.4 < 90,900
004,face_rgb,004_face_rgb.mp4,frame,check_brightness,PASS,frame=900 brightness normal; 35 <= 151 <=200,900
004,face_rgb,004_face_rgb.mp4,frame,check_face_detected,PASS,frame=902 face detected,902
004,face_rgb,004_face_rgb.mp4,frame,check_head_fully,PASS,frame=902 Head is fully visible,902
004,face_rgb,004_face_rgb.mp4,frame,check_face_size,PASS,frame=902 face=632x732 >= 180x180,902
004,face_rgb,004_face_rgb.mp4,frame,check_eyes_open,PASS,"frame=902 eyes open (L=0.37, R=0.37 > 0.25)",902
004,face_rgb,004_face_rgb.mp4,frame,check_face_blur,FAIL,frame=902 blur variance=9.3 < 90,902
004,face_rgb,004_face_rgb.mp4,frame,check_brightness,PASS,frame=902 brightness normal; 35 <= 151 <=200,902
004,face_rgb,004_face_rgb.mp4,frame,check_face_detected,PASS,frame=904 face detected,904
004,face_rgb,004_face_rgb.mp4,frame,check_head_fully,PASS,frame=904 Head is fully visible,904
004,face_rgb,004_face_rgb.mp4,frame,check_face_size,PASS,frame=904 face=633x738 >= 180x180,904
004,face_rgb,004_face_rgb.mp4,frame,check_eyes_open,PASS,"frame=904 eyes open (L=0.37, R=0.37 > 0.25)",904
004,face_rgb,004_face_rgb.mp4,frame,check_face_blur,FAIL,frame=904 blur variance=9.2 < 90,904
004,face_rgb,004_face_rgb.mp4,frame,check_brightness,PASS,frame=904 brightness normal; 35 <= 151 <=200,904
004,face_rgb,004_face_rgb.mp4,frame,check_face_detected,PASS,frame=906 face detected,906
004,face_rgb,004_face_rgb.mp4,frame,check_head_fully,PASS,frame=906 Head is fully visible,906
004,face_rgb,004_face_rgb.mp4,frame,check_face_size,PASS,frame=906 face=632x738 >= 180x180,906
004,face_rgb,004_face_rgb.mp4,frame,check_eyes_open,PASS,"frame=906 eyes open (L=0.36, R=0.36 > 0.25)",906
004,face_rgb,004_face_rgb.mp4,frame,check_face_blur,FAIL,frame=906 blur variance=8.8 < 90,906
004,face_rgb,004_face_rgb.mp4,frame,check_brightness,PASS,frame=906 brightness normal; 35 <= 151 <=200,906
004,face_rgb,004_face_rgb.mp4,frame,check_face_detected,PASS,frame=908 face detected,908
004,face_rgb,004_face_rgb.mp4,frame,check_head_fully,PASS,frame=908 Head is fully visible,908
004,face_rgb,004_face_rgb.mp4,frame,check_face_size,PASS,frame=908 face=636x739 >= 180x180,908
004,face_rgb,004_face_rgb.mp4,frame,check_eyes_open,PASS,"frame=908 eyes open (L=0.36, R=0.37 > 0.25)",908
004,face_rgb,004_face_rgb.mp4,frame,check_face_blur,FAIL,frame=908 blur variance=8.9 < 90,908
004,face_rgb,004_face_rgb.mp4,frame,check_brightness,PASS,frame=908 brightness normal; 35 <= 151 <=200,908
004,face_rgb,004_face_rgb.mp4,frame,check_face_detected,PASS,frame=910 face detected,910
004,face_rgb,004_face_rgb.mp4,frame,check_head_fully,PASS,frame=910 Head is fully visible,910
004,face_rgb,004_face_rgb.mp4,frame,check_face_size,PASS,frame=910 face=632x737 >= 180x180,910
004,face_rgb,004_face_rgb.mp4,frame,check_eyes_open,PASS,"frame=910 eyes open (L=0.36, R=0.37 > 0.25)",910
004,face_rgb,004_face_rgb.mp4,frame,check_face_blur,FAIL,frame=910 blur variance=9.0 < 90,910
004,face_rgb,004_face_rgb.mp4,frame,check_brightness,PASS,frame=910 brightness normal; 35 <= 151 <=200,910
004,face_rgb,004_face_rgb.mp4,frame,check_face_detected,PASS,frame=914 face detected,914
004,face_rgb,004_face_rgb.mp4,frame,check_head_fully,PASS,frame=914 Head is fully visible,914
004,face_rgb,004_face_rgb.mp4,frame,check_face_size,PASS,frame=914 face=631x738 >= 180x180,914
004,face_rgb,004_face_rgb.mp4,frame,check_eyes_open,PASS,"frame=914 eyes open (L=0.37, R=0.36 > 0.25)",914
004,face_rgb,004_face_rgb.mp4,frame,check_face_blur,FAIL,frame=914 blur variance=9.3 < 90,914
004,face_rgb,004_face_rgb.mp4,frame,check_brightness,PASS,frame=914 brightness normal; 35 <= 151 <=200,914
004,face_rgb,004_face_rgb.mp4,frame,check_face_detected,PASS,frame=916 face detected,916
004,face_rgb,004_face_rgb.mp4,frame,check_head_fully,PASS,frame=916 Head is fully visible,916
004,face_rgb,004_face_rgb.mp4,frame,check_face_size,PASS,frame=916 face=633x738 >= 180x180,916
004,face_rgb,004_face_rgb.mp4,frame,check_eyes_open,PASS,"frame=916 eyes open (L=0.37, R=0.37 > 0.25)",916
004,face_rgb,004_face_rgb.mp4,frame,check_face_blur,FAIL,frame=916 blur variance=9.4 < 90,916
004,face_rgb,004_face_rgb.mp4,frame,check_brightness,PASS,frame=916 brightness normal; 35 <= 151 <=200,916
004,face_rgb,004_face_rgb.mp4,frame,check_face_detected,PASS,frame=918 face detected,918
004,face_rgb,004_face_rgb.mp4,frame,check_head_fully,PASS,frame=918 Head is fully visible,918
004,face_rgb,004_face_rgb.mp4,frame,check_face_size,PASS,frame=918 face=633x737 >= 180x180,918
004,face_rgb,004_face_rgb.mp4,frame,check_eyes_open,PASS,"frame=918 eyes open (L=0.37, R=0.37 > 0.25)",918
004,face_rgb,004_face_rgb.mp4,frame,check_face_blur,FAIL,frame=918 blur variance=8.8 < 90,918
004,face_rgb,004_face_rgb.mp4,frame,check_brightness,PASS,frame=918 brightness normal; 35 <= 151 <=200,918
004,face_rgb,004_face_rgb.mp4,frame,check_face_detected,PASS,frame=920 face detected,920
004,face_rgb,004_face_rgb.mp4,frame,check_head_fully,PASS,frame=920 Head is fully visible,920
004,face_rgb,004_face_rgb.mp4,frame,check_face_size,PASS,frame=920 face=631x738 >= 180x180,920
004,face_rgb,004_face_rgb.mp4,frame,check_eyes_open,PASS,"frame=920 eyes open (L=0.37, R=0.38 > 0.25)",920
004,face_rgb,004_face_rgb.mp4,frame,check_face_blur,FAIL,frame=920 blur variance=8.5 < 90,920
004,face_rgb,004_face_rgb.mp4,frame,check_brightness,PASS,frame=920 brightness normal; 35 <= 152 <=200,920
004,face_rgb,004_face_rgb.mp4,frame,check_face_detected,PASS,frame=922 face detected,922
004,face_rgb,004_face_rgb.mp4,frame,check_head_fully,PASS,frame=922 Head is fully visible,922
004,face_rgb,004_face_rgb.mp4,frame,check_face_size,PASS,frame=922 face=632x741 >= 180x180,922
004,face_rgb,004_face_rgb.mp4,frame,check_eyes_open,PASS,"frame=922 eyes open (L=0.37, R=0.37 > 0.25)",922
004,face_rgb,004_face_rgb.mp4,frame,check_face_blur,FAIL,frame=922 blur variance=8.3 < 90,922
004,face_rgb,004_face_rgb.mp4,frame,check_brightness,PASS,frame=922 brightness normal; 35 <= 152 <=200,922
004,face_rgb,004_face_rgb.mp4,frame,check_face_detected,PASS,frame=924 face detected,924
004,face_rgb,004_face_rgb.mp4,frame,check_head_fully,PASS,frame=924 Head is fully visible,924
004,face_rgb,004_face_rgb.mp4,frame,check_face_size,PASS,frame=924 face=632x748 >= 180x180,924
004,face_rgb,004_face_rgb.mp4,frame,check_eyes_open,PASS,"frame=924 eyes open (L=0.37, R=0.37 > 0.25)",924
004,face_rgb,004_face_rgb.mp4,frame,check_face_blur,FAIL,frame=924 blur variance=8.6 < 90,924
004,face_rgb,004_face_rgb.mp4,frame,check_brightness,PASS,frame=924 brightness normal; 35 <= 151 <=200,924
004,face_rgb,004_face_rgb.mp4,frame,check_face_detected,PASS,frame=926 face detected,926
004,face_rgb,004_face_rgb.mp4,frame,check_head_fully,PASS,frame=926 Head is fully visible,926
004,face_rgb,004_face_rgb.mp4,frame,check_face_size,PASS,frame=926 face=632x747 >= 180x180,926
004,face_rgb,004_face_rgb.mp4,frame,check_eyes_open,PASS,"frame=926 eyes open (L=0.37, R=0.37 > 0.25)",926
004,face_rgb,004_face_rgb.mp4,frame,check_face_blur,FAIL,frame=926 blur variance=8.9 < 90,926
004,face_rgb,004_face_rgb.mp4,frame,check_brightness,PASS,frame=926 brightness normal; 35 <= 151 <=200,926
004,face_rgb,004_face_rgb.mp4,frame,check_face_detected,PASS,frame=928 face detected,928
004,face_rgb,004_face_rgb.mp4,frame,check_head_fully,PASS,frame=928 Head is fully visible,928
004,face_rgb,004_face_rgb.mp4,frame,check_face_size,PASS,frame=928 face=632x747 >= 180x180,928
004,face_rgb,004_face_rgb.mp4,frame,check_eyes_open,PASS,"frame=928 eyes open (L=0.37, R=0.37 > 0.25)",928
004,face_rgb,004_face_rgb.mp4,frame,check_face_blur,FAIL,frame=928 blur variance=9.0 < 90,928
004,face_rgb,004_face_rgb.mp4,frame,check_brightness,PASS,frame=928 brightness normal; 35 <= 151 <=200,928
004,face_rgb,004_face_rgb.mp4,frame,check_face_detected,PASS,frame=930 face detected,930
004,face_rgb,004_face_rgb.mp4,frame,check_head_fully,PASS,frame=930 Head is fully visible,930
004,face_rgb,004_face_rgb.mp4,frame,check_face_size,PASS,frame=930 face=632x746 >= 180x180,930
004,face_rgb,004_face_rgb.mp4,frame,check_eyes_open,PASS,"frame=930 eyes open (L=0.37, R=0.37 > 0.25)",930
004,face_rgb,004_face_rgb.mp4,frame,check_face_blur,FAIL,frame=930 blur variance=9.1 < 90,930
004,face_rgb,004_face_rgb.mp4,frame,check_brightness,PASS,frame=930 brightness normal; 35 <= 151 <=200,930
004,face_rgb,004_face_rgb.mp4,frame,check_face_detected,PASS,frame=932 face detected,932
004,face_rgb,004_face_rgb.mp4,frame,check_head_fully,PASS,frame=932 Head is fully visible,932
004,face_rgb,004_face_rgb.mp4,frame,check_face_size,PASS,frame=932 face=631x746 >= 180x180,932
004,face_rgb,004_face_rgb.mp4,frame,check_eyes_open,PASS,"frame=932 eyes open (L=0.37, R=0.37 > 0.25)",932
004,face_rgb,004_face_rgb.mp4,frame,check_face_blur,FAIL,frame=932 blur variance=8.9 < 90,932
004,face_rgb,004_face_rgb.mp4,frame,check_brightness,PASS,frame=932 brightness normal; 35 <= 151 <=200,932
004,face_rgb,004_face_rgb.mp4,frame,check_face_detected,PASS,frame=934 face detected,934
004,face_rgb,004_face_rgb.mp4,frame,check_head_fully,PASS,frame=934 Head is fully visible,934
004,face_rgb,004_face_rgb.mp4,frame,check_face_size,PASS,frame=934 face=631x748 >= 180x180,934
004,face_rgb,004_face_rgb.mp4,frame,check_eyes_open,PASS,"frame=934 eyes open (L=0.37, R=0.37 > 0.25)",934
004,face_rgb,004_face_rgb.mp4,frame,check_face_blur,FAIL,frame=934 blur variance=8.8 < 90,934
004,face_rgb,004_face_rgb.mp4,frame,check_brightness,PASS,frame=934 brightness normal; 35 <= 150 <=200,934
004,face_rgb,004_face_rgb.mp4,frame,check_face_detected,PASS,frame=936 face detected,936
004,face_rgb,004_face_rgb.mp4,frame,check_head_fully,PASS,frame=936 Head is fully visible,936
004,face_rgb,004_face_rgb.mp4,frame,check_face_size,PASS,frame=936 face=631x747 >= 180x180,936
004,face_rgb,004_face_rgb.mp4,frame,check_eyes_open,PASS,"frame=936 eyes open (L=0.37, R=0.37 > 0.25)",936
004,face_rgb,004_face_rgb.mp4,frame,check_face_blur,FAIL,frame=936 blur variance=8.4 < 90,936
004,face_rgb,004_face_rgb.mp4,frame,check_brightness,PASS,frame=936 brightness normal; 35 <= 151 <=200,936
004,face_rgb,004_face_rgb.mp4,frame,check_face_detected,PASS,frame=938 face detected,938
004,face_rgb,004_face_rgb.mp4,frame,check_head_fully,PASS,frame=938 Head is fully visible,938
004,face_rgb,004_face_rgb.mp4,frame,check_face_size,PASS,frame=938 face=633x747 >= 180x180,938
004,face_rgb,004_face_rgb.mp4,frame,check_eyes_open,PASS,"frame=938 eyes open (L=0.37, R=0.37 > 0.25)",938
004,face_rgb,004_face_rgb.mp4,frame,check_face_blur,FAIL,frame=938 blur variance=7.9 < 90,938
004,face_rgb,004_face_rgb.mp4,frame,check_brightness,PASS,frame=938 brightness normal; 35 <= 151 <=200,938
004,face_rgb,004_face_rgb.mp4,frame,check_face_detected,PASS,frame=942 face detected,942
004,face_rgb,004_face_rgb.mp4,frame,check_head_fully,PASS,frame=942 Head is fully visible,942
004,face_rgb,004_face_rgb.mp4,frame,check_face_size,PASS,frame=942 face=632x748 >= 180x180,942
004,face_rgb,004_face_rgb.mp4,frame,check_eyes_open,PASS,"frame=942 eyes open (L=0.37, R=0.36 > 0.25)",942
004,face_rgb,004_face_rgb.mp4,frame,check_face_blur,FAIL,frame=942 blur variance=7.7 < 90,942
004,face_rgb,004_face_rgb.mp4,frame,check_brightness,PASS,frame=942 brightness normal; 35 <= 151 <=200,942
004,face_rgb,004_face_rgb.mp4,frame,check_face_detected,PASS,frame=944 face detected,944
004,face_rgb,004_face_rgb.mp4,frame,check_head_fully,PASS,frame=944 Head is fully visible,944
004,face_rgb,004_face_rgb.mp4,frame,check_face_size,PASS,frame=944 face=632x749 >= 180x180,944
004,face_rgb,004_face_rgb.mp4,frame,check_eyes_open,PASS,"frame=944 eyes open (L=0.37, R=0.37 > 0.25)",944
004,face_rgb,004_face_rgb.mp4,frame,check_face_blur,FAIL,frame=944 blur variance=7.6 < 90,944
004,face_rgb,004_face_rgb.mp4,frame,check_brightness,PASS,frame=944 brightness normal; 35 <= 151 <=200,944
004,face_rgb,004_face_rgb.mp4,frame,check_face_detected,PASS,frame=946 face detected,946
004,face_rgb,004_face_rgb.mp4,frame,check_head_fully,PASS,frame=946 Head is fully visible,946
004,face_rgb,004_face_rgb.mp4,frame,check_face_size,PASS,frame=946 face=630x747 >= 180x180,946
004,face_rgb,004_face_rgb.mp4,frame,check_eyes_open,PASS,"frame=946 eyes open (L=0.36, R=0.37 > 0.25)",946
004,face_rgb,004_face_rgb.mp4,frame,check_face_blur,FAIL,frame=946 blur variance=8.1 < 90,946
004,face_rgb,004_face_rgb.mp4,frame,check_brightness,PASS,frame=946 brightness normal; 35 <= 150 <=200,946
004,face_rgb,004_face_rgb.mp4,frame,check_face_detected,PASS,frame=948 face detected,948
004,face_rgb,004_face_rgb.mp4,frame,check_head_fully,PASS,frame=948 Head is fully visible,948
004,face_rgb,004_face_rgb.mp4,frame,check_face_size,PASS,frame=948 face=628x750 >= 180x180,948
004,face_rgb,004_face_rgb.mp4,frame,check_eyes_open,PASS,"frame=948 eyes open (L=0.37, R=0.37 > 0.25)",948
004,face_rgb,004_face_rgb.mp4,frame,check_face_blur,FAIL,frame=948 blur variance=9.2 < 90,948
004,face_rgb,004_face_rgb.mp4,frame,check_brightness,PASS,frame=948 brightness normal; 35 <= 150 <=200,948
004,face_rgb,004_face_rgb.mp4,frame,check_face_detected,PASS,frame=950 face detected,950
004,face_rgb,004_face_rgb.mp4,frame,check_head_fully,PASS,frame=950 Head is fully visible,950
004,face_rgb,004_face_rgb.mp4,frame,check_face_size,PASS,frame=950 face=628x750 >= 180x180,950
004,face_rgb,004_face_rgb.mp4,frame,check_eyes_open,PASS,"frame=950 eyes open (L=0.37, R=0.36 > 0.25)",950
004,face_rgb,004_face_rgb.mp4,frame,check_face_blur,FAIL,frame=950 blur variance=9.2 < 90,950
004,face_rgb,004_face_rgb.mp4,frame,check_brightness,PASS,frame=950 brightness normal; 35 <= 150 <=200,950
004,face_rgb,004_face_rgb.mp4,frame,check_face_detected,PASS,frame=952 face detected,952
004,face_rgb,004_face_rgb.mp4,frame,check_head_fully,PASS,frame=952 Head is fully visible,952
004,face_rgb,004_face_rgb.mp4,frame,check_face_size,PASS,frame=952 face=630x750 >= 180x180,952
004,face_rgb,004_face_rgb.mp4,frame,check_eyes_open,PASS,"frame=952 eyes open (L=0.37, R=0.37 > 0.25)",952
004,face_rgb,004_face_rgb.mp4,frame,check_face_blur,FAIL,frame=952 blur variance=9.5 < 90,952
004,face_rgb,004_face_rgb.mp4,frame,check_brightness,PASS,frame=952 brightness normal; 35 <= 150 <=200,952
004,face_rgb,004_face_rgb.mp4,frame,check_face_detected,PASS,frame=954 face detected,954
004,face_rgb,004_face_rgb.mp4,frame,check_head_fully,PASS,frame=954 Head is fully visible,954
004,face_rgb,004_face_rgb.mp4,frame,check_face_size,PASS,frame=954 face=629x750 >= 180x180,954
004,face_rgb,004_face_rgb.mp4,frame,check_eyes_open,PASS,"frame=954 eyes open (L=0.37, R=0.37 > 0.25)",954
004,face_rgb,004_face_rgb.mp4,frame,check_face_blur,FAIL,frame=954 blur variance=9.5 < 90,954
004,face_rgb,004_face_rgb.mp4,frame,check_brightness,PASS,frame=954 brightness normal; 35 <= 150 <=200,954
004,face_rgb,004_face_rgb.mp4,frame,check_face_detected,PASS,frame=956 face detected,956
004,face_rgb,004_face_rgb.mp4,frame,check_head_fully,PASS,frame=956 Head is fully visible,956
004,face_rgb,004_face_rgb.mp4,frame,check_face_size,PASS,frame=956 face=630x749 >= 180x180,956
004,face_rgb,004_face_rgb.mp4,frame,check_eyes_open,PASS,"frame=956 eyes open (L=0.37, R=0.37 > 0.25)",956
004,face_rgb,004_face_rgb.mp4,frame,check_face_blur,FAIL,frame=956 blur variance=9.4 < 90,956
004,face_rgb,004_face_rgb.mp4,frame,check_brightness,PASS,frame=956 brightness normal; 35 <= 150 <=200,956
004,face_rgb,004_face_rgb.mp4,frame,check_face_detected,PASS,frame=958 face detected,958
004,face_rgb,004_face_rgb.mp4,frame,check_head_fully,PASS,frame=958 Head is fully visible,958
004,face_rgb,004_face_rgb.mp4,frame,check_face_size,PASS,frame=958 face=627x737 >= 180x180,958
004,face_rgb,004_face_rgb.mp4,frame,check_eyes_open,PASS,"frame=958 eyes open (L=0.35, R=0.34 > 0.25)",958
004,face_rgb,004_face_rgb.mp4,frame,check_face_blur,FAIL,frame=958 blur variance=8.5 < 90,958
004,face_rgb,004_face_rgb.mp4,frame,check_brightness,PASS,frame=958 brightness normal; 35 <= 150 <=200,958
004,face_rgb,004_face_rgb.mp4,frame,check_face_detected,PASS,frame=960 face detected,960
004,face_rgb,004_face_rgb.mp4,frame,check_head_fully,PASS,frame=960 Head is fully visible,960
004,face_rgb,004_face_rgb.mp4,frame,check_face_size,PASS,frame=960 face=627x741 >= 180x180,960
004,face_rgb,004_face_rgb.mp4,frame,check_eyes_open,PASS,"frame=960 eyes open (L=0.35, R=0.34 > 0.25)",960
004,face_rgb,004_face_rgb.mp4,frame,check_face_blur,FAIL,frame=960 blur variance=8.4 < 90,960
004,face_rgb,004_face_rgb.mp4,frame,check_brightness,PASS,frame=960 brightness normal; 35 <= 149 <=200,960
004,face_rgb,004_face_rgb.mp4,frame,check_face_detected,PASS,frame=962 face detected,962
004,face_rgb,004_face_rgb.mp4,frame,check_head_fully,PASS,frame=962 Head is fully visible,962
004,face_rgb,004_face_rgb.mp4,frame,check_face_size,PASS,frame=962 face=626x745 >= 180x180,962
004,face_rgb,004_face_rgb.mp4,frame,check_eyes_open,PASS,"frame=962 eyes open (L=0.36, R=0.35 > 0.25)",962
004,face_rgb,004_face_rgb.mp4,frame,check_face_blur,FAIL,frame=962 blur variance=8.2 < 90,962
004,face_rgb,004_face_rgb.mp4,frame,check_brightness,PASS,frame=962 brightness normal; 35 <= 148 <=200,962
004,face_rgb,004_face_rgb.mp4,frame,check_face_detected,PASS,frame=964 face detected,964
004,face_rgb,004_face_rgb.mp4,frame,check_head_fully,PASS,frame=964 Head is fully visible,964
004,face_rgb,004_face_rgb.mp4,frame,check_face_size,PASS,frame=964 face=627x739 >= 180x180,964
004,face_rgb,004_face_rgb.mp4,frame,check_eyes_open,PASS,"frame=964 eyes open (L=0.36, R=0.36 > 0.25)",964
004,face_rgb,004_face_rgb.mp4,frame,check_face_blur,FAIL,frame=964 blur variance=8.3 < 90,964
004,face_rgb,004_face_rgb.mp4,frame,check_brightness,PASS,frame=964 brightness normal; 35 <= 147 <=200,964
004,face_rgb,004_face_rgb.mp4,frame,check_face_detected,PASS,frame=966 face detected,966
004,face_rgb,004_face_rgb.mp4,frame,check_head_fully,PASS,frame=966 Head is fully visible,966
004,face_rgb,004_face_rgb.mp4,frame,check_face_size,PASS,frame=966 face=628x744 >= 180x180,966
004,face_rgb,004_face_rgb.mp4,frame,check_eyes_open,PASS,"frame=966 eyes open (L=0.36, R=0.36 > 0.25)",966
004,face_rgb,004_face_rgb.mp4,frame,check_face_blur,FAIL,frame=966 blur variance=7.4 < 90,966
004,face_rgb,004_face_rgb.mp4,frame,check_brightness,PASS,frame=966 brightness normal; 35 <= 145 <=200,966
004,face_rgb,004_face_rgb.mp4,frame,check_face_detected,PASS,frame=970 face detected,970
004,face_rgb,004_face_rgb.mp4,frame,check_head_fully,PASS,frame=970 Head is fully visible,970
004,face_rgb,004_face_rgb.mp4,frame,check_face_size,PASS,frame=970 face=625x727 >= 180x180,970
004,face_rgb,004_face_rgb.mp4,frame,check_eyes_open,PASS,"frame=970 eyes open (L=0.36, R=0.37 > 0.25)",970
004,face_rgb,004_face_rgb.mp4,frame,check_face_blur,FAIL,frame=970 blur variance=5.6 < 90,970
004,face_rgb,004_face_rgb.mp4,frame,check_brightness,PASS,frame=970 brightness normal; 35 <= 142 <=200,970
004,face_rgb,004_face_rgb.mp4,frame,check_face_detected,PASS,frame=972 face detected,972
004,face_rgb,004_face_rgb.mp4,frame,check_head_fully,PASS,frame=972 Head is fully visible,972
004,face_rgb,004_face_rgb.mp4,frame,check_face_size,PASS,frame=972 face=620x714 >= 180x180,972
004,face_rgb,004_face_rgb.mp4,frame,check_eyes_open,PASS,"frame=972 eyes open (L=0.36, R=0.38 > 0.25)",972
004,face_rgb,004_face_rgb.mp4,frame,check_face_blur,FAIL,frame=972 blur variance=3.4 < 90,972
004,face_rgb,004_face_rgb.mp4,frame,check_brightness,PASS,frame=972 brightness normal; 35 <= 142 <=200,972
004,face_rgb,004_face_rgb.mp4,frame,check_face_detected,PASS,frame=974 face detected,974
004,face_rgb,004_face_rgb.mp4,frame,check_head_fully,PASS,frame=974 Head is fully visible,974
004,face_rgb,004_face_rgb.mp4,frame,check_face_size,SKIP,frame=974 non-frontal (label=down); not judged,974
004,face_rgb,004_face_rgb.mp4,frame,check_eyes_open,SKIP,frame=974 non-frontal (label=down); not judged,974
004,face_rgb,004_face_rgb.mp4,frame,check_face_blur,SKIP,frame=974 non-frontal (label=down); not judged,974
004,face_rgb,004_face_rgb.mp4,frame,check_brightness,SKIP,frame=974 non-frontal (label=down); not judged,974
004,face_rgb,004_face_rgb.mp4,frame,check_face_detected,PASS,frame=976 face detected,976
004,face_rgb,004_face_rgb.mp4,frame,check_head_fully,PASS,frame=976 Head is fully visible,976
004,face_rgb,004_face_rgb.mp4,frame,check_face_size,SKIP,frame=976 non-frontal (label=down); not judged,976
004,face_rgb,004_face_rgb.mp4,frame,check_eyes_open,SKIP,frame=976 non-frontal (label=down); not judged,976
004,face_rgb,004_face_rgb.mp4,frame,check_face_blur,SKIP,frame=976 non-frontal (label=down); not judged,976
004,face_rgb,004_face_rgb.mp4,frame,check_brightness,SKIP,frame=976 non-frontal (label=down); not judged,976
004,face_rgb,004_face_rgb.mp4,frame,check_face_detected,PASS,frame=978 face detected,978
004,face_rgb,004_face_rgb.mp4,frame,check_head_fully,PASS,frame=978 Head is fully visible,978
004,face_rgb,004_face_rgb.mp4,frame,check_face_size,SKIP,frame=978 non-frontal (label=down); not judged,978
004,face_rgb,004_face_rgb.mp4,frame,check_eyes_open,SKIP,frame=978 non-frontal (label=down); not judged,978
004,face_rgb,004_face_rgb.mp4,frame,check_face_blur,SKIP,frame=978 non-frontal (label=down); not judged,978
004,face_rgb,004_face_rgb.mp4,frame,check_brightness,SKIP,frame=978 non-frontal (label=down); not judged,978
004,face_rgb,004_face_rgb.mp4,frame,check_face_detected,PASS,frame=980 face detected,980
004,face_rgb,004_face_rgb.mp4,frame,check_head_fully,PASS,frame=980 Head is fully visible,980
004,face_rgb,004_face_rgb.mp4,frame,check_face_size,SKIP,frame=980 non-frontal (label=down); not judged,980
004,face_rgb,004_face_rgb.mp4,frame,check_eyes_open,SKIP,frame=980 non-frontal (label=down); not judged,980
004,face_rgb,004_face_rgb.mp4,frame,check_face_blur,SKIP,frame=980 non-frontal (label=down); not judged,980
004,face_rgb,004_face_rgb.mp4,frame,check_brightness,SKIP,frame=980 non-frontal (label=down); not judged,980
004,face_rgb,004_face_rgb.mp4,frame,check_face_detected,PASS,frame=982 face detected,982
004,face_rgb,004_face_rgb.mp4,frame,check_head_fully,PASS,frame=982 Head is fully visible,982
004,face_rgb,004_face_rgb.mp4,frame,check_face_size,SKIP,frame=982 non-frontal (label=down); not judged,982
004,face_rgb,004_face_rgb.mp4,frame,check_eyes_open,SKIP,frame=982 non-frontal (label=down); not judged,982
004,face_rgb,004_face_rgb.mp4,frame,check_face_blur,SKIP,frame=982 non-frontal (label=down); not judged,982
004,face_rgb,004_face_rgb.mp4,frame,check_brightness,SKIP,frame=982 non-frontal (label=down); not judged,982
004,face_rgb,004_face_rgb.mp4,frame,check_face_detected,PASS,frame=984 face detected,984
004,face_rgb,004_face_rgb.mp4,frame,check_head_fully,PASS,frame=984 Head is fully visible,984
004,face_rgb,004_face_rgb.mp4,frame,check_face_size,SKIP,frame=984 non-frontal (label=down); not judged,984
004,face_rgb,004_face_rgb.mp4,frame,check_eyes_open,SKIP,frame=984 non-frontal (label=down); not judged,984
004,face_rgb,004_face_rgb.mp4,frame,check_face_blur,SKIP,frame=984 non-frontal (label=down); not judged,984
004,face_rgb,004_face_rgb.mp4,frame,check_brightness,SKIP,frame=984 non-frontal (label=down); not judged,984
004,face_rgb,004_face_rgb.mp4,frame,check_face_detected,PASS,frame=986 face detected,986
004,face_rgb,004_face_rgb.mp4,frame,check_head_fully,PASS,frame=986 Head is fully visible,986
004,face_rgb,004_face_rgb.mp4,frame,check_face_size,SKIP,frame=986 non-frontal (label=down); not judged,986
004,face_rgb,004_face_rgb.mp4,frame,check_eyes_open,SKIP,frame=986 non-frontal (label=down); not judged,986
004,face_rgb,004_face_rgb.mp4,frame,check_face_blur,SKIP,frame=986 non-frontal (label=down); not judged,986
004,face_rgb,004_face_rgb.mp4,frame,check_brightness,SKIP,frame=986 non-frontal (label=down); not judged,986
004,face_rgb,004_face_rgb.mp4,frame,check_face_detected,PASS,frame=988 face detected,988
004,face_rgb,004_face_rgb.mp4,frame,check_head_fully,PASS,frame=988 Head is fully visible,988
004,face_rgb,004_face_rgb.mp4,frame,check_face_size,SKIP,frame=988 non-frontal (label=down); not judged,988
004,face_rgb,004_face_rgb.mp4,frame,check_eyes_open,SKIP,frame=988 non-frontal (label=down); not judged,988
004,face_rgb,004_face_rgb.mp4,frame,check_face_blur,SKIP,frame=988 non-frontal (label=down); not judged,988
004,face_rgb,004_face_rgb.mp4,frame,check_brightness,SKIP,frame=988 non-frontal (label=down); not judged,988
004,face_rgb,004_face_rgb.mp4,frame,check_face_detected,PASS,frame=990 face detected,990
004,face_rgb,004_face_rgb.mp4,frame,check_head_fully,PASS,frame=990 Head is fully visible,990
004,face_rgb,004_face_rgb.mp4,frame,check_face_size,SKIP,frame=990 non-frontal (label=down); not judged,990
004,face_rgb,004_face_rgb.mp4,frame,check_eyes_open,SKIP,frame=990 non-frontal (label=down); not judged,990
004,face_rgb,004_face_rgb.mp4,frame,check_face_blur,SKIP,frame=990 non-frontal (label=down); not judged,990
004,face_rgb,004_face_rgb.mp4,frame,check_brightness,SKIP,frame=990 non-frontal (label=down); not judged,990
004,face_rgb,004_face_rgb.mp4,frame,check_face_detected,PASS,frame=992 face detected,992
004,face_rgb,004_face_rgb.mp4,frame,check_head_fully,PASS,frame=992 Head is fully visible,992
004,face_rgb,004_face_rgb.mp4,frame,check_face_size,SKIP,frame=992 non-frontal (label=down); not judged,992
004,face_rgb,004_face_rgb.mp4,frame,check_eyes_open,SKIP,frame=992 non-frontal (label=down); not judged,992
004,face_rgb,004_face_rgb.mp4,frame,check_face_blur,SKIP,frame=992 non-frontal (label=down); not judged,992
004,face_rgb,004_face_rgb.mp4,frame,check_brightness,SKIP,frame=992 non-frontal (label=down); not judged,992
004,face_rgb,004_face_rgb.mp4,frame,check_face_detected,PASS,frame=994 face detected,994
004,face_rgb,004_face_rgb.mp4,frame,check_head_fully,PASS,frame=994 Head is fully visible,994
004,face_rgb,004_face_rgb.mp4,frame,check_face_size,SKIP,frame=994 non-frontal (label=down); not judged,994
004,face_rgb,004_face_rgb.mp4,frame,check_eyes_open,SKIP,frame=994 non-frontal (label=down); not judged,994
004,face_rgb,004_face_rgb.mp4,frame,check_face_blur,SKIP,frame=994 non-frontal (label=down); not judged,994
004,face_rgb,004_face_rgb.mp4,frame,check_brightness,SKIP,frame=994 non-frontal (label=down); not judged,994
004,face_rgb,004_face_rgb.mp4,frame,check_face_detected,PASS,frame=998 face detected,998
004,face_rgb,004_face_rgb.mp4,frame,check_head_fully,PASS,frame=998 Head is fully visible,998
004,face_rgb,004_face_rgb.mp4,frame,check_face_size,SKIP,frame=998 non-frontal (label=down); not judged,998
004,face_rgb,004_face_rgb.mp4,frame,check_eyes_open,SKIP,frame=998 non-frontal (label=down); not judged,998
004,face_rgb,004_face_rgb.mp4,frame,check_face_blur,SKIP,frame=998 non-frontal (label=down); not judged,998
004,face_rgb,004_face_rgb.mp4,frame,check_brightness,SKIP,frame=998 non-frontal (label=down); not judged,998
004,face_rgb,004_face_rgb.mp4,frame,check_face_detected,PASS,frame=1000 face detected,1000
004,face_rgb,004_face_rgb.mp4,frame,check_head_fully,PASS,frame=1000 Head is fully visible,1000
004,face_rgb,004_face_rgb.mp4,frame,check_face_size,SKIP,frame=1000 non-frontal (label=down); not judged,1000
004,face_rgb,004_face_rgb.mp4,frame,check_eyes_open,SKIP,frame=1000 non-frontal (label=down); not judged,1000
004,face_rgb,004_face_rgb.mp4,frame,check_face_blur,SKIP,frame=1000 non-frontal (label=down); not judged,1000
004,face_rgb,004_face_rgb.mp4,frame,check_brightness,SKIP,frame=1000 non-frontal (label=down); not judged,1000
004,face_rgb,004_face_rgb.mp4,frame,check_face_detected,PASS,frame=1002 face detected,1002
004,face_rgb,004_face_rgb.mp4,frame,check_head_fully,PASS,frame=1002 Head is fully visible,1002
004,face_rgb,004_face_rgb.mp4,frame,check_face_size,SKIP,frame=1002 non-frontal (label=down); not judged,1002
004,face_rgb,004_face_rgb.mp4,frame,check_eyes_open,SKIP,frame=1002 non-frontal (label=down); not judged,1002
004,face_rgb,004_face_rgb.mp4,frame,check_face_blur,SKIP,frame=1002 non-frontal (label=down); not judged,1002
004,face_rgb,004_face_rgb.mp4,frame,check_brightness,SKIP,frame=1002 non-frontal (label=down); not judged,1002
004,face_rgb,004_face_rgb.mp4,frame,check_face_detected,PASS,frame=1004 face detected,1004
004,face_rgb,004_face_rgb.mp4,frame,check_head_fully,PASS,frame=1004 Head is fully visible,1004
004,face_rgb,004_face_rgb.mp4,frame,check_face_size,SKIP,frame=1004 non-frontal (label=down); not judged,1004
004,face_rgb,004_face_rgb.mp4,frame,check_eyes_open,SKIP,frame=1004 non-frontal (label=down); not judged,1004
004,face_rgb,004_face_rgb.mp4,frame,check_face_blur,SKIP,frame=1004 non-frontal (label=down); not judged,1004
004,face_rgb,004_face_rgb.mp4,frame,check_brightness,SKIP,frame=1004 non-frontal (label=down); not judged,1004
004,face_rgb,004_face_rgb.mp4,frame,check_face_detected,PASS,frame=1006 face detected,1006
004,face_rgb,004_face_rgb.mp4,frame,check_head_fully,PASS,frame=1006 Head is fully visible,1006
004,face_rgb,004_face_rgb.mp4,frame,check_face_size,SKIP,frame=1006 non-frontal (label=down); not judged,1006
004,face_rgb,004_face_rgb.mp4,frame,check_eyes_open,SKIP,frame=1006 non-frontal (label=down); not judged,1006
004,face_rgb,004_face_rgb.mp4,frame,check_face_blur,SKIP,frame=1006 non-frontal (label=down); not judged,1006
004,face_rgb,004_face_rgb.mp4,frame,check_brightness,SKIP,frame=1006 non-frontal (label=down); not judged,1006
004,face_rgb,004_face_rgb.mp4,frame,check_face_detected,PASS,frame=1008 face detected,1008
004,face_rgb,004_face_rgb.mp4,frame,check_head_fully,PASS,frame=1008 Head is fully visible,1008
004,face_rgb,004_face_rgb.mp4,frame,check_face_size,SKIP,frame=1008 non-frontal (label=down); not judged,1008
004,face_rgb,004_face_rgb.mp4,frame,check_eyes_open,SKIP,frame=1008 non-frontal (label=down); not judged,1008
004,face_rgb,004_face_rgb.mp4,frame,check_face_blur,SKIP,frame=1008 non-frontal (label=down); not judged,1008
004,face_rgb,004_face_rgb.mp4,frame,check_brightness,SKIP,frame=1008 non-frontal (label=down); not judged,1008
004,face_rgb,004_face_rgb.mp4,frame,check_face_detected,PASS,frame=1010 face detected,1010
004,face_rgb,004_face_rgb.mp4,frame,check_head_fully,PASS,frame=1010 Head is fully visible,1010
004,face_rgb,004_face_rgb.mp4,frame,check_face_size,SKIP,frame=1010 non-frontal (label=down); not judged,1010
004,face_rgb,004_face_rgb.mp4,frame,check_eyes_open,SKIP,frame=1010 non-frontal (label=down); not judged,1010
004,face_rgb,004_face_rgb.mp4,frame,check_face_blur,SKIP,frame=1010 non-frontal (label=down); not judged,1010
004,face_rgb,004_face_rgb.mp4,frame,check_brightness,SKIP,frame=1010 non-frontal (label=down); not judged,1010
004,face_rgb,004_face_rgb.mp4,frame,check_face_detected,PASS,frame=1012 face detected,1012
004,face_rgb,004_face_rgb.mp4,frame,check_head_fully,PASS,frame=1012 Head is fully visible,1012
004,face_rgb,004_face_rgb.mp4,frame,check_face_size,SKIP,frame=1012 non-frontal (label=down); not judged,1012
004,face_rgb,004_face_rgb.mp4,frame,check_eyes_open,SKIP,frame=1012 non-frontal (label=down); not judged,1012
004,face_rgb,004_face_rgb.mp4,frame,check_face_blur,SKIP,frame=1012 non-frontal (label=down); not judged,1012
004,face_rgb,004_face_rgb.mp4,frame,check_brightness,SKIP,frame=1012 non-frontal (label=down); not judged,1012
004,face_rgb,004_face_rgb.mp4,frame,check_face_detected,PASS,frame=1014 face detected,1014
004,face_rgb,004_face_rgb.mp4,frame,check_head_fully,PASS,frame=1014 Head is fully visible,1014
004,face_rgb,004_face_rgb.mp4,frame,check_face_size,SKIP,frame=1014 non-frontal (label=down); not judged,1014
004,face_rgb,004_face_rgb.mp4,frame,check_eyes_open,SKIP,frame=1014 non-frontal (label=down); not judged,1014
004,face_rgb,004_face_rgb.mp4,frame,check_face_blur,SKIP,frame=1014 non-frontal (label=down); not judged,1014
004,face_rgb,004_face_rgb.mp4,frame,check_brightness,SKIP,frame=1014 non-frontal (label=down); not judged,1014
004,face_rgb,004_face_rgb.mp4,frame,check_face_detected,PASS,frame=1016 face detected,1016
004,face_rgb,004_face_rgb.mp4,frame,check_head_fully,PASS,frame=1016 Head is fully visible,1016
004,face_rgb,004_face_rgb.mp4,frame,check_face_size,SKIP,frame=1016 non-frontal (label=down); not judged,1016
004,face_rgb,004_face_rgb.mp4,frame,check_eyes_open,SKIP,frame=1016 non-frontal (label=down); not judged,1016
004,face_rgb,004_face_rgb.mp4,frame,check_face_blur,SKIP,frame=1016 non-frontal (label=down); not judged,1016
004,face_rgb,004_face_rgb.mp4,frame,check_brightness,SKIP,frame=1016 non-frontal (label=down); not judged,1016
004,face_rgb,004_face_rgb.mp4,frame,check_face_detected,PASS,frame=1018 face detected,1018
004,face_rgb,004_face_rgb.mp4,frame,check_head_fully,PASS,frame=1018 Head is fully visible,1018
004,face_rgb,004_face_rgb.mp4,frame,check_face_size,SKIP,frame=1018 non-frontal (label=down); not judged,1018
004,face_rgb,004_face_rgb.mp4,frame,check_eyes_open,SKIP,frame=1018 non-frontal (label=down); not judged,1018
004,face_rgb,004_face_rgb.mp4,frame,check_face_blur,SKIP,frame=1018 non-frontal (label=down); not judged,1018
004,face_rgb,004_face_rgb.mp4,frame,check_brightness,SKIP,frame=1018 non-frontal (label=down); not judged,1018
004,face_rgb,004_face_rgb.mp4,frame,check_face_detected,PASS,frame=1020 face detected,1020
004,face_rgb,004_face_rgb.mp4,frame,check_head_fully,PASS,frame=1020 Head is fully visible,1020
004,face_rgb,004_face_rgb.mp4,frame,check_face_size,SKIP,frame=1020 non-frontal (label=down); not judged,1020
004,face_rgb,004_face_rgb.mp4,frame,check_eyes_open,SKIP,frame=1020 non-frontal (label=down); not judged,1020
004,face_rgb,004_face_rgb.mp4,frame,check_face_blur,SKIP,frame=1020 non-frontal (label=down); not judged,1020
004,face_rgb,004_face_rgb.mp4,frame,check_brightness,SKIP,frame=1020 non-frontal (label=down); not judged,1020
004,face_rgb,004_face_rgb.mp4,frame,check_face_detected,PASS,frame=1022 face detected,1022
004,face_rgb,004_face_rgb.mp4,frame,check_head_fully,PASS,frame=1022 Head is fully visible,1022
004,face_rgb,004_face_rgb.mp4,frame,check_face_size,SKIP,frame=1022 non-frontal (label=down); not judged,1022
004,face_rgb,004_face_rgb.mp4,frame,check_eyes_open,SKIP,frame=1022 non-frontal (label=down); not judged,1022
004,face_rgb,004_face_rgb.mp4,frame,check_face_blur,SKIP,frame=1022 non-frontal (label=down); not judged,1022
004,face_rgb,004_face_rgb.mp4,frame,check_brightness,SKIP,frame=1022 non-frontal (label=down); not judged,1022
004,face_rgb,004_face_rgb.mp4,frame,check_face_detected,PASS,frame=1026 face detected,1026
004,face_rgb,004_face_rgb.mp4,frame,check_head_fully,PASS,frame=1026 Head is fully visible,1026
004,face_rgb,004_face_rgb.mp4,frame,check_face_size,SKIP,frame=1026 non-frontal (label=down); not judged,1026
004,face_rgb,004_face_rgb.mp4,frame,check_eyes_open,SKIP,frame=1026 non-frontal (label=down); not judged,1026
004,face_rgb,004_face_rgb.mp4,frame,check_face_blur,SKIP,frame=1026 non-frontal (label=down); not judged,1026
004,face_rgb,004_face_rgb.mp4,frame,check_brightness,SKIP,frame=1026 non-frontal (label=down); not judged,1026
004,face_rgb,004_face_rgb.mp4,frame,check_face_detected,PASS,frame=1028 face detected,1028
004,face_rgb,004_face_rgb.mp4,frame,check_head_fully,PASS,frame=1028 Head is fully visible,1028
004,face_rgb,004_face_rgb.mp4,frame,check_face_size,SKIP,frame=1028 non-frontal (label=down); not judged,1028
004,face_rgb,004_face_rgb.mp4,frame,check_eyes_open,SKIP,frame=1028 non-frontal (label=down); not judged,1028
004,face_rgb,004_face_rgb.mp4,frame,check_face_blur,SKIP,frame=1028 non-frontal (label=down); not judged,1028
004,face_rgb,004_face_rgb.mp4,frame,check_brightness,SKIP,frame=1028 non-frontal (label=down); not judged,1028
004,face_rgb,004_face_rgb.mp4,frame,check_face_detected,PASS,frame=1030 face detected,1030
004,face_rgb,004_face_rgb.mp4,frame,check_head_fully,PASS,frame=1030 Head is fully visible,1030
004,face_rgb,004_face_rgb.mp4,frame,check_face_size,SKIP,frame=1030 non-frontal (label=down); not judged,1030
004,face_rgb,004_face_rgb.mp4,frame,check_eyes_open,SKIP,frame=1030 non-frontal (label=down); not judged,1030
004,face_rgb,004_face_rgb.mp4,frame,check_face_blur,SKIP,frame=1030 non-frontal (label=down); not judged,1030
004,face_rgb,004_face_rgb.mp4,frame,check_brightness,SKIP,frame=1030 non-frontal (label=down); not judged,1030
004,face_rgb,004_face_rgb.mp4,frame,check_face_detected,PASS,frame=1032 face detected,1032
004,face_rgb,004_face_rgb.mp4,frame,check_head_fully,PASS,frame=1032 Head is fully visible,1032
004,face_rgb,004_face_rgb.mp4,frame,check_face_size,SKIP,frame=1032 non-frontal (label=down); not judged,1032
004,face_rgb,004_face_rgb.mp4,frame,check_eyes_open,SKIP,frame=1032 non-frontal (label=down); not judged,1032
004,face_rgb,004_face_rgb.mp4,frame,check_face_blur,SKIP,frame=1032 non-frontal (label=down); not judged,1032
004,face_rgb,004_face_rgb.mp4,frame,check_brightness,SKIP,frame=1032 non-frontal (label=down); not judged,1032
004,face_rgb,004_face_rgb.mp4,frame,check_face_detected,PASS,frame=1034 face detected,1034
004,face_rgb,004_face_rgb.mp4,frame,check_head_fully,PASS,frame=1034 Head is fully visible,1034
004,face_rgb,004_face_rgb.mp4,frame,check_face_size,SKIP,frame=1034 non-frontal (label=down); not judged,1034
004,face_rgb,004_face_rgb.mp4,frame,check_eyes_open,SKIP,frame=1034 non-frontal (label=down); not judged,1034
004,face_rgb,004_face_rgb.mp4,frame,check_face_blur,SKIP,frame=1034 non-frontal (label=down); not judged,1034
004,face_rgb,004_face_rgb.mp4,frame,check_brightness,SKIP,frame=1034 non-frontal (label=down); not judged,1034
004,face_rgb,004_face_rgb.mp4,frame,check_face_detected,PASS,frame=1036 face detected,1036
004,face_rgb,004_face_rgb.mp4,frame,check_head_fully,PASS,frame=1036 Head is fully visible,1036
004,face_rgb,004_face_rgb.mp4,frame,check_face_size,SKIP,frame=1036 non-frontal (label=down); not judged,1036
004,face_rgb,004_face_rgb.mp4,frame,check_eyes_open,SKIP,frame=1036 non-frontal (label=down); not judged,1036
004,face_rgb,004_face_rgb.mp4,frame,check_face_blur,SKIP,frame=1036 non-frontal (label=down); not judged,1036
004,face_rgb,004_face_rgb.mp4,frame,check_brightness,SKIP,frame=1036 non-frontal (label=down); not judged,1036
004,face_rgb,004_face_rgb.mp4,frame,check_face_detected,PASS,frame=1038 face detected,1038
004,face_rgb,004_face_rgb.mp4,frame,check_head_fully,PASS,frame=1038 Head is fully visible,1038
004,face_rgb,004_face_rgb.mp4,frame,check_face_size,SKIP,frame=1038 non-frontal (label=down); not judged,1038
004,face_rgb,004_face_rgb.mp4,frame,check_eyes_open,SKIP,frame=1038 non-frontal (label=down); not judged,1038
004,face_rgb,004_face_rgb.mp4,frame,check_face_blur,SKIP,frame=1038 non-frontal (label=down); not judged,1038
004,face_rgb,004_face_rgb.mp4,frame,check_brightness,SKIP,frame=1038 non-frontal (label=down); not judged,1038
004,face_rgb,004_face_rgb.mp4,frame,check_face_detected,PASS,frame=1040 face detected,1040
004,face_rgb,004_face_rgb.mp4,frame,check_head_fully,PASS,frame=1040 Head is fully visible,1040
004,face_rgb,004_face_rgb.mp4,frame,check_face_size,SKIP,frame=1040 non-frontal (label=down); not judged,1040
004,face_rgb,004_face_rgb.mp4,frame,check_eyes_open,SKIP,frame=1040 non-frontal (label=down); not judged,1040
004,face_rgb,004_face_rgb.mp4,frame,check_face_blur,SKIP,frame=1040 non-frontal (label=down); not judged,1040
004,face_rgb,004_face_rgb.mp4,frame,check_brightness,SKIP,frame=1040 non-frontal (label=down); not judged,1040
004,face_rgb,004_face_rgb.mp4,frame,check_face_detected,PASS,frame=1042 face detected,1042
004,face_rgb,004_face_rgb.mp4,frame,check_head_fully,PASS,frame=1042 Head is fully visible,1042
004,face_rgb,004_face_rgb.mp4,frame,check_face_size,SKIP,frame=1042 non-frontal (label=down); not judged,1042
004,face_rgb,004_face_rgb.mp4,frame,check_eyes_open,SKIP,frame=1042 non-frontal (label=down); not judged,1042
004,face_rgb,004_face_rgb.mp4,frame,check_face_blur,SKIP,frame=1042 non-frontal (label=down); not judged,1042
004,face_rgb,004_face_rgb.mp4,frame,check_brightness,SKIP,frame=1042 non-frontal (label=down); not judged,1042
004,face_rgb,004_face_rgb.mp4,frame,check_face_detected,PASS,frame=1044 face detected,1044
004,face_rgb,004_face_rgb.mp4,frame,check_head_fully,PASS,frame=1044 Head is fully visible,1044
004,face_rgb,004_face_rgb.mp4,frame,check_face_size,SKIP,frame=1044 non-frontal (label=down); not judged,1044
004,face_rgb,004_face_rgb.mp4,frame,check_eyes_open,SKIP,frame=1044 non-frontal (label=down); not judged,1044
004,face_rgb,004_face_rgb.mp4,frame,check_face_blur,SKIP,frame=1044 non-frontal (label=down); not judged,1044
004,face_rgb,004_face_rgb.mp4,frame,check_brightness,SKIP,frame=1044 non-frontal (label=down); not judged,1044
004,face_rgb,004_face_rgb.mp4,frame,check_face_detected,PASS,frame=1046 face detected,1046
004,face_rgb,004_face_rgb.mp4,frame,check_head_fully,PASS,frame=1046 Head is fully visible,1046
004,face_rgb,004_face_rgb.mp4,frame,check_face_size,SKIP,frame=1046 non-frontal (label=down); not judged,1046
004,face_rgb,004_face_rgb.mp4,frame,check_eyes_open,SKIP,frame=1046 non-frontal (label=down); not judged,1046
004,face_rgb,004_face_rgb.mp4,frame,check_face_blur,SKIP,frame=1046 non-frontal (label=down); not judged,1046
004,face_rgb,004_face_rgb.mp4,frame,check_brightness,SKIP,frame=1046 non-frontal (label=down); not judged,1046
004,face_rgb,004_face_rgb.mp4,frame,check_face_detected,PASS,frame=1048 face detected,1048
004,face_rgb,004_face_rgb.mp4,frame,check_head_fully,PASS,frame=1048 Head is fully visible,1048
004,face_rgb,004_face_rgb.mp4,frame,check_face_size,SKIP,frame=1048 non-frontal (label=down); not judged,1048
004,face_rgb,004_face_rgb.mp4,frame,check_eyes_open,SKIP,frame=1048 non-frontal (label=down); not judged,1048
004,face_rgb,004_face_rgb.mp4,frame,check_face_blur,SKIP,frame=1048 non-frontal (label=down); not judged,1048
004,face_rgb,004_face_rgb.mp4,frame,check_brightness,SKIP,frame=1048 non-frontal (label=down); not judged,1048
004,face_rgb,004_face_rgb.mp4,frame,check_face_detected,PASS,frame=1050 face detected,1050
004,face_rgb,004_face_rgb.mp4,frame,check_head_fully,PASS,frame=1050 Head is fully visible,1050
004,face_rgb,004_face_rgb.mp4,frame,check_face_size,SKIP,frame=1050 non-frontal (label=down); not judged,1050
004,face_rgb,004_face_rgb.mp4,frame,check_eyes_open,SKIP,frame=1050 non-frontal (label=down); not judged,1050
004,face_rgb,004_face_rgb.mp4,frame,check_face_blur,SKIP,frame=1050 non-frontal (label=down); not judged,1050
004,face_rgb,004_face_rgb.mp4,frame,check_brightness,SKIP,frame=1050 non-frontal (label=down); not judged,1050
004,face_rgb,004_face_rgb.mp4,frame,check_face_detected,PASS,frame=1054 face detected,1054
004,face_rgb,004_face_rgb.mp4,frame,check_head_fully,PASS,frame=1054 Head is fully visible,1054
004,face_rgb,004_face_rgb.mp4,frame,check_face_size,SKIP,frame=1054 non-frontal (label=down); not judged,1054
004,face_rgb,004_face_rgb.mp4,frame,check_eyes_open,SKIP,frame=1054 non-frontal (label=down); not judged,1054
004,face_rgb,004_face_rgb.mp4,frame,check_face_blur,SKIP,frame=1054 non-frontal (label=down); not judged,1054
004,face_rgb,004_face_rgb.mp4,frame,check_brightness,SKIP,frame=1054 non-frontal (label=down); not judged,1054
004,face_rgb,004_face_rgb.mp4,frame,check_face_detected,PASS,frame=1056 face detected,1056
004,face_rgb,004_face_rgb.mp4,frame,check_head_fully,PASS,frame=1056 Head is fully visible,1056
004,face_rgb,004_face_rgb.mp4,frame,check_face_size,SKIP,frame=1056 non-frontal (label=down); not judged,1056
004,face_rgb,004_face_rgb.mp4,frame,check_eyes_open,SKIP,frame=1056 non-frontal (label=down); not judged,1056
004,face_rgb,004_face_rgb.mp4,frame,check_face_blur,SKIP,frame=1056 non-frontal (label=down); not judged,1056
004,face_rgb,004_face_rgb.mp4,frame,check_brightness,SKIP,frame=1056 non-frontal (label=down); not judged,1056
004,face_rgb,004_face_rgb.mp4,frame,check_face_detected,PASS,frame=1058 face detected,1058
004,face_rgb,004_face_rgb.mp4,frame,check_head_fully,PASS,frame=1058 Head is fully visible,1058
004,face_rgb,004_face_rgb.mp4,frame,check_face_size,SKIP,frame=1058 non-frontal (label=down); not judged,1058
004,face_rgb,004_face_rgb.mp4,frame,check_eyes_open,SKIP,frame=1058 non-frontal (label=down); not judged,1058
004,face_rgb,004_face_rgb.mp4,frame,check_face_blur,SKIP,frame=1058 non-frontal (label=down); not judged,1058
004,face_rgb,004_face_rgb.mp4,frame,check_brightness,SKIP,frame=1058 non-frontal (label=down); not judged,1058
004,face_rgb,004_face_rgb.mp4,frame,check_face_detected,PASS,frame=1060 face detected,1060
004,face_rgb,004_face_rgb.mp4,frame,check_head_fully,PASS,frame=1060 Head is fully visible,1060
004,face_rgb,004_face_rgb.mp4,frame,check_face_size,SKIP,frame=1060 non-frontal (label=down); not judged,1060
004,face_rgb,004_face_rgb.mp4,frame,check_eyes_open,SKIP,frame=1060 non-frontal (label=down); not judged,1060
004,face_rgb,004_face_rgb.mp4,frame,check_face_blur,SKIP,frame=1060 non-frontal (label=down); not judged,1060
004,face_rgb,004_face_rgb.mp4,frame,check_brightness,SKIP,frame=1060 non-frontal (label=down); not judged,1060
004,face_rgb,004_face_rgb.mp4,frame,check_face_detected,PASS,frame=1062 face detected,1062
004,face_rgb,004_face_rgb.mp4,frame,check_head_fully,PASS,frame=1062 Head is fully visible,1062
004,face_rgb,004_face_rgb.mp4,frame,check_face_size,SKIP,frame=1062 non-frontal (label=down); not judged,1062
004,face_rgb,004_face_rgb.mp4,frame,check_eyes_open,SKIP,frame=1062 non-frontal (label=down); not judged,1062
004,face_rgb,004_face_rgb.mp4,frame,check_face_blur,SKIP,frame=1062 non-frontal (label=down); not judged,1062
004,face_rgb,004_face_rgb.mp4,frame,check_brightness,SKIP,frame=1062 non-frontal (label=down); not judged,1062
004,face_rgb,004_face_rgb.mp4,frame,check_face_detected,PASS,frame=1064 face detected,1064
004,face_rgb,004_face_rgb.mp4,frame,check_head_fully,PASS,frame=1064 Head is fully visible,1064
004,face_rgb,004_face_rgb.mp4,frame,check_face_size,SKIP,frame=1064 non-frontal (label=down); not judged,1064
004,face_rgb,004_face_rgb.mp4,frame,check_eyes_open,SKIP,frame=1064 non-frontal (label=down); not judged,1064
004,face_rgb,004_face_rgb.mp4,frame,check_face_blur,SKIP,frame=1064 non-frontal (label=down); not judged,1064
004,face_rgb,004_face_rgb.mp4,frame,check_brightness,SKIP,frame=1064 non-frontal (label=down); not judged,1064
004,face_rgb,004_face_rgb.mp4,frame,check_face_detected,PASS,frame=1066 face detected,1066
004,face_rgb,004_face_rgb.mp4,frame,check_head_fully,PASS,frame=1066 Head is fully visible,1066
004,face_rgb,004_face_rgb.mp4,frame,check_face_size,SKIP,frame=1066 non-frontal (label=down); not judged,1066
004,face_rgb,004_face_rgb.mp4,frame,check_eyes_open,SKIP,frame=1066 non-frontal (label=down); not judged,1066
004,face_rgb,004_face_rgb.mp4,frame,check_face_blur,SKIP,frame=1066 non-frontal (label=down); not judged,1066
004,face_rgb,004_face_rgb.mp4,frame,check_brightness,SKIP,frame=1066 non-frontal (label=down); not judged,1066
004,face_rgb,004_face_rgb.mp4,frame,check_face_detected,PASS,frame=1068 face detected,1068
004,face_rgb,004_face_rgb.mp4,frame,check_head_fully,PASS,frame=1068 Head is fully visible,1068
004,face_rgb,004_face_rgb.mp4,frame,check_face_size,SKIP,frame=1068 non-frontal (label=down); not judged,1068
004,face_rgb,004_face_rgb.mp4,frame,check_eyes_open,SKIP,frame=1068 non-frontal (label=down); not judged,1068
004,face_rgb,004_face_rgb.mp4,frame,check_face_blur,SKIP,frame=1068 non-frontal (label=down); not judged,1068
004,face_rgb,004_face_rgb.mp4,frame,check_brightness,SKIP,frame=1068 non-frontal (label=down); not judged,1068
004,face_rgb,004_face_rgb.mp4,frame,check_face_detected,PASS,frame=1070 face detected,1070
004,face_rgb,004_face_rgb.mp4,frame,check_head_fully,PASS,frame=1070 Head is fully visible,1070
004,face_rgb,004_face_rgb.mp4,frame,check_face_size,SKIP,frame=1070 non-frontal (label=down); not judged,1070
004,face_rgb,004_face_rgb.mp4,frame,check_eyes_open,SKIP,frame=1070 non-frontal (label=down); not judged,1070
004,face_rgb,004_face_rgb.mp4,frame,check_face_blur,SKIP,frame=1070 non-frontal (label=down); not judged,1070
004,face_rgb,004_face_rgb.mp4,frame,check_brightness,SKIP,frame=1070 non-frontal (label=down); not judged,1070
004,face_rgb,004_face_rgb.mp4,frame,check_face_detected,PASS,frame=1072 face detected,1072
004,face_rgb,004_face_rgb.mp4,frame,check_head_fully,PASS,frame=1072 Head is fully visible,1072
004,face_rgb,004_face_rgb.mp4,frame,check_face_size,SKIP,frame=1072 non-frontal (label=down); not judged,1072
004,face_rgb,004_face_rgb.mp4,frame,check_eyes_open,SKIP,frame=1072 non-frontal (label=down); not judged,1072
004,face_rgb,004_face_rgb.mp4,frame,check_face_blur,SKIP,frame=1072 non-frontal (label=down); not judged,1072
004,face_rgb,004_face_rgb.mp4,frame,check_brightness,SKIP,frame=1072 non-frontal (label=down); not judged,1072
004,face_rgb,004_face_rgb.mp4,frame,check_face_detected,PASS,frame=1074 face detected,1074
004,face_rgb,004_face_rgb.mp4,frame,check_head_fully,PASS,frame=1074 Head is fully visible,1074
004,face_rgb,004_face_rgb.mp4,frame,check_face_size,SKIP,frame=1074 non-frontal (label=down); not judged,1074
004,face_rgb,004_face_rgb.mp4,frame,check_eyes_open,SKIP,frame=1074 non-frontal (label=down); not judged,1074
004,face_rgb,004_face_rgb.mp4,frame,check_face_blur,SKIP,frame=1074 non-frontal (label=down); not judged,1074
004,face_rgb,004_face_rgb.mp4,frame,check_brightness,SKIP,frame=1074 non-frontal (label=down); not judged,1074
004,face_rgb,004_face_rgb.mp4,frame,check_face_detected,PASS,frame=1076 face detected,1076
004,face_rgb,004_face_rgb.mp4,frame,check_head_fully,PASS,frame=1076 Head is fully visible,1076
004,face_rgb,004_face_rgb.mp4,frame,check_face_size,SKIP,frame=1076 non-frontal (label=down); not judged,1076
004,face_rgb,004_face_rgb.mp4,frame,check_eyes_open,SKIP,frame=1076 non-frontal (label=down); not judged,1076
004,face_rgb,004_face_rgb.mp4,frame,check_face_blur,SKIP,frame=1076 non-frontal (label=down); not judged,1076
004,face_rgb,004_face_rgb.mp4,frame,check_brightness,SKIP,frame=1076 non-frontal (label=down); not judged,1076
004,face_rgb,004_face_rgb.mp4,frame,check_face_detected,PASS,frame=1078 face detected,1078
004,face_rgb,004_face_rgb.mp4,frame,check_head_fully,PASS,frame=1078 Head is fully visible,1078
004,face_rgb,004_face_rgb.mp4,frame,check_face_size,SKIP,frame=1078 non-frontal (label=down); not judged,1078
004,face_rgb,004_face_rgb.mp4,frame,check_eyes_open,SKIP,frame=1078 non-frontal (label=down); not judged,1078
004,face_rgb,004_face_rgb.mp4,frame,check_face_blur,SKIP,frame=1078 non-frontal (label=down); not judged,1078
004,face_rgb,004_face_rgb.mp4,frame,check_brightness,SKIP,frame=1078 non-frontal (label=down); not judged,1078
004,face_rgb,004_face_rgb.mp4,frame,check_face_detected,PASS,frame=1082 face detected,1082
004,face_rgb,004_face_rgb.mp4,frame,check_head_fully,PASS,frame=1082 Head is fully visible,1082
004,face_rgb,004_face_rgb.mp4,frame,check_face_size,SKIP,frame=1082 non-frontal (label=down); not judged,1082
004,face_rgb,004_face_rgb.mp4,frame,check_eyes_open,SKIP,frame=1082 non-frontal (label=down); not judged,1082
004,face_rgb,004_face_rgb.mp4,frame,check_face_blur,SKIP,frame=1082 non-frontal (label=down); not judged,1082
004,face_rgb,004_face_rgb.mp4,frame,check_brightness,SKIP,frame=1082 non-frontal (label=down); not judged,1082
004,face_rgb,004_face_rgb.mp4,frame,check_face_detected,PASS,frame=1084 face detected,1084
004,face_rgb,004_face_rgb.mp4,frame,check_head_fully,PASS,frame=1084 Head is fully visible,1084
004,face_rgb,004_face_rgb.mp4,frame,check_face_size,SKIP,frame=1084 non-frontal (label=down); not judged,1084
004,face_rgb,004_face_rgb.mp4,frame,check_eyes_open,SKIP,frame=1084 non-frontal (label=down); not judged,1084
004,face_rgb,004_face_rgb.mp4,frame,check_face_blur,SKIP,frame=1084 non-frontal (label=down); not judged,1084
004,face_rgb,004_face_rgb.mp4,frame,check_brightness,SKIP,frame=1084 non-frontal (label=down); not judged,1084
004,face_rgb,004_face_rgb.mp4,frame,check_face_detected,PASS,frame=1086 face detected,1086
004,face_rgb,004_face_rgb.mp4,frame,check_head_fully,PASS,frame=1086 Head is fully visible,1086
004,face_rgb,004_face_rgb.mp4,frame,check_face_size,SKIP,frame=1086 non-frontal (label=down); not judged,1086
004,face_rgb,004_face_rgb.mp4,frame,check_eyes_open,SKIP,frame=1086 non-frontal (label=down); not judged,1086
004,face_rgb,004_face_rgb.mp4,frame,check_face_blur,SKIP,frame=1086 non-frontal (label=down); not judged,1086
004,face_rgb,004_face_rgb.mp4,frame,check_brightness,SKIP,frame=1086 non-frontal (label=down); not judged,1086
004,face_rgb,004_face_rgb.mp4,frame,check_face_detected,PASS,frame=1088 face detected,1088
004,face_rgb,004_face_rgb.mp4,frame,check_head_fully,PASS,frame=1088 Head is fully visible,1088
004,face_rgb,004_face_rgb.mp4,frame,check_face_size,SKIP,frame=1088 non-frontal (label=down); not judged,1088
004,face_rgb,004_face_rgb.mp4,frame,check_eyes_open,SKIP,frame=1088 non-frontal (label=down); not judged,1088
004,face_rgb,004_face_rgb.mp4,frame,check_face_blur,SKIP,frame=1088 non-frontal (label=down); not judged,1088
004,face_rgb,004_face_rgb.mp4,frame,check_brightness,SKIP,frame=1088 non-frontal (label=down); not judged,1088
004,face_rgb,004_face_rgb.mp4,frame,check_face_detected,PASS,frame=1090 face detected,1090
004,face_rgb,004_face_rgb.mp4,frame,check_head_fully,PASS,frame=1090 Head is fully visible,1090
004,face_rgb,004_face_rgb.mp4,frame,check_face_size,SKIP,frame=1090 non-frontal (label=down); not judged,1090
004,face_rgb,004_face_rgb.mp4,frame,check_eyes_open,SKIP,frame=1090 non-frontal (label=down); not judged,1090
004,face_rgb,004_face_rgb.mp4,frame,check_face_blur,SKIP,frame=1090 non-frontal (label=down); not judged,1090
004,face_rgb,004_face_rgb.mp4,frame,check_brightness,SKIP,frame=1090 non-frontal (label=down); not judged,1090
004,face_rgb,004_face_rgb.mp4,frame,check_face_detected,PASS,frame=1092 face detected,1092
004,face_rgb,004_face_rgb.mp4,frame,check_head_fully,PASS,frame=1092 Head is fully visible,1092
004,face_rgb,004_face_rgb.mp4,frame,check_face_size,SKIP,frame=1092 non-frontal (label=down); not judged,1092
004,face_rgb,004_face_rgb.mp4,frame,check_eyes_open,SKIP,frame=1092 non-frontal (label=down); not judged,1092
004,face_rgb,004_face_rgb.mp4,frame,check_face_blur,SKIP,frame=1092 non-frontal (label=down); not judged,1092
004,face_rgb,004_face_rgb.mp4,frame,check_brightness,SKIP,frame=1092 non-frontal (label=down); not judged,1092
004,face_rgb,004_face_rgb.mp4,frame,check_face_detected,PASS,frame=1094 face detected,1094
004,face_rgb,004_face_rgb.mp4,frame,check_head_fully,PASS,frame=1094 Head is fully visible,1094
004,face_rgb,004_face_rgb.mp4,frame,check_face_size,SKIP,frame=1094 non-frontal (label=down); not judged,1094
004,face_rgb,004_face_rgb.mp4,frame,check_eyes_open,SKIP,frame=1094 non-frontal (label=down); not judged,1094
004,face_rgb,004_face_rgb.mp4,frame,check_face_blur,SKIP,frame=1094 non-frontal (label=down); not judged,1094
004,face_rgb,004_face_rgb.mp4,frame,check_brightness,SKIP,frame=1094 non-frontal (label=down); not judged,1094
004,face_rgb,004_face_rgb.mp4,frame,check_face_detected,PASS,frame=1096 face detected,1096
004,face_rgb,004_face_rgb.mp4,frame,check_head_fully,PASS,frame=1096 Head is fully visible,1096
004,face_rgb,004_face_rgb.mp4,frame,check_face_size,SKIP,frame=1096 non-frontal (label=down); not judged,1096
004,face_rgb,004_face_rgb.mp4,frame,check_eyes_open,SKIP,frame=1096 non-frontal (label=down); not judged,1096
004,face_rgb,004_face_rgb.mp4,frame,check_face_blur,SKIP,frame=1096 non-frontal (label=down); not judged,1096
004,face_rgb,004_face_rgb.mp4,frame,check_brightness,SKIP,frame=1096 non-frontal (label=down); not judged,1096
004,face_rgb,004_face_rgb.mp4,frame,check_face_detected,PASS,frame=1098 face detected,1098
004,face_rgb,004_face_rgb.mp4,frame,check_head_fully,PASS,frame=1098 Head is fully visible,1098
004,face_rgb,004_face_rgb.mp4,frame,check_face_size,SKIP,frame=1098 non-frontal (label=down); not judged,1098
004,face_rgb,004_face_rgb.mp4,frame,check_eyes_open,SKIP,frame=1098 non-frontal (label=down); not judged,1098
004,face_rgb,004_face_rgb.mp4,frame,check_face_blur,SKIP,frame=1098 non-frontal (label=down); not judged,1098
004,face_rgb,004_face_rgb.mp4,frame,check_brightness,SKIP,frame=1098 non-frontal (label=down); not judged,1098
004,face_rgb,004_face_rgb.mp4,frame,check_face_detected,PASS,frame=1100 face detected,1100
004,face_rgb,004_face_rgb.mp4,frame,check_head_fully,PASS,frame=1100 Head is fully visible,1100
004,face_rgb,004_face_rgb.mp4,frame,check_face_size,SKIP,frame=1100 non-frontal (label=down); not judged,1100
004,face_rgb,004_face_rgb.mp4,frame,check_eyes_open,SKIP,frame=1100 non-frontal (label=down); not judged,1100
004,face_rgb,004_face_rgb.mp4,frame,check_face_blur,SKIP,frame=1100 non-frontal (label=down); not judged,1100
004,face_rgb,004_face_rgb.mp4,frame,check_brightness,SKIP,frame=1100 non-frontal (label=down); not judged,1100
004,face_rgb,004_face_rgb.mp4,frame,check_face_detected,PASS,frame=1102 face detected,1102
004,face_rgb,004_face_rgb.mp4,frame,check_head_fully,PASS,frame=1102 Head is fully visible,1102
004,face_rgb,004_face_rgb.mp4,frame,check_face_size,SKIP,frame=1102 non-frontal (label=down); not judged,1102
004,face_rgb,004_face_rgb.mp4,frame,check_eyes_open,SKIP,frame=1102 non-frontal (label=down); not judged,1102
004,face_rgb,004_face_rgb.mp4,frame,check_face_blur,SKIP,frame=1102 non-frontal (label=down); not judged,1102
004,face_rgb,004_face_rgb.mp4,frame,check_brightness,SKIP,frame=1102 non-frontal (label=down); not judged,1102
004,face_rgb,004_face_rgb.mp4,frame,check_face_detected,PASS,frame=1104 face detected,1104
004,face_rgb,004_face_rgb.mp4,frame,check_head_fully,PASS,frame=1104 Head is fully visible,1104
004,face_rgb,004_face_rgb.mp4,frame,check_face_size,PASS,frame=1104 face=639x734 >= 180x180,1104
004,face_rgb,004_face_rgb.mp4,frame,check_eyes_open,PASS,"frame=1104 eyes open (L=0.38, R=0.39 > 0.25)",1104
004,face_rgb,004_face_rgb.mp4,frame,check_face_blur,FAIL,frame=1104 blur variance=6.1 < 90,1104
004,face_rgb,004_face_rgb.mp4,frame,check_brightness,PASS,frame=1104 brightness normal; 35 <= 143 <=200,1104
004,face_rgb,004_face_rgb.mp4,frame,check_face_detected,PASS,frame=1106 face detected,1106
004,face_rgb,004_face_rgb.mp4,frame,check_head_fully,PASS,frame=1106 Head is fully visible,1106
004,face_rgb,004_face_rgb.mp4,frame,check_face_size,PASS,frame=1106 face=641x746 >= 180x180,1106
004,face_rgb,004_face_rgb.mp4,frame,check_eyes_open,PASS,"frame=1106 eyes open (L=0.37, R=0.39 > 0.25)",1106
004,face_rgb,004_face_rgb.mp4,frame,check_face_blur,FAIL,frame=1106 blur variance=6.1 < 90,1106
004,face_rgb,004_face_rgb.mp4,frame,check_brightness,PASS,frame=1106 brightness normal; 35 <= 144 <=200,1106
004,face_rgb,004_face_rgb.mp4,frame,check_face_detected,PASS,frame=1110 face detected,1110
004,face_rgb,004_face_rgb.mp4,frame,check_head_fully,PASS,frame=1110 Head is fully visible,1110
004,face_rgb,004_face_rgb.mp4,frame,check_face_size,PASS,frame=1110 face=637x765 >= 180x180,1110
004,face_rgb,004_face_rgb.mp4,frame,check_eyes_open,PASS,"frame=1110 eyes open (L=0.37, R=0.39 > 0.25)",1110
004,face_rgb,004_face_rgb.mp4,frame,check_face_blur,FAIL,frame=1110 blur variance=6.5 < 90,1110
004,face_rgb,004_face_rgb.mp4,frame,check_brightness,PASS,frame=1110 brightness normal; 35 <= 148 <=200,1110
004,face_rgb,004_face_rgb.mp4,frame,check_face_detected,PASS,frame=1112 face detected,1112
004,face_rgb,004_face_rgb.mp4,frame,check_head_fully,PASS,frame=1112 Head is fully visible,1112
004,face_rgb,004_face_rgb.mp4,frame,check_face_size,PASS,frame=1112 face=638x765 >= 180x180,1112
004,face_rgb,004_face_rgb.mp4,frame,check_eyes_open,PASS,"frame=1112 eyes open (L=0.38, R=0.38 > 0.25)",1112
004,face_rgb,004_face_rgb.mp4,frame,check_face_blur,FAIL,frame=1112 blur variance=6.8 < 90,1112
004,face_rgb,004_face_rgb.mp4,frame,check_brightness,PASS,frame=1112 brightness normal; 35 <= 150 <=200,1112
004,face_rgb,004_face_rgb.mp4,frame,check_face_detected,PASS,frame=1114 face detected,1114
004,face_rgb,004_face_rgb.mp4,frame,check_head_fully,PASS,frame=1114 Head is fully visible,1114
004,face_rgb,004_face_rgb.mp4,frame,check_face_size,PASS,frame=1114 face=637x768 >= 180x180,1114
004,face_rgb,004_face_rgb.mp4,frame,check_eyes_open,PASS,"frame=1114 eyes open (L=0.38, R=0.38 > 0.25)",1114
004,face_rgb,004_face_rgb.mp4,frame,check_face_blur,FAIL,frame=1114 blur variance=7.0 < 90,1114
004,face_rgb,004_face_rgb.mp4,frame,check_brightness,PASS,frame=1114 brightness normal; 35 <= 151 <=200,1114
004,face_rgb,004_face_rgb.mp4,frame,check_face_detected,PASS,frame=1116 face detected,1116
004,face_rgb,004_face_rgb.mp4,frame,check_head_fully,PASS,frame=1116 Head is fully visible,1116
004,face_rgb,004_face_rgb.mp4,frame,check_face_size,PASS,frame=1116 face=641x761 >= 180x180,1116
004,face_rgb,004_face_rgb.mp4,frame,check_eyes_open,PASS,"frame=1116 eyes open (L=0.38, R=0.37 > 0.25)",1116
004,face_rgb,004_face_rgb.mp4,frame,check_face_blur,FAIL,frame=1116 blur variance=7.0 < 90,1116
004,face_rgb,004_face_rgb.mp4,frame,check_brightness,PASS,frame=1116 brightness normal; 35 <= 151 <=200,1116
004,face_rgb,004_face_rgb.mp4,frame,check_face_detected,PASS,frame=1118 face detected,1118
004,face_rgb,004_face_rgb.mp4,frame,check_head_fully,PASS,frame=1118 Head is fully visible,1118
004,face_rgb,004_face_rgb.mp4,frame,check_face_size,PASS,frame=1118 face=640x758 >= 180x180,1118
004,face_rgb,004_face_rgb.mp4,frame,check_eyes_open,PASS,"frame=1118 eyes open (L=0.37, R=0.37 > 0.25)",1118
004,face_rgb,004_face_rgb.mp4,frame,check_face_blur,FAIL,frame=1118 blur variance=7.3 < 90,1118
004,face_rgb,004_face_rgb.mp4,frame,check_brightness,PASS,frame=1118 brightness normal; 35 <= 152 <=200,1118
004,face_rgb,004_face_rgb.mp4,frame,check_face_detected,PASS,frame=1120 face detected,1120
004,face_rgb,004_face_rgb.mp4,frame,check_head_fully,PASS,frame=1120 Head is fully visible,1120
004,face_rgb,004_face_rgb.mp4,frame,check_face_size,PASS,frame=1120 face=637x753 >= 180x180,1120
004,face_rgb,004_face_rgb.mp4,frame,check_eyes_open,PASS,"frame=1120 eyes open (L=0.38, R=0.38 > 0.25)",1120
004,face_rgb,004_face_rgb.mp4,frame,check_face_blur,FAIL,frame=1120 blur variance=8.4 < 90,1120
004,face_rgb,004_face_rgb.mp4,frame,check_brightness,PASS,frame=1120 brightness normal; 35 <= 152 <=200,1120
004,face_rgb,004_face_rgb.mp4,frame,check_face_detected,PASS,frame=1122 face detected,1122
004,face_rgb,004_face_rgb.mp4,frame,check_head_fully,PASS,frame=1122 Head is fully visible,1122
004,face_rgb,004_face_rgb.mp4,frame,check_face_size,PASS,frame=1122 face=632x746 >= 180x180,1122
004,face_rgb,004_face_rgb.mp4,frame,check_eyes_open,PASS,"frame=1122 eyes open (L=0.37, R=0.38 > 0.25)",1122
004,face_rgb,004_face_rgb.mp4,frame,check_face_blur,FAIL,frame=1122 blur variance=8.3 < 90,1122
004,face_rgb,004_face_rgb.mp4,frame,check_brightness,PASS,frame=1122 brightness normal; 35 <= 152 <=200,1122
004,face_rgb,004_face_rgb.mp4,frame,check_face_detected,PASS,frame=1124 face detected,1124
004,face_rgb,004_face_rgb.mp4,frame,check_head_fully,PASS,frame=1124 Head is fully visible,1124
004,face_rgb,004_face_rgb.mp4,frame,check_face_size,PASS,frame=1124 face=628x740 >= 180x180,1124
004,face_rgb,004_face_rgb.mp4,frame,check_eyes_open,PASS,"frame=1124 eyes open (L=0.38, R=0.37 > 0.25)",1124
004,face_rgb,004_face_rgb.mp4,frame,check_face_blur,FAIL,frame=1124 blur variance=8.2 < 90,1124
004,face_rgb,004_face_rgb.mp4,frame,check_brightness,PASS,frame=1124 brightness normal; 35 <= 152 <=200,1124
004,face_rgb,004_face_rgb.mp4,frame,check_face_detected,PASS,frame=1126 face detected,1126
004,face_rgb,004_face_rgb.mp4,frame,check_head_fully,PASS,frame=1126 Head is fully visible,1126
004,face_rgb,004_face_rgb.mp4,frame,check_face_size,PASS,frame=1126 face=628x738 >= 180x180,1126
004,face_rgb,004_face_rgb.mp4,frame,check_eyes_open,PASS,"frame=1126 eyes open (L=0.38, R=0.38 > 0.25)",1126
004,face_rgb,004_face_rgb.mp4,frame,check_face_blur,FAIL,frame=1126 blur variance=8.5 < 90,1126
004,face_rgb,004_face_rgb.mp4,frame,check_brightness,PASS,frame=1126 brightness normal; 35 <= 152 <=200,1126
004,face_rgb,004_face_rgb.mp4,frame,check_face_detected,PASS,frame=1128 face detected,1128
004,face_rgb,004_face_rgb.mp4,frame,check_head_fully,PASS,frame=1128 Head is fully visible,1128
004,face_rgb,004_face_rgb.mp4,frame,check_face_size,PASS,frame=1128 face=630x737 >= 180x180,1128
004,face_rgb,004_face_rgb.mp4,frame,check_eyes_open,PASS,"frame=1128 eyes open (L=0.37, R=0.38 > 0.25)",1128
004,face_rgb,004_face_rgb.mp4,frame,check_face_blur,FAIL,frame=1128 blur variance=8.4 < 90,1128
004,face_rgb,004_face_rgb.mp4,frame,check_brightness,PASS,frame=1128 brightness normal; 35 <= 152 <=200,1128
004,face_rgb,004_face_rgb.mp4,frame,check_face_detected,PASS,frame=1130 face detected,1130
004,face_rgb,004_face_rgb.mp4,frame,check_head_fully,PASS,frame=1130 Head is fully visible,1130
004,face_rgb,004_face_rgb.mp4,frame,check_face_size,PASS,frame=1130 face=629x740 >= 180x180,1130
004,face_rgb,004_face_rgb.mp4,frame,check_eyes_open,PASS,"frame=1130 eyes open (L=0.37, R=0.37 > 0.25)",1130
004,face_rgb,004_face_rgb.mp4,frame,check_face_blur,FAIL,frame=1130 blur variance=8.8 < 90,1130
004,face_rgb,004_face_rgb.mp4,frame,check_brightness,PASS,frame=1130 brightness normal; 35 <= 152 <=200,1130
004,face_rgb,004_face_rgb.mp4,frame,check_face_detected,PASS,frame=1132 face detected,1132
004,face_rgb,004_face_rgb.mp4,frame,check_head_fully,PASS,frame=1132 Head is fully visible,1132
004,face_rgb,004_face_rgb.mp4,frame,check_face_size,PASS,frame=1132 face=628x736 >= 180x180,1132
004,face_rgb,004_face_rgb.mp4,frame,check_eyes_open,PASS,"frame=1132 eyes open (L=0.38, R=0.38 > 0.25)",1132
004,face_rgb,004_face_rgb.mp4,frame,check_face_blur,FAIL,frame=1132 blur variance=8.9 < 90,1132
004,face_rgb,004_face_rgb.mp4,frame,check_brightness,PASS,frame=1132 brightness normal; 35 <= 152 <=200,1132
004,face_rgb,004_face_rgb.mp4,frame,check_face_detected,PASS,frame=1134 face detected,1134
004,face_rgb,004_face_rgb.mp4,frame,check_head_fully,PASS,frame=1134 Head is fully visible,1134
004,face_rgb,004_face_rgb.mp4,frame,check_face_size,PASS,frame=1134 face=627x738 >= 180x180,1134
004,face_rgb,004_face_rgb.mp4,frame,check_eyes_open,PASS,"frame=1134 eyes open (L=0.38, R=0.38 > 0.25)",1134
004,face_rgb,004_face_rgb.mp4,frame,check_face_blur,FAIL,frame=1134 blur variance=9.1 < 90,1134
004,face_rgb,004_face_rgb.mp4,frame,check_brightness,PASS,frame=1134 brightness normal; 35 <= 152 <=200,1134
004,face_rgb,004_face_rgb.mp4,frame,check_face_detected,PASS,frame=1138 face detected,1138
004,face_rgb,004_face_rgb.mp4,frame,check_head_fully,PASS,frame=1138 Head is fully visible,1138
004,face_rgb,004_face_rgb.mp4,frame,check_face_size,PASS,frame=1138 face=624x735 >= 180x180,1138
004,face_rgb,004_face_rgb.mp4,frame,check_eyes_open,PASS,"frame=1138 eyes open (L=0.38, R=0.37 > 0.25)",1138
004,face_rgb,004_face_rgb.mp4,frame,check_face_blur,FAIL,frame=1138 blur variance=9.0 < 90,1138
004,face_rgb,004_face_rgb.mp4,frame,check_brightness,PASS,frame=1138 brightness normal; 35 <= 153 <=200,1138
004,face_rgb,004_face_rgb.mp4,frame,check_face_detected,PASS,frame=1140 face detected,1140
004,face_rgb,004_face_rgb.mp4,frame,check_head_fully,PASS,frame=1140 Head is fully visible,1140
004,face_rgb,004_face_rgb.mp4,frame,check_face_size,PASS,frame=1140 face=621x726 >= 180x180,1140
004,face_rgb,004_face_rgb.mp4,frame,check_eyes_open,PASS,"frame=1140 eyes open (L=0.37, R=0.37 > 0.25)",1140
004,face_rgb,004_face_rgb.mp4,frame,check_face_blur,FAIL,frame=1140 blur variance=8.9 < 90,1140
004,face_rgb,004_face_rgb.mp4,frame,check_brightness,PASS,frame=1140 brightness normal; 35 <= 153 <=200,1140
004,face_rgb,004_face_rgb.mp4,frame,check_face_detected,PASS,frame=1142 face detected,1142
004,face_rgb,004_face_rgb.mp4,frame,check_head_fully,PASS,frame=1142 Head is fully visible,1142
004,face_rgb,004_face_rgb.mp4,frame,check_face_size,PASS,frame=1142 face=620x726 >= 180x180,1142
004,face_rgb,004_face_rgb.mp4,frame,check_eyes_open,PASS,"frame=1142 eyes open (L=0.37, R=0.37 > 0.25)",1142
004,face_rgb,004_face_rgb.mp4,frame,check_face_blur,FAIL,frame=1142 blur variance=8.9 < 90,1142
004,face_rgb,004_face_rgb.mp4,frame,check_brightness,PASS,frame=1142 brightness normal; 35 <= 153 <=200,1142
004,face_rgb,004_face_rgb.mp4,frame,check_face_detected,PASS,frame=1144 face detected,1144
004,face_rgb,004_face_rgb.mp4,frame,check_head_fully,PASS,frame=1144 Head is fully visible,1144
004,face_rgb,004_face_rgb.mp4,frame,check_face_size,PASS,frame=1144 face=619x724 >= 180x180,1144
004,face_rgb,004_face_rgb.mp4,frame,check_eyes_open,PASS,"frame=1144 eyes open (L=0.37, R=0.37 > 0.25)",1144
004,face_rgb,004_face_rgb.mp4,frame,check_face_blur,FAIL,frame=1144 blur variance=9.0 < 90,1144
004,face_rgb,004_face_rgb.mp4,frame,check_brightness,PASS,frame=1144 brightness normal; 35 <= 153 <=200,1144
004,face_rgb,004_face_rgb.mp4,frame,check_face_detected,PASS,frame=1146 face detected,1146
004,face_rgb,004_face_rgb.mp4,frame,check_head_fully,PASS,frame=1146 Head is fully visible,1146
004,face_rgb,004_face_rgb.mp4,frame,check_face_size,PASS,frame=1146 face=619x722 >= 180x180,1146
004,face_rgb,004_face_rgb.mp4,frame,check_eyes_open,PASS,"frame=1146 eyes open (L=0.37, R=0.38 > 0.25)",1146
004,face_rgb,004_face_rgb.mp4,frame,check_face_blur,FAIL,frame=1146 blur variance=9.1 < 90,1146
004,face_rgb,004_face_rgb.mp4,frame,check_brightness,PASS,frame=1146 brightness normal; 35 <= 153 <=200,1146
004,face_rgb,004_face_rgb.mp4,frame,check_face_detected,PASS,frame=1148 face detected,1148
004,face_rgb,004_face_rgb.mp4,frame,check_head_fully,PASS,frame=1148 Head is fully visible,1148
004,face_rgb,004_face_rgb.mp4,frame,check_face_size,PASS,frame=1148 face=620x726 >= 180x180,1148
004,face_rgb,004_face_rgb.mp4,frame,check_eyes_open,PASS,"frame=1148 eyes open (L=0.37, R=0.37 > 0.25)",1148
004,face_rgb,004_face_rgb.mp4,frame,check_face_blur,FAIL,frame=1148 blur variance=8.6 < 90,1148
004,face_rgb,004_face_rgb.mp4,frame,check_brightness,PASS,frame=1148 brightness normal; 35 <= 153 <=200,1148
004,face_rgb,004_face_rgb.mp4,frame,check_face_detected,PASS,frame=1150 face detected,1150
004,face_rgb,004_face_rgb.mp4,frame,check_head_fully,PASS,frame=1150 Head is fully visible,1150
004,face_rgb,004_face_rgb.mp4,frame,check_face_size,PASS,frame=1150 face=621x728 >= 180x180,1150
004,face_rgb,004_face_rgb.mp4,frame,check_eyes_open,PASS,"frame=1150 eyes open (L=0.37, R=0.37 > 0.25)",1150
004,face_rgb,004_face_rgb.mp4,frame,check_face_blur,FAIL,frame=1150 blur variance=9.5 < 90,1150
004,face_rgb,004_face_rgb.mp4,frame,check_brightness,PASS,frame=1150 brightness normal; 35 <= 153 <=200,1150
004,face_rgb,004_face_rgb.mp4,frame,check_face_detected,PASS,frame=1152 face detected,1152
004,face_rgb,004_face_rgb.mp4,frame,check_head_fully,PASS,frame=1152 Head is fully visible,1152
004,face_rgb,004_face_rgb.mp4,frame,check_face_size,PASS,frame=1152 face=620x726 >= 180x180,1152
004,face_rgb,004_face_rgb.mp4,frame,check_eyes_open,PASS,"frame=1152 eyes open (L=0.37, R=0.37 > 0.25)",1152
004,face_rgb,004_face_rgb.mp4,frame,check_face_blur,FAIL,frame=1152 blur variance=8.7 < 90,1152
004,face_rgb,004_face_rgb.mp4,frame,check_brightness,PASS,frame=1152 brightness normal; 35 <= 153 <=200,1152
004,face_rgb,004_face_rgb.mp4,frame,check_face_detected,PASS,frame=1154 face detected,1154
004,face_rgb,004_face_rgb.mp4,frame,check_head_fully,PASS,frame=1154 Head is fully visible,1154
004,face_rgb,004_face_rgb.mp4,frame,check_face_size,PASS,frame=1154 face=621x734 >= 180x180,1154
004,face_rgb,004_face_rgb.mp4,frame,check_eyes_open,PASS,"frame=1154 eyes open (L=0.37, R=0.37 > 0.25)",1154
004,face_rgb,004_face_rgb.mp4,frame,check_face_blur,FAIL,frame=1154 blur variance=8.5 < 90,1154
004,face_rgb,004_face_rgb.mp4,frame,check_brightness,PASS,frame=1154 brightness normal; 35 <= 153 <=200,1154
004,face_rgb,004_face_rgb.mp4,frame,check_face_detected,PASS,frame=1156 face detected,1156
004,face_rgb,004_face_rgb.mp4,frame,check_head_fully,PASS,frame=1156 Head is fully visible,1156
004,face_rgb,004_face_rgb.mp4,frame,check_face_size,PASS,frame=1156 face=621x734 >= 180x180,1156
004,face_rgb,004_face_rgb.mp4,frame,check_eyes_open,PASS,"frame=1156 eyes open (L=0.38, R=0.37 > 0.25)",1156
004,face_rgb,004_face_rgb.mp4,frame,check_face_blur,FAIL,frame=1156 blur variance=7.9 < 90,1156
004,face_rgb,004_face_rgb.mp4,frame,check_brightness,PASS,frame=1156 brightness normal; 35 <= 153 <=200,1156
004,face_rgb,004_face_rgb.mp4,frame,check_face_detected,PASS,frame=1158 face detected,1158
004,face_rgb,004_face_rgb.mp4,frame,check_head_fully,PASS,frame=1158 Head is fully visible,1158
004,face_rgb,004_face_rgb.mp4,frame,check_face_size,PASS,frame=1158 face=624x735 >= 180x180,1158
004,face_rgb,004_face_rgb.mp4,frame,check_eyes_open,PASS,"frame=1158 eyes open (L=0.37, R=0.38 > 0.25)",1158
004,face_rgb,004_face_rgb.mp4,frame,check_face_blur,FAIL,frame=1158 blur variance=7.6 < 90,1158
004,face_rgb,004_face_rgb.mp4,frame,check_brightness,PASS,frame=1158 brightness normal; 35 <= 153 <=200,1158
004,face_rgb,004_face_rgb.mp4,frame,check_face_detected,PASS,frame=1160 face detected,1160
004,face_rgb,004_face_rgb.mp4,frame,check_head_fully,PASS,frame=1160 Head is fully visible,1160
004,face_rgb,004_face_rgb.mp4,frame,check_face_size,PASS,frame=1160 face=624x734 >= 180x180,1160
004,face_rgb,004_face_rgb.mp4,frame,check_eyes_open,PASS,"frame=1160 eyes open (L=0.37, R=0.37 > 0.25)",1160
004,face_rgb,004_face_rgb.mp4,frame,check_face_blur,FAIL,frame=1160 blur variance=7.9 < 90,1160
004,face_rgb,004_face_rgb.mp4,frame,check_brightness,PASS,frame=1160 brightness normal; 35 <= 153 <=200,1160
004,face_rgb,004_face_rgb.mp4,frame,check_face_detected,PASS,frame=1162 face detected,1162
004,face_rgb,004_face_rgb.mp4,frame,check_head_fully,PASS,frame=1162 Head is fully visible,1162
004,face_rgb,004_face_rgb.mp4,frame,check_face_size,PASS,frame=1162 face=621x729 >= 180x180,1162
004,face_rgb,004_face_rgb.mp4,frame,check_eyes_open,PASS,"frame=1162 eyes open (L=0.37, R=0.38 > 0.25)",1162
004,face_rgb,004_face_rgb.mp4,frame,check_face_blur,FAIL,frame=1162 blur variance=8.5 < 90,1162
004,face_rgb,004_face_rgb.mp4,frame,check_brightness,PASS,frame=1162 brightness normal; 35 <= 153 <=200,1162
004,face_rgb,004_face_rgb.mp4,frame,check_face_detected,PASS,frame=1166 face detected,1166
004,face_rgb,004_face_rgb.mp4,frame,check_head_fully,PASS,frame=1166 Head is fully visible,1166
004,face_rgb,004_face_rgb.mp4,frame,check_face_size,PASS,frame=1166 face=625x734 >= 180x180,1166
004,face_rgb,004_face_rgb.mp4,frame,check_eyes_open,PASS,"frame=1166 eyes open (L=0.37, R=0.38 > 0.25)",1166
004,face_rgb,004_face_rgb.mp4,frame,check_face_blur,FAIL,frame=1166 blur variance=8.1 < 90,1166
004,face_rgb,004_face_rgb.mp4,frame,check_brightness,PASS,frame=1166 brightness normal; 35 <= 153 <=200,1166
004,face_rgb,004_face_rgb.mp4,frame,check_face_detected,PASS,frame=1168 face detected,1168
004,face_rgb,004_face_rgb.mp4,frame,check_head_fully,PASS,frame=1168 Head is fully visible,1168
004,face_rgb,004_face_rgb.mp4,frame,check_face_size,PASS,frame=1168 face=625x735 >= 180x180,1168
004,face_rgb,004_face_rgb.mp4,frame,check_eyes_open,PASS,"frame=1168 eyes open (L=0.37, R=0.37 > 0.25)",1168
004,face_rgb,004_face_rgb.mp4,frame,check_face_blur,FAIL,frame=1168 blur variance=8.2 < 90,1168
004,face_rgb,004_face_rgb.mp4,frame,check_brightness,PASS,frame=1168 brightness normal; 35 <= 153 <=200,1168
004,face_rgb,004_face_rgb.mp4,frame,check_face_detected,PASS,frame=1170 face detected,1170
004,face_rgb,004_face_rgb.mp4,frame,check_head_fully,PASS,frame=1170 Head is fully visible,1170
004,face_rgb,004_face_rgb.mp4,frame,check_face_size,PASS,frame=1170 face=627x738 >= 180x180,1170
004,face_rgb,004_face_rgb.mp4,frame,check_eyes_open,PASS,"frame=1170 eyes open (L=0.37, R=0.37 > 0.25)",1170
004,face_rgb,004_face_rgb.mp4,frame,check_face_blur,FAIL,frame=1170 blur variance=8.3 < 90,1170
004,face_rgb,004_face_rgb.mp4,frame,check_brightness,PASS,frame=1170 brightness normal; 35 <= 153 <=200,1170
004,face_rgb,004_face_rgb.mp4,frame,check_face_detected,PASS,frame=1172 face detected,1172
004,face_rgb,004_face_rgb.mp4,frame,check_head_fully,PASS,frame=1172 Head is fully visible,1172
004,face_rgb,004_face_rgb.mp4,frame,check_face_size,PASS,frame=1172 face=628x738 >= 180x180,1172
004,face_rgb,004_face_rgb.mp4,frame,check_eyes_open,PASS,"frame=1172 eyes open (L=0.37, R=0.38 > 0.25)",1172
004,face_rgb,004_face_rgb.mp4,frame,check_face_blur,FAIL,frame=1172 blur variance=8.1 < 90,1172
004,face_rgb,004_face_rgb.mp4,frame,check_brightness,PASS,frame=1172 brightness normal; 35 <= 153 <=200,1172
004,face_rgb,004_face_rgb.mp4,frame,check_face_detected,PASS,frame=1174 face detected,1174
004,face_rgb,004_face_rgb.mp4,frame,check_head_fully,PASS,frame=1174 Head is fully visible,1174
004,face_rgb,004_face_rgb.mp4,frame,check_face_size,PASS,frame=1174 face=627x739 >= 180x180,1174
004,face_rgb,004_face_rgb.mp4,frame,check_eyes_open,PASS,"frame=1174 eyes open (L=0.37, R=0.37 > 0.25)",1174
004,face_rgb,004_face_rgb.mp4,frame,check_face_blur,FAIL,frame=1174 blur variance=7.8 < 90,1174
004,face_rgb,004_face_rgb.mp4,frame,check_brightness,PASS,frame=1174 brightness normal; 35 <= 153 <=200,1174
004,face_rgb,004_face_rgb.mp4,frame,check_face_detected,PASS,frame=1176 face detected,1176
004,face_rgb,004_face_rgb.mp4,frame,check_head_fully,PASS,frame=1176 Head is fully visible,1176
004,face_rgb,004_face_rgb.mp4,frame,check_face_size,PASS,frame=1176 face=628x738 >= 180x180,1176
004,face_rgb,004_face_rgb.mp4,frame,check_eyes_open,PASS,"frame=1176 eyes open (L=0.38, R=0.37 > 0.25)",1176
004,face_rgb,004_face_rgb.mp4,frame,check_face_blur,FAIL,frame=1176 blur variance=8.2 < 90,1176
004,face_rgb,004_face_rgb.mp4,frame,check_brightness,PASS,frame=1176 brightness normal; 35 <= 153 <=200,1176
004,face_rgb,004_face_rgb.mp4,frame,check_face_detected,PASS,frame=1178 face detected,1178
004,face_rgb,004_face_rgb.mp4,frame,check_head_fully,PASS,frame=1178 Head is fully visible,1178
004,face_rgb,004_face_rgb.mp4,frame,check_face_size,PASS,frame=1178 face=627x740 >= 180x180,1178
004,face_rgb,004_face_rgb.mp4,frame,check_eyes_open,PASS,"frame=1178 eyes open (L=0.36, R=0.37 > 0.25)",1178
004,face_rgb,004_face_rgb.mp4,frame,check_face_blur,FAIL,frame=1178 blur variance=7.7 < 90,1178
004,face_rgb,004_face_rgb.mp4,frame,check_brightness,PASS,frame=1178 brightness normal; 35 <= 153 <=200,1178
004,face_rgb,004_face_rgb.mp4,frame,check_face_detected,PASS,frame=1180 face detected,1180
004,face_rgb,004_face_rgb.mp4,frame,check_head_fully,PASS,frame=1180 Head is fully visible,1180
004,face_rgb,004_face_rgb.mp4,frame,check_face_size,PASS,frame=1180 face=627x740 >= 180x180,1180
004,face_rgb,004_face_rgb.mp4,frame,check_eyes_open,PASS,"frame=1180 eyes open (L=0.37, R=0.38 > 0.25)",1180
004,face_rgb,004_face_rgb.mp4,frame,check_face_blur,FAIL,frame=1180 blur variance=8.3 < 90,1180
004,face_rgb,004_face_rgb.mp4,frame,check_brightness,PASS,frame=1180 brightness normal; 35 <= 153 <=200,1180
004,face_rgb,004_face_rgb.mp4,frame,check_face_detected,PASS,frame=1182 face detected,1182
004,face_rgb,004_face_rgb.mp4,frame,check_head_fully,PASS,frame=1182 Head is fully visible,1182
004,face_rgb,004_face_rgb.mp4,frame,check_face_size,PASS,frame=1182 face=627x741 >= 180x180,1182
004,face_rgb,004_face_rgb.mp4,frame,check_eyes_open,PASS,"frame=1182 eyes open (L=0.38, R=0.38 > 0.25)",1182
004,face_rgb,004_face_rgb.mp4,frame,check_face_blur,FAIL,frame=1182 blur variance=8.4 < 90,1182
004,face_rgb,004_face_rgb.mp4,frame,check_brightness,PASS,frame=1182 brightness normal; 35 <= 152 <=200,1182
004,face_rgb,004_face_rgb.mp4,frame,check_face_detected,PASS,frame=1184 face detected,1184
004,face_rgb,004_face_rgb.mp4,frame,check_head_fully,PASS,frame=1184 Head is fully visible,1184
004,face_rgb,004_face_rgb.mp4,frame,check_face_size,PASS,frame=1184 face=627x735 >= 180x180,1184
004,face_rgb,004_face_rgb.mp4,frame,check_eyes_open,PASS,"frame=1184 eyes open (L=0.37, R=0.37 > 0.25)",1184
004,face_rgb,004_face_rgb.mp4,frame,check_face_blur,FAIL,frame=1184 blur variance=9.2 < 90,1184
004,face_rgb,004_face_rgb.mp4,frame,check_brightness,PASS,frame=1184 brightness normal; 35 <= 152 <=200,1184
004,face_rgb,004_face_rgb.mp4,frame,check_face_detected,PASS,frame=1186 face detected,1186
004,face_rgb,004_face_rgb.mp4,frame,check_head_fully,PASS,frame=1186 Head is fully visible,1186
004,face_rgb,004_face_rgb.mp4,frame,check_face_size,PASS,frame=1186 face=625x727 >= 180x180,1186
004,face_rgb,004_face_rgb.mp4,frame,check_eyes_open,PASS,"frame=1186 eyes open (L=0.37, R=0.38 > 0.25)",1186
004,face_rgb,004_face_rgb.mp4,frame,check_face_blur,FAIL,frame=1186 blur variance=9.0 < 90,1186
004,face_rgb,004_face_rgb.mp4,frame,check_brightness,PASS,frame=1186 brightness normal; 35 <= 153 <=200,1186
004,face_rgb,004_face_rgb.mp4,frame,check_face_detected,PASS,frame=1188 face detected,1188
004,face_rgb,004_face_rgb.mp4,frame,check_head_fully,PASS,frame=1188 Head is fully visible,1188
004,face_rgb,004_face_rgb.mp4,frame,check_face_size,PASS,frame=1188 face=620x722 >= 180x180,1188
004,face_rgb,004_face_rgb.mp4,frame,check_eyes_open,PASS,"frame=1188 eyes open (L=0.38, R=0.38 > 0.25)",1188
004,face_rgb,004_face_rgb.mp4,frame,check_face_blur,FAIL,frame=1188 blur variance=8.9 < 90,1188
004,face_rgb,004_face_rgb.mp4,frame,check_brightness,PASS,frame=1188 brightness normal; 35 <= 153 <=200,1188
004,face_rgb,004_face_rgb.mp4,frame,check_face_detected,PASS,frame=1190 face detected,1190
004,face_rgb,004_face_rgb.mp4,frame,check_head_fully,PASS,frame=1190 Head is fully visible,1190
004,face_rgb,004_face_rgb.mp4,frame,check_face_size,PASS,frame=1190 face=621x724 >= 180x180,1190
004,face_rgb,004_face_rgb.mp4,frame,check_eyes_open,PASS,"frame=1190 eyes open (L=0.38, R=0.37 > 0.25)",1190
004,face_rgb,004_face_rgb.mp4,frame,check_face_blur,FAIL,frame=1190 blur variance=9.0 < 90,1190
004,face_rgb,004_face_rgb.mp4,frame,check_brightness,PASS,frame=1190 brightness normal; 35 <= 153 <=200,1190
004,face_rgb,004_face_rgb.mp4,frame,check_face_detected,PASS,frame=1194 face detected,1194
004,face_rgb,004_face_rgb.mp4,frame,check_head_fully,PASS,frame=1194 Head is fully visible,1194
004,face_rgb,004_face_rgb.mp4,frame,check_face_size,PASS,frame=1194 face=625x729 >= 180x180,1194
004,face_rgb,004_face_rgb.mp4,frame,check_eyes_open,PASS,"frame=1194 eyes open (L=0.37, R=0.38 > 0.25)",1194
004,face_rgb,004_face_rgb.mp4,frame,check_face_blur,FAIL,frame=1194 blur variance=8.9 < 90,1194
004,face_rgb,004_face_rgb.mp4,frame,check_brightness,PASS,frame=1194 brightness normal; 35 <= 153 <=200,1194
004,face_rgb,004_face_rgb.mp4,frame,check_face_detected,PASS,frame=1196 face detected,1196
004,face_rgb,004_face_rgb.mp4,frame,check_head_fully,PASS,frame=1196 Head is fully visible,1196
004,face_rgb,004_face_rgb.mp4,frame,check_face_size,PASS,frame=1196 face=627x727 >= 180x180,1196
004,face_rgb,004_face_rgb.mp4,frame,check_eyes_open,PASS,"frame=1196 eyes open (L=0.37, R=0.37 > 0.25)",1196
004,face_rgb,004_face_rgb.mp4,frame,check_face_blur,FAIL,frame=1196 blur variance=8.6 < 90,1196
004,face_rgb,004_face_rgb.mp4,frame,check_brightness,PASS,frame=1196 brightness normal; 35 <= 153 <=200,1196
004,face_rgb,004_face_rgb.mp4,frame,check_face_detected,PASS,frame=1198 face detected,1198
004,face_rgb,004_face_rgb.mp4,frame,check_head_fully,PASS,frame=1198 Head is fully visible,1198
004,face_rgb,004_face_rgb.mp4,frame,check_face_size,PASS,frame=1198 face=633x738 >= 180x180,1198
004,face_rgb,004_face_rgb.mp4,frame,check_eyes_open,PASS,"frame=1198 eyes open (L=0.38, R=0.38 > 0.25)",1198
004,face_rgb,004_face_rgb.mp4,frame,check_face_blur,FAIL,frame=1198 blur variance=8.0 < 90,1198
004,face_rgb,004_face_rgb.mp4,frame,check_brightness,PASS,frame=1198 brightness normal; 35 <= 154 <=200,1198
004,face_rgb,004_face_rgb.mp4,frame,check_face_detected,PASS,frame=1200 face detected,1200
004,face_rgb,004_face_rgb.mp4,frame,check_head_fully,PASS,frame=1200 Head is fully visible,1200
004,face_rgb,004_face_rgb.mp4,frame,check_face_size,PASS,frame=1200 face=633x741 >= 180x180,1200
004,face_rgb,004_face_rgb.mp4,frame,check_eyes_open,PASS,"frame=1200 eyes open (L=0.36, R=0.38 > 0.25)",1200
004,face_rgb,004_face_rgb.mp4,frame,check_face_blur,FAIL,frame=1200 blur variance=8.2 < 90,1200
004,face_rgb,004_face_rgb.mp4,frame,check_brightness,PASS,frame=1200 brightness normal; 35 <= 154 <=200,1200
004,face_rgb,004_face_rgb.mp4,frame,check_face_detected,PASS,frame=1202 face detected,1202
004,face_rgb,004_face_rgb.mp4,frame,check_head_fully,PASS,frame=1202 Head is fully visible,1202
004,face_rgb,004_face_rgb.mp4,frame,check_face_size,PASS,frame=1202 face=631x741 >= 180x180,1202
004,face_rgb,004_face_rgb.mp4,frame,check_eyes_open,PASS,"frame=1202 eyes open (L=0.37, R=0.38 > 0.25)",1202
004,face_rgb,004_face_rgb.mp4,frame,check_face_blur,FAIL,frame=1202 blur variance=7.7 < 90,1202
004,face_rgb,004_face_rgb.mp4,frame,check_brightness,PASS,frame=1202 brightness normal; 35 <= 154 <=200,1202
004,face_rgb,004_face_rgb.mp4,frame,check_face_detected,PASS,frame=1204 face detected,1204
004,face_rgb,004_face_rgb.mp4,frame,check_head_fully,PASS,frame=1204 Head is fully visible,1204
004,face_rgb,004_face_rgb.mp4,frame,check_face_size,PASS,frame=1204 face=641x750 >= 180x180,1204
004,face_rgb,004_face_rgb.mp4,frame,check_eyes_open,PASS,"frame=1204 eyes open (L=0.37, R=0.37 > 0.25)",1204
004,face_rgb,004_face_rgb.mp4,frame,check_face_blur,FAIL,frame=1204 blur variance=7.7 < 90,1204
004,face_rgb,004_face_rgb.mp4,frame,check_brightness,PASS,frame=1204 brightness normal; 35 <= 154 <=200,1204
004,face_rgb,004_face_rgb.mp4,frame,check_face_detected,PASS,frame=1206 face detected,1206
004,face_rgb,004_face_rgb.mp4,frame,check_head_fully,PASS,frame=1206 Head is fully visible,1206
004,face_rgb,004_face_rgb.mp4,frame,check_face_size,PASS,frame=1206 face=648x762 >= 180x180,1206
004,face_rgb,004_face_rgb.mp4,frame,check_eyes_open,PASS,"frame=1206 eyes open (L=0.37, R=0.37 > 0.25)",1206
004,face_rgb,004_face_rgb.mp4,frame,check_face_blur,FAIL,frame=1206 blur variance=7.2 < 90,1206
004,face_rgb,004_face_rgb.mp4,frame,check_brightness,PASS,frame=1206 brightness normal; 35 <= 154 <=200,1206
004,face_rgb,004_face_rgb.mp4,frame,check_face_detected,PASS,frame=1208 face detected,1208
004,face_rgb,004_face_rgb.mp4,frame,check_head_fully,PASS,frame=1208 Head is fully visible,1208
004,face_rgb,004_face_rgb.mp4,frame,check_face_size,PASS,frame=1208 face=645x763 >= 180x180,1208
004,face_rgb,004_face_rgb.mp4,frame,check_eyes_open,PASS,"frame=1208 eyes open (L=0.37, R=0.37 > 0.25)",1208
004,face_rgb,004_face_rgb.mp4,frame,check_face_blur,FAIL,frame=1208 blur variance=7.8 < 90,1208
004,face_rgb,004_face_rgb.mp4,frame,check_brightness,PASS,frame=1208 brightness normal; 35 <= 155 <=200,1208
004,face_rgb,004_face_rgb.mp4,frame,check_face_detected,PASS,frame=1210 face detected,1210
004,face_rgb,004_face_rgb.mp4,frame,check_head_fully,PASS,frame=1210 Head is fully visible,1210
004,face_rgb,004_face_rgb.mp4,frame,check_face_size,PASS,frame=1210 face=651x762 >= 180x180,1210
004,face_rgb,004_face_rgb.mp4,frame,check_eyes_open,PASS,"frame=1210 eyes open (L=0.37, R=0.37 > 0.25)",1210
004,face_rgb,004_face_rgb.mp4,frame,check_face_blur,FAIL,frame=1210 blur variance=7.2 < 90,1210
004,face_rgb,004_face_rgb.mp4,frame,check_brightness,PASS,frame=1210 brightness normal; 35 <= 155 <=200,1210
004,face_rgb,004_face_rgb.mp4,frame,check_face_detected,PASS,frame=1212 face detected,1212
004,face_rgb,004_face_rgb.mp4,frame,check_head_fully,PASS,frame=1212 Head is fully visible,1212
004,face_rgb,004_face_rgb.mp4,frame,check_face_size,PASS,frame=1212 face=660x770 >= 180x180,1212
004,face_rgb,004_face_rgb.mp4,frame,check_eyes_open,PASS,"frame=1212 eyes open (L=0.37, R=0.38 > 0.25)",1212
004,face_rgb,004_face_rgb.mp4,frame,check_face_blur,FAIL,frame=1212 blur variance=7.5 < 90,1212
004,face_rgb,004_face_rgb.mp4,frame,check_brightness,PASS,frame=1212 brightness normal; 35 <= 156 <=200,1212
004,face_rgb,004_face_rgb.mp4,frame,check_face_detected,PASS,frame=1214 face detected,1214
004,face_rgb,004_face_rgb.mp4,frame,check_head_fully,PASS,frame=1214 Head is fully visible,1214
004,face_rgb,004_face_rgb.mp4,frame,check_face_size,PASS,frame=1214 face=665x773 >= 180x180,1214
004,face_rgb,004_face_rgb.mp4,frame,check_eyes_open,PASS,"frame=1214 eyes open (L=0.36, R=0.37 > 0.25)",1214
004,face_rgb,004_face_rgb.mp4,frame,check_face_blur,FAIL,frame=1214 blur variance=7.1 < 90,1214
004,face_rgb,004_face_rgb.mp4,frame,check_brightness,PASS,frame=1214 brightness normal; 35 <= 156 <=200,1214
004,face_rgb,004_face_rgb.mp4,frame,check_face_detected,PASS,frame=1216 face detected,1216
004,face_rgb,004_face_rgb.mp4,frame,check_head_fully,PASS,frame=1216 Head is fully visible,1216
004,face_rgb,004_face_rgb.mp4,frame,check_face_size,PASS,frame=1216 face=674x782 >= 180x180,1216
004,face_rgb,004_face_rgb.mp4,frame,check_eyes_open,PASS,"frame=1216 eyes open (L=0.37, R=0.38 > 0.25)",1216
004,face_rgb,004_face_rgb.mp4,frame,check_face_blur,FAIL,frame=1216 blur variance=7.5 < 90,1216
004,face_rgb,004_face_rgb.mp4,frame,check_brightness,PASS,frame=1216 brightness normal; 35 <= 156 <=200,1216
004,face_rgb,004_face_rgb.mp4,frame,check_face_detected,PASS,frame=1218 face detected,1218
004,face_rgb,004_face_rgb.mp4,frame,check_head_fully,PASS,frame=1218 Head is fully visible,1218
004,face_rgb,004_face_rgb.mp4,frame,check_face_size,PASS,frame=1218 face=673x772 >= 180x180,1218
004,face_rgb,004_face_rgb.mp4,frame,check_eyes_open,PASS,"frame=1218 eyes open (L=0.38, R=0.38 > 0.25)",1218
004,face_rgb,004_face_rgb.mp4,frame,check_face_blur,FAIL,frame=1218 blur variance=7.3 < 90,1218
004,face_rgb,004_face_rgb.mp4,frame,check_brightness,PASS,frame=1218 brightness normal; 35 <= 157 <=200,1218
004,face_rgb,004_face_rgb.mp4,frame,check_face_detected,PASS,frame=1222 face detected,1222
004,face_rgb,004_face_rgb.mp4,frame,check_head_fully,PASS,frame=1222 Head is fully visible,1222
004,face_rgb,004_face_rgb.mp4,frame,check_face_size,PASS,frame=1222 face=711x835 >= 180x180,1222
004,face_rgb,004_face_rgb.mp4,frame,check_eyes_open,PASS,"frame=1222 eyes open (L=0.37, R=0.38 > 0.25)",1222
004,face_rgb,004_face_rgb.mp4,frame,check_face_blur,FAIL,frame=1222 blur variance=7.2 < 90,1222
004,face_rgb,004_face_rgb.mp4,frame,check_brightness,PASS,frame=1222 brightness normal; 35 <= 159 <=200,1222
004,face_rgb,004_face_rgb.mp4,frame,check_face_detected,PASS,frame=1224 face detected,1224
004,face_rgb,004_face_rgb.mp4,frame,check_head_fully,PASS,frame=1224 Head is fully visible,1224
004,face_rgb,004_face_rgb.mp4,frame,check_face_size,PASS,frame=1224 face=734x866 >= 180x180,1224
004,face_rgb,004_face_rgb.mp4,frame,check_eyes_open,PASS,"frame=1224 eyes open (L=0.37, R=0.38 > 0.25)",1224
004,face_rgb,004_face_rgb.mp4,frame,check_face_blur,FAIL,frame=1224 blur variance=7.0 < 90,1224
004,face_rgb,004_face_rgb.mp4,frame,check_brightness,PASS,frame=1224 brightness normal; 35 <= 159 <=200,1224
004,face_rgb,004_face_rgb.mp4,frame,check_face_detected,PASS,frame=1226 face detected,1226
004,face_rgb,004_face_rgb.mp4,frame,check_head_fully,PASS,frame=1226 Head is fully visible,1226
004,face_rgb,004_face_rgb.mp4,frame,check_face_size,PASS,frame=1226 face=764x905 >= 180x180,1226
004,face_rgb,004_face_rgb.mp4,frame,check_eyes_open,PASS,"frame=1226 eyes open (L=0.37, R=0.38 > 0.25)",1226
004,face_rgb,004_face_rgb.mp4,frame,check_face_blur,FAIL,frame=1226 blur variance=6.0 < 90,1226
004,face_rgb,004_face_rgb.mp4,frame,check_brightness,PASS,frame=1226 brightness normal; 35 <= 159 <=200,1226
004,face_rgb,004_face_rgb.mp4,frame,check_face_detected,PASS,frame=1228 face detected,1228
004,face_rgb,004_face_rgb.mp4,frame,check_head_fully,PASS,frame=1228 Head is fully visible,1228
004,face_rgb,004_face_rgb.mp4,frame,check_face_size,PASS,frame=1228 face=799x939 >= 180x180,1228
004,face_rgb,004_face_rgb.mp4,frame,check_eyes_open,PASS,"frame=1228 eyes open (L=0.37, R=0.38 > 0.25)",1228
004,face_rgb,004_face_rgb.mp4,frame,check_face_blur,FAIL,frame=1228 blur variance=5.7 < 90,1228
004,face_rgb,004_face_rgb.mp4,frame,check_brightness,PASS,frame=1228 brightness normal; 35 <= 161 <=200,1228
004,face_rgb,004_face_rgb.mp4,frame,check_face_detected,PASS,frame=1230 face detected,1230
004,face_rgb,004_face_rgb.mp4,frame,check_head_fully,PASS,frame=1230 Head is fully visible,1230
004,face_rgb,004_face_rgb.mp4,frame,check_face_size,PASS,frame=1230 face=830x951 >= 180x180,1230
004,face_rgb,004_face_rgb.mp4,frame,check_eyes_open,PASS,"frame=1230 eyes open (L=0.37, R=0.39 > 0.25)",1230
004,face_rgb,004_face_rgb.mp4,frame,check_face_blur,FAIL,frame=1230 blur variance=5.1 < 90,1230
004,face_rgb,004_face_rgb.mp4,frame,check_brightness,PASS,frame=1230 brightness normal; 35 <= 163 <=200,1230
004,face_rgb,004_face_rgb.mp4,frame,check_face_detected,PASS,frame=1232 face detected,1232
004,face_rgb,004_face_rgb.mp4,frame,check_head_fully,PASS,frame=1232 Head is fully visible,1232
004,face_rgb,004_face_rgb.mp4,frame,check_face_size,PASS,frame=1232 face=901x1057 >= 180x180,1232
004,face_rgb,004_face_rgb.mp4,frame,check_eyes_open,PASS,"frame=1232 eyes open (L=0.37, R=0.38 > 0.25)",1232
004,face_rgb,004_face_rgb.mp4,frame,check_face_blur,FAIL,frame=1232 blur variance=4.4 < 90,1232
004,face_rgb,004_face_rgb.mp4,frame,check_brightness,PASS,frame=1232 brightness normal; 35 <= 163 <=200,1232
004,face_rgb,004_face_rgb.mp4,frame,check_face_detected,PASS,frame=1234 face detected,1234
004,face_rgb,004_face_rgb.mp4,frame,check_head_fully,PASS,frame=1234 Head is fully visible,1234
004,face_rgb,004_face_rgb.mp4,frame,check_face_size,PASS,frame=1234 face=966x1170 >= 180x180,1234
004,face_rgb,004_face_rgb.mp4,frame,check_eyes_open,PASS,"frame=1234 eyes open (L=0.36, R=0.38 > 0.25)",1234
004,face_rgb,004_face_rgb.mp4,frame,check_face_blur,FAIL,frame=1234 blur variance=3.9 < 90,1234
004,face_rgb,004_face_rgb.mp4,frame,check_brightness,PASS,frame=1234 brightness normal; 35 <= 166 <=200,1234
004,face_rgb,004_face_rgb.mp4,frame,check_face_detected,PASS,frame=1236 face detected,1236
004,face_rgb,004_face_rgb.mp4,frame,check_head_fully,PASS,frame=1236 Head is fully visible,1236
004,face_rgb,004_face_rgb.mp4,frame,check_face_size,PASS,frame=1236 face=1047x1267 >= 180x180,1236
004,face_rgb,004_face_rgb.mp4,frame,check_eyes_open,PASS,"frame=1236 eyes open (L=0.36, R=0.38 > 0.25)",1236
004,face_rgb,004_face_rgb.mp4,frame,check_face_blur,FAIL,frame=1236 blur variance=3.6 < 90,1236
004,face_rgb,004_face_rgb.mp4,frame,check_brightness,PASS,frame=1236 brightness normal; 35 <= 165 <=200,1236
004,face_rgb,004_face_rgb.mp4,frame,check_face_detected,PASS,frame=1238 face detected,1238
004,face_rgb,004_face_rgb.mp4,frame,check_head_fully,PASS,frame=1238 Head is fully visible,1238
004,face_rgb,004_face_rgb.mp4,frame,check_face_size,PASS,frame=1238 face=1137x1349 >= 180x180,1238
004,face_rgb,004_face_rgb.mp4,frame,check_eyes_open,PASS,"frame=1238 eyes open (L=0.36, R=0.38 > 0.25)",1238
004,face_rgb,004_face_rgb.mp4,frame,check_face_blur,FAIL,frame=1238 blur variance=3.4 < 90,1238
004,face_rgb,004_face_rgb.mp4,frame,check_brightness,PASS,frame=1238 brightness normal; 35 <= 165 <=200,1238
004,face_rgb,004_face_rgb.mp4,frame,check_face_detected,PASS,frame=1240 face detected,1240
004,face_rgb,004_face_rgb.mp4,frame,check_head_fully,PASS,frame=1240 Head is fully visible,1240
004,face_rgb,004_face_rgb.mp4,frame,check_face_size,PASS,frame=1240 face=1230x1436 >= 180x180,1240
004,face_rgb,004_face_rgb.mp4,frame,check_eyes_open,PASS,"frame=1240 eyes open (L=0.36, R=0.39 > 0.25)",1240
004,face_rgb,004_face_rgb.mp4,frame,check_face_blur,FAIL,frame=1240 blur variance=3.3 < 90,1240
004,face_rgb,004_face_rgb.mp4,frame,check_brightness,PASS,frame=1240 brightness normal; 35 <= 166 <=200,1240
004,face_rgb,004_face_rgb.mp4,frame,check_face_detected,PASS,frame=1242 face detected,1242
004,face_rgb,004_face_rgb.mp4,frame,check_head_fully,PASS,frame=1242 Head is fully visible,1242
004,face_rgb,004_face_rgb.mp4,frame,check_face_size,PASS,frame=1242 face=1324x1517 >= 180x180,1242
004,face_rgb,004_face_rgb.mp4,frame,check_eyes_open,PASS,"frame=1242 eyes open (L=0.36, R=0.39 > 0.25)",1242
004,face_rgb,004_face_rgb.mp4,frame,check_face_blur,FAIL,frame=1242 blur variance=3.2 < 90,1242
004,face_rgb,004_face_rgb.mp4,frame,check_brightness,PASS,frame=1242 brightness normal; 35 <= 166 <=200,1242
004,face_rgb,004_face_rgb.mp4,frame,check_face_detected,PASS,frame=1244 face detected,1244
004,face_rgb,004_face_rgb.mp4,frame,check_head_fully,PASS,frame=1244 Head is fully visible,1244
004,face_rgb,004_face_rgb.mp4,frame,check_face_size,PASS,frame=1244 face=1386x1638 >= 180x180,1244
004,face_rgb,004_face_rgb.mp4,frame,check_eyes_open,PASS,"frame=1244 eyes open (L=0.36, R=0.39 > 0.25)",1244
004,face_rgb,004_face_rgb.mp4,frame,check_face_blur,FAIL,frame=1244 blur variance=3.0 < 90,1244
004,face_rgb,004_face_rgb.mp4,frame,check_brightness,PASS,frame=1244 brightness normal; 35 <= 166 <=200,1244
004,face_rgb,004_face_rgb.mp4,frame,check_face_detected,PASS,frame=1246 face detected,1246
004,face_rgb,004_face_rgb.mp4,frame,check_head_fully,PASS,frame=1246 Head is fully visible,1246
004,face_rgb,004_face_rgb.mp4,frame,check_face_size,PASS,frame=1246 face=1457x1731 >= 180x180,1246
004,face_rgb,004_face_rgb.mp4,frame,check_eyes_open,PASS,"frame=1246 eyes open (L=0.36, R=0.38 > 0.25)",1246
004,face_rgb,004_face_rgb.mp4,frame,check_face_blur,FAIL,frame=1246 blur variance=2.8 < 90,1246
004,face_rgb,004_face_rgb.mp4,frame,check_brightness,PASS,frame=1246 brightness normal; 35 <= 164 <=200,1246
004,face_rgb,004_face_rgb.mp4,frame,check_face_detected,PASS,frame=1250 face detected,1250
004,face_rgb,004_face_rgb.mp4,frame,check_head_fully,PASS,frame=1250 Head is fully visible,1250
004,face_rgb,004_face_rgb.mp4,frame,check_face_size,SKIP,frame=1250 non-frontal (label=mid); not judged,1250
004,face_rgb,004_face_rgb.mp4,frame,check_eyes_open,SKIP,frame=1250 non-frontal (label=mid); not judged,1250
004,face_rgb,004_face_rgb.mp4,frame,check_face_blur,SKIP,frame=1250 non-frontal (label=mid); not judged,1250
004,face_rgb,004_face_rgb.mp4,frame,check_brightness,SKIP,frame=1250 non-frontal (label=mid); not judged,1250
004,face_rgb,004_face_rgb.mp4,frame,check_face_detected,PASS,frame=1252 face detected,1252
004,face_rgb,004_face_rgb.mp4,frame,check_head_fully,PASS,frame=1252 Head is fully visible,1252
004,face_rgb,004_face_rgb.mp4,frame,check_face_size,SKIP,frame=1252 non-frontal (label=mid); not judged,1252
004,face_rgb,004_face_rgb.mp4,frame,check_eyes_open,SKIP,frame=1252 non-frontal (label=mid); not judged,1252
004,face_rgb,004_face_rgb.mp4,frame,check_face_blur,SKIP,frame=1252 non-frontal (label=mid); not judged,1252
004,face_rgb,004_face_rgb.mp4,frame,check_brightness,SKIP,frame=1252 non-frontal (label=mid); not judged,1252
004,face_rgb,004_face_rgb.mp4,frame,check_face_detected,PASS,frame=1254 face detected,1254
004,face_rgb,004_face_rgb.mp4,frame,check_head_fully,FAIL,frame=1254 Chin might be cut,1254
004,face_rgb,004_face_rgb.mp4,frame,check_face_size,SKIP,frame=1254 non-frontal (label=mid); not judged,1254
004,face_rgb,004_face_rgb.mp4,frame,check_eyes_open,SKIP,frame=1254 non-frontal (label=mid); not judged,1254
004,face_rgb,004_face_rgb.mp4,frame,check_face_blur,SKIP,frame=1254 non-frontal (label=mid); not judged,1254
004,face_rgb,004_face_rgb.mp4,frame,check_brightness,SKIP,frame=1254 non-frontal (label=mid); not judged,1254
004,face_rgb,004_face_rgb.mp4,frame,check_face_detected,PASS,frame=1256 face detected,1256
004,face_rgb,004_face_rgb.mp4,frame,check_head_fully,FAIL,frame=1256 Chin might be cut,1256
004,face_rgb,004_face_rgb.mp4,frame,check_face_size,PASS,frame=1256 face=1622x1984 >= 180x180,1256
004,face_rgb,004_face_rgb.mp4,frame,check_eyes_open,PASS,"frame=1256 eyes open (L=0.41, R=0.39 > 0.25)",1256
004,face_rgb,004_face_rgb.mp4,frame,check_face_blur,FAIL,frame=1256 blur variance=1.4 < 90,1256
004,face_rgb,004_face_rgb.mp4,frame,check_brightness,PASS,frame=1256 brightness normal; 35 <= 165 <=200,1256
004,face_rgb,004_face_rgb.mp4,frame,check_face_detected,FAIL,frame=1258 No faces detected; unexpected gap (no adjacent turn evidence),1258
004,face_rgb,004_face_rgb.mp4,frame,check_face_detected,FAIL,frame=1260 No faces detected; unexpected gap (no adjacent turn evidence),1260
004,face_rgb,004_face_rgb.mp4,frame,check_face_detected,FAIL,frame=1262 No faces detected; unexpected gap (no adjacent turn evidence),1262
004,face_rgb,004_face_rgb.mp4,frame,check_face_detected,FAIL,frame=1264 No faces detected; unexpected gap (no adjacent turn evidence),1264
004,face_rgb,004_face_rgb.mp4,frame,check_face_detected,FAIL,frame=1266 No faces detected; unexpected gap (no adjacent turn evidence),1266
004,face_rgb,004_face_rgb.mp4,frame,check_face_detected,FAIL,frame=1268 No faces detected; unexpected gap (no adjacent turn evidence),1268
004,face_rgb,004_face_rgb.mp4,frame,check_face_detected,FAIL,frame=1270 No faces detected; unexpected gap (no adjacent turn evidence),1270
004,face_rgb,004_face_rgb.mp4,frame,check_face_detected,FAIL,frame=1272 No faces detected; unexpected gap (no adjacent turn evidence),1272
004,face_rgb,004_face_rgb.mp4,frame,check_face_detected,FAIL,frame=1274 No faces detected; unexpected gap (no adjacent turn evidence),1274
004,face_rgb,004_face_rgb.mp4,frame,check_face_detected,FAIL,frame=1278 No faces detected; unexpected gap (no adjacent turn evidence),1278
004,face_rgb,004_face_rgb.mp4,frame,check_face_detected,FAIL,frame=1280 No faces detected; unexpected gap (no adjacent turn evidence),1280
004,face_rgb,004_face_rgb.mp4,frame,check_face_detected,FAIL,frame=1282 No faces detected; unexpected gap (no adjacent turn evidence),1282
004,face_rgb,004_face_rgb.mp4,frame,check_face_detected,FAIL,frame=1284 No faces detected; unexpected gap (no adjacent turn evidence),1284
004,face_rgb,004_face_rgb.mp4,frame,check_face_detected,FAIL,frame=1286 No faces detected; unexpected gap (no adjacent turn evidence),1286
004,face_rgb,004_face_rgb.mp4,frame,check_face_detected,FAIL,frame=1288 No faces detected; unexpected gap (no adjacent turn evidence),1288
004,face_rgb,004_face_rgb.mp4,frame,check_face_detected,FAIL,frame=1289 No faces detected; unexpected gap (no adjacent turn evidence),1289
004,face_rgb,004_face_rgb.mp4,video,frames_sampled,PASS,sampled 600 frames,
004,face_rgb,004_face_rgb.mp4,sequence,check_turn_sequence_structure,PASS,observed: front -> left -> front -> right -> front -> up -> front -> down -> front (matches 'audio_prompt'),
004,face_rgb,004_face_rgb.mp4,sequence,check_turn_sequence_front_hold,FAIL,front held 1 frame(s) < 30 (too short),
004,face_rgb,004_face_rgb.mp4,sequence,check_turn_sequence_left,PASS,left: present as a segment,
004,face_rgb,004_face_rgb.mp4,sequence,check_turn_sequence_right,PASS,right: present as a segment,
004,face_rgb,004_face_rgb.mp4,sequence,check_turn_sequence_down,PASS,down: present as a segment,
004,face_rgb,004_face_rgb.mp4,sequence,check_turn_sequence_up,PASS,up: present as a segment,
004,face_rgb,004_face_rgb.mp4,sequence,check_turn_sequence,FAIL,"structure ok; present=['left', 'right', 'down', 'up']; missing=none; short_holds=1; unconfirmed_gap=True",
